<?xml version="1.0" encoding="UTF-8"?>
<clinical_study rank="1230">
  <!-- This xml conforms to an XML Schema at:
    https://clinicaltrials.gov/ct2/html/images/info/public.xsd -->
  <required_header>
    <download_date>ClinicalTrials.gov processed this data on April 14, 2021</download_date>
    <link_text>Link to the current ClinicalTrials.gov record.</link_text>
    <url>https://clinicaltrials.gov/show/NCT04331106</url>
  </required_header>
  <id_info>
    <org_study_id>EA1/071/20</org_study_id>
    <nct_id>NCT04331106</nct_id>
  </id_info>
  <brief_title>Survey of the Anxiety Associated With the COVID-19 Pandemic</brief_title>
  <acronym>CORA</acronym>
  <official_title>Online-based Survey of the Anxiety Associated With the COVID-19 Pandemic in the General Population in Germany</official_title>
  <sponsors>
    <lead_sponsor>
      <agency>Charite University, Berlin, Germany</agency>
      <agency_class>Other</agency_class>
    </lead_sponsor>
  </sponsors>
  <source>Charite University, Berlin, Germany</source>
  <oversight_info>
    <has_dmc>No</has_dmc>
    <is_fda_regulated_drug>No</is_fda_regulated_drug>
    <is_fda_regulated_device>No</is_fda_regulated_device>
  </oversight_info>
  <brief_summary>
    <textblock>
      The study aims to systematically examine various aspects of the anxiety associated with the&#xD;
      COVID-19 pandemic in Germany. The data collection is carried out online with longitudinal&#xD;
      repeated measurements.&#xD;
    </textblock>
  </brief_summary>
  <detailed_description>
    <textblock>
      The COVID-19 pandemic is currently one of the greatest challenges for numerous countries -&#xD;
      also for Germany. In addition to its somatic and economic consequences, the psychological&#xD;
      dimension of the Coronavirus pandemic is discussed increasingly and is visible in public life&#xD;
      - e.g. in the &quot;pandemic-caused experience of threat&quot;, &quot;loss of control&quot; and &quot;panic&quot; of&#xD;
      multiple people. The study examines the phenomenon of this &quot;corona-related anxiety&quot; in terms&#xD;
      of epidemiological, clinical and psychosocial characteristics. It is investigated how &quot;corona&#xD;
      anxiety&quot; affects people who already have an anxiety disorder or other mental illnesses as&#xD;
      well as formerly mentally healthy people. It is also examined how media reporting and&#xD;
      personal consequences of COVID-19 are connected with corona-related anxiety and if there is a&#xD;
      need for therapeutic support regarding corona-related anxiety.&#xD;
&#xD;
      To answer these questions a longitudinal online survey targeting the general population in&#xD;
      Germany is carried out. The survey takes place all three weeks as long as the pandemic lasts&#xD;
      and ends with one follow-up one year later.&#xD;
    </textblock>
  </detailed_description>
  <overall_status>Recruiting</overall_status>
  <start_date type="Actual">March 27, 2020</start_date>
  <completion_date type="Anticipated">April 2022</completion_date>
  <primary_completion_date type="Anticipated">April 2022</primary_completion_date>
  <study_type>Observational</study_type>
  <has_expanded_access>No</has_expanded_access>
  <study_design_info>
    <observational_model>Cohort</observational_model>
    <time_perspective>Prospective</time_perspective>
  </study_design_info>
  <primary_outcome>
    <measure>Characteristics of COVID-19-related anxiety</measure>
    <time_frame>1 day</time_frame>
    <description>To investigate specific fears regarding the COVID-19 pandemic 9 self created items are used. Values ranging from 1 to 6, higher scores indicate a worse outcome.</description>
  </primary_outcome>
  <primary_outcome>
    <measure>COVID-19-related anxiety symptoms</measure>
    <time_frame>1 day</time_frame>
    <description>Modified German version of the DSM-5 Severity-Measure-For-Specific-Phobia-Adult-Scale by Beesdo-Baum et al. (2014). 10 items, values ranging from 1 to 5, higher scores indicate a worse outcome. The Scale was adapted to anxiety symptoms related to COVID-19.</description>
  </primary_outcome>
  <secondary_outcome>
    <measure>Self-efficacy and coping with COVID-19</measure>
    <time_frame>baseline (1 day) + after 3 weeks + after 6 weeks + after 9 weeks + after 6 months + after 7 months + after 9 months + after 12 months</time_frame>
    <description>Self-efficacy and coping with the COVID-19 pandemic are measured with 13 self created items. Values ranging from 1 to 6; higher scores indicate a better outcome (except inverted items).</description>
  </secondary_outcome>
  <secondary_outcome>
    <measure>Consequences of COVID-19 in the last three weeks.</measure>
    <time_frame>baseline (1 day) + after 3 weeks + after 6 weeks + after 9 weeks + after 6 months + after 7 months + after 9 months + after 12 months</time_frame>
    <description>Personal consequences of the COVID-19 pandemic in the last three weeks are collected with five self-created items.</description>
  </secondary_outcome>
  <secondary_outcome>
    <measure>General Illness Attitude</measure>
    <time_frame>baseline (1 day) + after 3 weeks + after 6 weeks + after 9 weeks + after 6 months + after 7 months + after 9 months + after 12 months</time_frame>
    <description>General illness attitudes are measured with 3 subscales (Worry about illness; Thanatophobia; Bodily preoccupations) of the German version of the Illness Attitude Scales (IAS) by Hiller &amp; Rief (2004). 9 Items; values ranging from 1 to 5, higher scores indicate a worse outcome.</description>
  </secondary_outcome>
  <secondary_outcome>
    <measure>Media reporting</measure>
    <time_frame>baseline (1 day) + after 3 weeks + after 6 weeks + after 9 weeks + after 6 months + after 7 months + after 9 months + after 12 months</time_frame>
    <description>Frequency, effects and formats of consumed media related to COVID-19 are measured with 5 self created items.</description>
  </secondary_outcome>
  <secondary_outcome>
    <measure>Ultra-brief screening scale for anxiety and depression</measure>
    <time_frame>baseline (1 day) + after 3 weeks + after 6 weeks + after 9 weeks + after 6 months + after 7 months + after 9 months + after 12 months</time_frame>
    <description>To screen for general anxiety and depressive symptoms the German version of the Patient Health Questionnaire-4 (PHQ-4) by Löwe (2015) is used. 4 items; values ranging from 0 to 3, higher scores indicate a worse outcome.</description>
  </secondary_outcome>
  <secondary_outcome>
    <measure>Change in characteristics of COVID-19-related anxiety</measure>
    <time_frame>baseline (1 day) + after 3 weeks + after 6 weeks + after 9 weeks + after 6 months + after 7 months + after 9 months + after 12 months</time_frame>
    <description>To investigate specific fears regarding the COVID-19 pandemic 9 self created items are used. Values ranging from 1 to 6, higher scores indicate a worse outcome.</description>
  </secondary_outcome>
  <secondary_outcome>
    <measure>Change in COVID-19-related anxiety symptoms</measure>
    <time_frame>baseline (1 day) + after 3 weeks + after 6 weeks + after 9 weeks + after 6 months + after 7 months + after 9 months + after 12 months</time_frame>
    <description>Modified German version of the DSM-5 Severity-Measure-For-Specific-Phobia-Adult-Scale by Beesdo-Baum et al. (2014). 10 items, values ranging from 1 to 5, higher scores indicate a worse outcome. The Scale was adapted to anxiety symptoms related to COVID-19.</description>
  </secondary_outcome>
  <number_of_groups>1</number_of_groups>
  <enrollment type="Anticipated">7500</enrollment>
  <condition>Anxiety Related to the COVID-19 Pandemic</condition>
  <arm_group>
    <arm_group_label>Population in Germany</arm_group_label>
    <description>Reasonably large and representative sample of the general population in Germany</description>
  </arm_group>
  <intervention>
    <intervention_type>Diagnostic Test</intervention_type>
    <intervention_name>Online Questionnaire</intervention_name>
    <description>Online Questionnaire via SoSci Survey</description>
    <arm_group_label>Population in Germany</arm_group_label>
  </intervention>
  <eligibility>
    <study_pop>
      <textblock>
        General population in Germany&#xD;
      </textblock>
    </study_pop>
    <sampling_method>Probability Sample</sampling_method>
    <criteria>
      <textblock>
        Inclusion Criteria:&#xD;
&#xD;
          -  informed consent was given&#xD;
&#xD;
          -  age ≥ 18&#xD;
&#xD;
          -  able to complete the questionnaire in German&#xD;
&#xD;
          -  country of residence: Germany&#xD;
&#xD;
        Exclusion Criteria:&#xD;
&#xD;
          -  if at least one of the inclusion criteria is not met&#xD;
      </textblock>
    </criteria>
    <gender>All</gender>
    <minimum_age>18 Years</minimum_age>
    <maximum_age>N/A</maximum_age>
    <healthy_volunteers>Accepts Healthy Volunteers</healthy_volunteers>
  </eligibility>
  <overall_official>
    <last_name>Andreas Ströhle, Prof.Dr.</last_name>
    <role>Study Director</role>
    <affiliation>Charité-Universitätsmedizin Berlin - Department of Psychiatry and Psychotherapy</affiliation>
  </overall_official>
  <overall_official>
    <last_name>Antonia Bendau, M.Sc.Psych.</last_name>
    <role>Principal Investigator</role>
    <affiliation>Charité-Universitätsmedizin Berlin - Department of Psychiatry and Psychotherapy</affiliation>
  </overall_official>
  <overall_contact>
    <last_name>Antonia Bendau, M.Sc.Psych.</last_name>
    <phone>+4930450517274</phone>
    <email>antonia.bendau@charite.de</email>
  </overall_contact>
  <overall_contact_backup>
    <last_name>Andreas Ströhle, Prof.Dr.</last_name>
    <phone>+4930450517217</phone>
    <email>andreas.stroehle@charite.de</email>
  </overall_contact_backup>
  <location>
    <facility>
      <name>Charité-Universitätsmedizin Berlin - Department of Psychiatry and Psychotherapy</name>
      <address>
        <city>Berlin</city>
        <zip>10117</zip>
        <country>Germany</country>
      </address>
    </facility>
    <status>Recruiting</status>
    <contact>
      <phone>+49 30 450 517 285</phone>
      <email>corona-angst@charite.de</email>
    </contact>
  </location>
  <location_countries>
    <country>Germany</country>
  </location_countries>
  <verification_date>January 2021</verification_date>
  <study_first_submitted>March 27, 2020</study_first_submitted>
  <study_first_submitted_qc>March 30, 2020</study_first_submitted_qc>
  <study_first_posted type="Actual">April 2, 2020</study_first_posted>
  <last_update_submitted>January 25, 2021</last_update_submitted>
  <last_update_submitted_qc>January 25, 2021</last_update_submitted_qc>
  <last_update_posted type="Actual">January 27, 2021</last_update_posted>
  <responsible_party>
    <responsible_party_type>Principal Investigator</responsible_party_type>
    <investigator_affiliation>Charite University, Berlin, Germany</investigator_affiliation>
    <investigator_full_name>Antonia Bendau</investigator_full_name>
    <investigator_title>Principal Investigator</investigator_title>
  </responsible_party>
  <keyword>Anxiety</keyword>
  <keyword>Pandemic</keyword>
  <keyword>Corona-Virus</keyword>
  <keyword>SARS-CoV-2</keyword>
  <keyword>Corona</keyword>
  <keyword>Covid-19</keyword>
  <keyword>Public Health</keyword>
  <keyword>Mental Health</keyword>
  <keyword>Health</keyword>
  <keyword>Mental Disorders</keyword>
  <condition_browse>
    <!-- CAUTION:  The following MeSH terms are assigned with an imperfect algorithm            -->
    <mesh_term>Anxiety Disorders</mesh_term>
  </condition_browse>
  <patient_data>
    <sharing_ipd>No</sharing_ipd>
  </patient_data>
  <!-- Results have not yet been posted for this study                                          -->
</clinical_study>

