<?xml version="1.0" encoding="UTF-8"?>
<clinical_study rank="4662">
  <!-- This xml conforms to an XML Schema at:
    https://clinicaltrials.gov/ct2/html/images/info/public.xsd -->
  <required_header>
    <download_date>ClinicalTrials.gov processed this data on April 14, 2021</download_date>
    <link_text>Link to the current ClinicalTrials.gov record.</link_text>
    <url>https://clinicaltrials.gov/show/NCT04325893</url>
  </required_header>
  <id_info>
    <org_study_id>49RC20_0071</org_study_id>
    <nct_id>NCT04325893</nct_id>
  </id_info>
  <brief_title>Hydroxychloroquine Versus Placebo in COVID-19 Patients at Risk for Severe Disease</brief_title>
  <acronym>HYCOVID</acronym>
  <official_title>Hydroxychloroquine Versus Placebo in Patients Presenting COVID-19 Infection and at Risk of Secondary Complication: a Prospective, Multicentre, Randomised, Double-blind Study</official_title>
  <sponsors>
    <lead_sponsor>
      <agency>University Hospital, Angers</agency>
      <agency_class>Other</agency_class>
    </lead_sponsor>
  </sponsors>
  <source>University Hospital, Angers</source>
  <oversight_info>
    <is_fda_regulated_drug>No</is_fda_regulated_drug>
    <is_fda_regulated_device>No</is_fda_regulated_device>
  </oversight_info>
  <brief_summary>
    <textblock>
      A new human coronavirus responsible for pneumonia, SARS-CoV-2, emerged in China in December&#xD;
      2019 and has spread rapidly. COVID-19, the disease caused by this virus, has a very&#xD;
      polymorphous clinical presentation, which ranges from upper respiratory tract infections to&#xD;
      acute respiratory distress syndrome. It may appear serious straightaway or may evolve in two&#xD;
      stages, with a worsening 7 to 10 days after the first clinical signs, potentially linked to a&#xD;
      cytokine storm and accompanied by a high risk of thrombosis. The global mortality rate of&#xD;
      COVID-19 is between 3% and 4%, with severe forms being more frequent among older patients.&#xD;
      Management is symptomatic as no antiviral treatment has demonstrated any clinical benefit in&#xD;
      this condition. Hydroxychloroquine is a derivative of chloroquine commonly used in some&#xD;
      autoimmune diseases, such as systemic lupus erythematosus. It is active in vitro in cellular&#xD;
      models of infection by many viruses such as HIV, hepatitis C or SARS-CoV. However, its&#xD;
      interest in viral infections in humans has not been demonstrated.&#xD;
&#xD;
      Very recently, a preliminary uncontrolled study evaluated the effect of hydroxychloroquine on&#xD;
      viral shedding in subjects with COVID-19. Among 20 patients treated with hydroxychloroquine&#xD;
      at a dose of 600 mg per day, the percentage of patients with detectable SARS-CoV-2 RNA in the&#xD;
      nasopharynx decreased from 100% at inclusion (start of treatment) to 43% six days later. In&#xD;
      comparison, 15 of 16 untreated patients had a positive RT-PCR six days after inclusion.&#xD;
      Furthermore, hydroxychloroquine has immunomodulating and anti-inflammatory properties, which&#xD;
      could theoretically prevent or limit secondary worsening.&#xD;
&#xD;
      The research hypothesis is that treatment with hydroxychloroquine improves prognosis and&#xD;
      reduces the risk of death or use for invasive ventilation in patients with COVID-19.&#xD;
    </textblock>
  </brief_summary>
  <overall_status>Terminated</overall_status>
  <why_stopped>
    decrease in number of eligible patients&#xD;
  </why_stopped>
  <start_date type="Actual">April 1, 2020</start_date>
  <completion_date type="Actual">June 18, 2020</completion_date>
  <primary_completion_date type="Actual">June 18, 2020</primary_completion_date>
  <phase>Phase 3</phase>
  <study_type>Interventional</study_type>
  <has_expanded_access>No</has_expanded_access>
  <study_design_info>
    <allocation>Randomized</allocation>
    <intervention_model>Parallel Assignment</intervention_model>
    <primary_purpose>Treatment</primary_purpose>
    <masking>Double (Participant, Investigator)</masking>
  </study_design_info>
  <primary_outcome>
    <measure>Number of death from any cause, or the need for intubation and mechanical ventilation during the 14 days following inclusion and start of treatment.</measure>
    <time_frame>Day 14</time_frame>
  </primary_outcome>
  <secondary_outcome>
    <measure>Number of death from any cause, or the need for intubation and mechanical ventilation during the 28 days following inclusion and start of treatment.</measure>
    <time_frame>Day 28</time_frame>
  </secondary_outcome>
  <secondary_outcome>
    <measure>Clinical evolution on the WHO Ordinal Scale for Clinical Improvement for COVID-19 between day 0 and day 14</measure>
    <time_frame>Day 14</time_frame>
    <description>WHO Ordinal Scale for Clinical Improvement ranges from 0 to 8, higher score meaning poorer outcome</description>
  </secondary_outcome>
  <secondary_outcome>
    <measure>Clinical evolution on the WHO Ordinal Scale for Clinical Improvement for COVID-19 between day 0 and day 28.</measure>
    <time_frame>Day 28</time_frame>
    <description>WHO Ordinal Scale for Clinical Improvement ranges from 0 to 8, higher score meaning poorer outcome</description>
  </secondary_outcome>
  <secondary_outcome>
    <measure>Number of all-cause mortality at day 14</measure>
    <time_frame>Day 14</time_frame>
  </secondary_outcome>
  <secondary_outcome>
    <measure>Number of all-cause mortality at day 28</measure>
    <time_frame>Day 28</time_frame>
  </secondary_outcome>
  <secondary_outcome>
    <measure>Rate of positive SARS-CoV-2 RT-PCR on nasopharyngeal samples at day 5</measure>
    <time_frame>Day 5</time_frame>
  </secondary_outcome>
  <secondary_outcome>
    <measure>Rate of positive SARS-CoV-2 RT-PCR on nasopharyngeal samples at day 10</measure>
    <time_frame>Day 10</time_frame>
  </secondary_outcome>
  <secondary_outcome>
    <measure>The rate of venous thromboembolic events at day 28, documented and confirmed by an adjudication committee.</measure>
    <time_frame>Day 28</time_frame>
  </secondary_outcome>
  <secondary_outcome>
    <measure>Number of all-cause mortality at day 28 in patients aged 75 and older</measure>
    <time_frame>day 28</time_frame>
  </secondary_outcome>
  <secondary_outcome>
    <measure>Clinical evolution on the WHO OSCI scale for COVID-19 between day 0 and day 28 for patients aged 75 or older</measure>
    <time_frame>day 28</time_frame>
  </secondary_outcome>
  <secondary_outcome>
    <measure>Rate of severe adverse events at day 28</measure>
    <time_frame>day 28</time_frame>
  </secondary_outcome>
  <secondary_outcome>
    <measure>Number of all-cause mortality at day 14 in patients aged 75 and older</measure>
    <time_frame>day 14</time_frame>
  </secondary_outcome>
  <number_of_arms>2</number_of_arms>
  <enrollment type="Actual">259</enrollment>
  <condition>Coronavirus</condition>
  <arm_group>
    <arm_group_label>Hydroxychloroquine</arm_group_label>
    <arm_group_type>Active Comparator</arm_group_type>
  </arm_group>
  <arm_group>
    <arm_group_label>Placebo</arm_group_label>
    <arm_group_type>Placebo Comparator</arm_group_type>
  </arm_group>
  <intervention>
    <intervention_type>Drug</intervention_type>
    <intervention_name>Hydroxychloroquine</intervention_name>
    <description>First dose of 400 mg will be taken immediately after inclusion at day 0, the second dose of 400 mg will be taken on the same evening and at least 4 hours after the first dose. The treatment will then be continued for the following eight days at a rate of 200 mg in the morning and evening.</description>
    <arm_group_label>Hydroxychloroquine</arm_group_label>
  </intervention>
  <intervention>
    <intervention_type>Drug</intervention_type>
    <intervention_name>Placebo</intervention_name>
    <description>TFirst dose of 400 mg will be taken immediately after inclusion at day 0, the second dose of 400 mg will be taken on the same evening and at least 4 hours after the first dose. The treatment will then be continued for the following eight days at a rate of 200 mg in the morning and evening.</description>
    <arm_group_label>Placebo</arm_group_label>
  </intervention>
  <eligibility>
    <criteria>
      <textblock>
        Inclusion Criteria:&#xD;
&#xD;
          -  Age ≥ 18 years old&#xD;
&#xD;
          -  Symptomatic infection with COVID-19 confirmed by positive RT-PCR SARS-CoV-2 or,&#xD;
             failing that, by thorax CT-scan suggesting viral pneumopathy of peripheral&#xD;
             predominance in a clinically significant context.&#xD;
&#xD;
          -  Diagnosis in the previous two calendar days or, for an asymptomatic patient at the&#xD;
             time of virological diagnosis, onset of symptoms in the previous two calendar days.&#xD;
&#xD;
          -  Patient having at least one of the following risk factors for developing&#xD;
             complications:&#xD;
&#xD;
               -  Age ≥75 years old&#xD;
&#xD;
               -  Age between 60 and 74 years old and presence of at least one comorbidity among&#xD;
                  the following: obesity (body mass index ≥ 30 kg/m²), arterial hypertension&#xD;
                  requiring treatment, diabetes mellitus requiring treatment&#xD;
&#xD;
               -  Need for supplemental oxygen to reach a peripheral capillary oxygen saturation of&#xD;
                  more than 94% (SpO2 &gt; 94%), or a ratio of partial oxygen pressure to the fraction&#xD;
                  of inspired oxygen less than or equal to 300 mmHg (PaO2/FiO2 ≤ 300 mmHg).&#xD;
&#xD;
          -  Patient affiliated to a social security scheme.&#xD;
&#xD;
          -  Written and signed consent of the patient or a relative or emergency inclusion&#xD;
             procedure.&#xD;
&#xD;
        Exclusion criteria&#xD;
&#xD;
          -  Last RT-PCR negative for SARS-CoV-2&#xD;
&#xD;
          -  Peripheral capillary oxygen saturation less than or equal to 94% (SpO2 ≤ 94%) despite&#xD;
             oxygen therapy greater than or equal to 3 L/min (&gt; 3 L/min)&#xD;
&#xD;
          -  Organ failure requiring admission to a critical or intensive care unit.&#xD;
&#xD;
          -  Comorbidity that is life threatening in the short-term (life expectancy &lt; 3 months)&#xD;
&#xD;
          -  Any reason that makes patient follow-up throughout the study impossible&#xD;
&#xD;
          -  Current treatment with hydroxychloroquine&#xD;
&#xD;
          -  Absolute contraindication to treatment with hydroxychloroquine (known&#xD;
             hypersensitivity, retinopathy, concomitant treatment with risk of ventricular&#xD;
             disorders, particularly torsades de pointe, known deficit of glucose-6-phosphate&#xD;
             dehydrogenase, porphyria)&#xD;
&#xD;
          -  Hypokalaemia &lt; 3.5 mmol/L&#xD;
&#xD;
          -  Corrected QT prolongation (QTc ≥ 440 ms in men and 460 ms in women).&#xD;
&#xD;
          -  Child-Pugh's class C liver cirrhosis&#xD;
&#xD;
          -  Chronic kidney failure with estimated GFR ≤ 30 ml/min, or ≤ 40 ml/min in patients with&#xD;
             concomitant treatment with azithromycin&#xD;
&#xD;
          -  Women who are pregnant, breastfeeding, or parturient&#xD;
      </textblock>
    </criteria>
    <gender>All</gender>
    <minimum_age>18 Years</minimum_age>
    <maximum_age>N/A</maximum_age>
    <healthy_volunteers>No</healthy_volunteers>
  </eligibility>
  <location>
    <facility>
      <name>CH Agen</name>
      <address>
        <city>Agen</city>
        <country>France</country>
      </address>
    </facility>
  </location>
  <location>
    <facility>
      <name>CHU Amiens</name>
      <address>
        <city>Amiens</city>
        <country>France</country>
      </address>
    </facility>
  </location>
  <location>
    <facility>
      <name>CHU Angers</name>
      <address>
        <city>Angers</city>
        <country>France</country>
      </address>
    </facility>
  </location>
  <location>
    <facility>
      <name>CH Auxerre</name>
      <address>
        <city>Auxerre</city>
        <country>France</country>
      </address>
    </facility>
  </location>
  <location>
    <facility>
      <name>APHP Avicenne</name>
      <address>
        <city>Bobigny</city>
        <country>France</country>
      </address>
    </facility>
  </location>
  <location>
    <facility>
      <name>CHU Brest</name>
      <address>
        <city>Brest</city>
        <country>France</country>
      </address>
    </facility>
  </location>
  <location>
    <facility>
      <name>CHU Caen</name>
      <address>
        <city>Caen</city>
        <country>France</country>
      </address>
    </facility>
  </location>
  <location>
    <facility>
      <name>CH Chalon Sur Saône</name>
      <address>
        <city>Chalon Sur Saône</city>
        <country>France</country>
      </address>
    </facility>
  </location>
  <location>
    <facility>
      <name>CH Cherbroug</name>
      <address>
        <city>Cherbourg</city>
        <country>France</country>
      </address>
    </facility>
  </location>
  <location>
    <facility>
      <name>CH Cholet</name>
      <address>
        <city>Cholet</city>
        <country>France</country>
      </address>
    </facility>
  </location>
  <location>
    <facility>
      <name>CH Colmar</name>
      <address>
        <city>Colmar</city>
        <country>France</country>
      </address>
    </facility>
  </location>
  <location>
    <facility>
      <name>CH Compiègne</name>
      <address>
        <city>Compiègne</city>
        <country>France</country>
      </address>
    </facility>
  </location>
  <location>
    <facility>
      <name>APHP Henri Mondor</name>
      <address>
        <city>Créteil</city>
        <country>France</country>
      </address>
    </facility>
  </location>
  <location>
    <facility>
      <name>CH Intercommunal Créteil</name>
      <address>
        <city>Créteil</city>
        <country>France</country>
      </address>
    </facility>
  </location>
  <location>
    <facility>
      <name>CHU Dijon</name>
      <address>
        <city>Dijon</city>
        <country>France</country>
      </address>
    </facility>
  </location>
  <location>
    <facility>
      <name>APHP Joffre Dupuytren</name>
      <address>
        <city>Draveil</city>
        <country>France</country>
      </address>
    </facility>
  </location>
  <location>
    <facility>
      <name>CHD Vendée</name>
      <address>
        <city>La Roche-sur-Yon</city>
        <country>France</country>
      </address>
    </facility>
  </location>
  <location>
    <facility>
      <name>CH Laval</name>
      <address>
        <city>Laval</city>
        <country>France</country>
      </address>
    </facility>
  </location>
  <location>
    <facility>
      <name>CH Le Mans</name>
      <address>
        <city>Le Mans</city>
        <country>France</country>
      </address>
    </facility>
  </location>
  <location>
    <facility>
      <name>CH Emile Roux</name>
      <address>
        <city>Le Puy-en-Velay</city>
        <country>France</country>
      </address>
    </facility>
  </location>
  <location>
    <facility>
      <name>APHP Emile ROUX</name>
      <address>
        <city>Limeil-Brevannes</city>
        <country>France</country>
      </address>
    </facility>
  </location>
  <location>
    <facility>
      <name>CHU Limoges</name>
      <address>
        <city>Limoges</city>
        <country>France</country>
      </address>
    </facility>
  </location>
  <location>
    <facility>
      <name>CH Lorient</name>
      <address>
        <city>Lorient</city>
        <country>France</country>
      </address>
    </facility>
  </location>
  <location>
    <facility>
      <name>Hôpital Européen - Marseille</name>
      <address>
        <city>Marseille</city>
        <country>France</country>
      </address>
    </facility>
  </location>
  <location>
    <facility>
      <name>Hôpital Saint-Joseph</name>
      <address>
        <city>Marseille</city>
        <country>France</country>
      </address>
    </facility>
  </location>
  <location>
    <facility>
      <name>CH Melun</name>
      <address>
        <city>Melun</city>
        <country>France</country>
      </address>
    </facility>
  </location>
  <location>
    <facility>
      <name>CHU Nantes</name>
      <address>
        <city>Nantes</city>
        <country>France</country>
      </address>
    </facility>
  </location>
  <location>
    <facility>
      <name>Hôpital Privé du Confluent</name>
      <address>
        <city>Nantes</city>
        <country>France</country>
      </address>
    </facility>
  </location>
  <location>
    <facility>
      <name>CH Niort</name>
      <address>
        <city>Niort</city>
        <country>France</country>
      </address>
    </facility>
  </location>
  <location>
    <facility>
      <name>CHR Orléans</name>
      <address>
        <city>Orléans</city>
        <country>France</country>
      </address>
    </facility>
  </location>
  <location>
    <facility>
      <name>APHP Saint-Antoine</name>
      <address>
        <city>Paris</city>
        <country>France</country>
      </address>
    </facility>
  </location>
  <location>
    <facility>
      <name>GH Croix Saint Simon</name>
      <address>
        <city>Paris</city>
        <country>France</country>
      </address>
    </facility>
  </location>
  <location>
    <facility>
      <name>La Pitié-Salpétrière</name>
      <address>
        <city>Paris</city>
        <country>France</country>
      </address>
    </facility>
  </location>
  <location>
    <facility>
      <name>CHU Poitiers</name>
      <address>
        <city>Poitiers</city>
        <country>France</country>
      </address>
    </facility>
  </location>
  <location>
    <facility>
      <name>CH Pointoise</name>
      <address>
        <city>Pontoise</city>
        <country>France</country>
      </address>
    </facility>
  </location>
  <location>
    <facility>
      <name>CH Quimper</name>
      <address>
        <city>Quimper</city>
        <country>France</country>
      </address>
    </facility>
  </location>
  <location>
    <facility>
      <name>CH Saint-Brieuc</name>
      <address>
        <city>Saint-Brieuc</city>
        <country>France</country>
      </address>
    </facility>
  </location>
  <location>
    <facility>
      <name>CH Saint-Nazaire</name>
      <address>
        <city>Saint-Nazaire</city>
        <country>France</country>
      </address>
    </facility>
  </location>
  <location>
    <facility>
      <name>CHU Saint-Etienne</name>
      <address>
        <city>Saint-Étienne</city>
        <country>France</country>
      </address>
    </facility>
  </location>
  <location>
    <facility>
      <name>CHU Toulouse</name>
      <address>
        <city>Toulouse</city>
        <country>France</country>
      </address>
    </facility>
  </location>
  <location>
    <facility>
      <name>CH Tourcoing</name>
      <address>
        <city>Tourcoing</city>
        <country>France</country>
      </address>
    </facility>
  </location>
  <location>
    <facility>
      <name>CHU Tours</name>
      <address>
        <city>Tours</city>
        <country>France</country>
      </address>
    </facility>
  </location>
  <location>
    <facility>
      <name>CH Valenciennes</name>
      <address>
        <city>Valenciennes</city>
        <country>France</country>
      </address>
    </facility>
  </location>
  <location>
    <facility>
      <name>Clinique Tessier Valenciennes</name>
      <address>
        <city>Valenciennes</city>
        <country>France</country>
      </address>
    </facility>
  </location>
  <location>
    <facility>
      <name>CH Vannes</name>
      <address>
        <city>Vannes</city>
        <country>France</country>
      </address>
    </facility>
  </location>
  <location>
    <facility>
      <name>CH Versailles</name>
      <address>
        <city>Versailles</city>
        <country>France</country>
      </address>
    </facility>
  </location>
  <location>
    <facility>
      <name>CH Princesse Grace</name>
      <address>
        <city>Monaco</city>
        <country>Monaco</country>
      </address>
    </facility>
  </location>
  <location_countries>
    <country>France</country>
    <country>Monaco</country>
  </location_countries>
  <verification_date>April 2020</verification_date>
  <study_first_submitted>March 25, 2020</study_first_submitted>
  <study_first_submitted_qc>March 27, 2020</study_first_submitted_qc>
  <study_first_posted type="Actual">March 30, 2020</study_first_posted>
  <last_update_submitted>October 2, 2020</last_update_submitted>
  <last_update_submitted_qc>October 2, 2020</last_update_submitted_qc>
  <last_update_posted type="Actual">October 6, 2020</last_update_posted>
  <responsible_party>
    <responsible_party_type>Sponsor</responsible_party_type>
  </responsible_party>
  <condition_browse>
    <!-- CAUTION:  The following MeSH terms are assigned with an imperfect algorithm            -->
    <mesh_term>Coronavirus Infections</mesh_term>
  </condition_browse>
  <intervention_browse>
    <!-- CAUTION:  The following MeSH terms are assigned with an imperfect algorithm            -->
    <mesh_term>Hydroxychloroquine</mesh_term>
  </intervention_browse>
  <!-- Results have not yet been posted for this study                                          -->
</clinical_study>

