<?xml version="1.0" encoding="UTF-8"?>
<clinical_study rank="5192">
  <!-- This xml conforms to an XML Schema at:
    https://clinicaltrials.gov/ct2/html/images/info/public.xsd -->
  <required_header>
    <download_date>ClinicalTrials.gov processed this data on April 14, 2021</download_date>
    <link_text>Link to the current ClinicalTrials.gov record.</link_text>
    <url>https://clinicaltrials.gov/show/NCT04233268</url>
  </required_header>
  <id_info>
    <org_study_id>277039</org_study_id>
    <nct_id>NCT04233268</nct_id>
  </id_info>
  <brief_title>RASCALS: Rapid Assay for Sick Children With Acute Lung Infection Study</brief_title>
  <acronym>RASCALS</acronym>
  <official_title>RASCALS: Rapid Assay for Sick Children With Acute Lung Infection Study</official_title>
  <sponsors>
    <lead_sponsor>
      <agency>Cambridge University Hospitals NHS Foundation Trust</agency>
      <agency_class>Other</agency_class>
    </lead_sponsor>
  </sponsors>
  <source>Cambridge University Hospitals NHS Foundation Trust</source>
  <oversight_info>
    <has_dmc>Yes</has_dmc>
    <is_fda_regulated_drug>No</is_fda_regulated_drug>
    <is_fda_regulated_device>No</is_fda_regulated_device>
  </oversight_info>
  <brief_summary>
    <textblock>
      Lower Respiratory Tract infections are a common cause of admission to the intensive care&#xD;
      unit. Children routinely receive antibiotics until the tests confirm whether the infection is&#xD;
      bacterial or viral. The exclusion of bacterial infection may take 48 hours or longer for&#xD;
      culture tests on biological samples to be completed. In many cases, the results may be&#xD;
      inconclusive or negative if the patient has already received antibiotics prior to the sample&#xD;
      being taken.&#xD;
&#xD;
      A rapid assay to detect the most likely cause of infection could improve the speed with which&#xD;
      antibiotic therapy is rationalised or curtailed.&#xD;
&#xD;
      This study aims to assess whether a new genetic testing kit which can identify the presence&#xD;
      of bacteria and viruses within hours rather than days is a feasible tool in improving&#xD;
      antibiotic prescribing and rationalisation of therapy in critically ill children with&#xD;
      suspected lower respiratory tract infection.&#xD;
    </textblock>
  </brief_summary>
  <overall_status>Recruiting</overall_status>
  <start_date type="Actual">April 6, 2020</start_date>
  <completion_date type="Anticipated">February 28, 2025</completion_date>
  <primary_completion_date type="Anticipated">February 28, 2023</primary_completion_date>
  <study_type>Observational</study_type>
  <has_expanded_access>No</has_expanded_access>
  <study_design_info>
    <observational_model>Cohort</observational_model>
    <time_perspective>Prospective</time_perspective>
  </study_design_info>
  <primary_outcome>
    <measure>Performance of the novel pathogen detection assay</measure>
    <time_frame>3 years</time_frame>
    <description>Performance of novel pathogen detection assays compared to standard microbiology, in regard to sensitivity, specificity and likelihood ratios</description>
  </primary_outcome>
  <secondary_outcome>
    <measure>Time to results</measure>
    <time_frame>3 years</time_frame>
    <description>Time to reportable test results</description>
  </secondary_outcome>
  <secondary_outcome>
    <measure>Negative cultures</measure>
    <time_frame>3 years</time_frame>
    <description>Where routine culture is negative, what proportion of tests have a positive detection using the novel assay?</description>
  </secondary_outcome>
  <secondary_outcome>
    <measure>Antibiotic therapy</measure>
    <time_frame>3 years</time_frame>
    <description>Duration of therapy and number of antibiotic classes during paediatric intensive care unit admission</description>
  </secondary_outcome>
  <secondary_outcome>
    <measure>Prevalence of COVID19 in children admitted to PICU</measure>
    <time_frame>2 years</time_frame>
    <description>Number of critically ill children requiring mechanical ventilation with COVID19 compared to those without</description>
  </secondary_outcome>
  <number_of_groups>3</number_of_groups>
  <enrollment type="Anticipated">250</enrollment>
  <condition>Lower Respiratory Tract Infection</condition>
  <condition>Ventilator Associated Pneumonia</condition>
  <condition>COVID19</condition>
  <arm_group>
    <arm_group_label>Critically ill children</arm_group_label>
    <description>Children with severe infection requiring mechanical ventilation</description>
  </arm_group>
  <arm_group>
    <arm_group_label>Non critically ill cohort</arm_group_label>
    <description>Children with suspected COVID19 admitted to hospital but not requiring mechanical ventilation</description>
  </arm_group>
  <arm_group>
    <arm_group_label>Maternal and neonatal cohort</arm_group_label>
    <description>Babies born where mother has a recent diagnosis of COVID19</description>
  </arm_group>
  <intervention>
    <intervention_type>Diagnostic Test</intervention_type>
    <intervention_name>Rapid Pathogen Detection</intervention_name>
    <description>Rapid assays for pathogen detection on bronchoalveolar lavage fluid</description>
    <arm_group_label>Critically ill children</arm_group_label>
    <arm_group_label>Maternal and neonatal cohort</arm_group_label>
    <arm_group_label>Non critically ill cohort</arm_group_label>
  </intervention>
  <biospec_retention>Samples Without DNA</biospec_retention>
  <biospec_descr>
    <textblock>
      Bronchoalveolar Lavage fluid, Blood&#xD;
    </textblock>
  </biospec_descr>
  <eligibility>
    <study_pop>
      <textblock>
        Critically ill children with suspected lower respiratory tract infection&#xD;
      </textblock>
    </study_pop>
    <sampling_method>Probability Sample</sampling_method>
    <criteria>
      <textblock>
        Inclusion Criteria:&#xD;
&#xD;
          1. Aged &gt;37 weeks corrected gestation and ≤16 years old&#xD;
&#xD;
          2. Receiving mechanical ventilation&#xD;
&#xD;
          3. Commencing or already receiving antibiotic treatment for lower respiratory tract&#xD;
             infection&#xD;
&#xD;
        Exclusion Criteria:&#xD;
&#xD;
        1. Survival not expected/active medical treatment expected to be withdrawn/palliative care&#xD;
        only&#xD;
      </textblock>
    </criteria>
    <gender>All</gender>
    <minimum_age>N/A</minimum_age>
    <maximum_age>16 Years</maximum_age>
    <healthy_volunteers>No</healthy_volunteers>
  </eligibility>
  <overall_official>
    <last_name>Nazima Pathan, FRCPCH PhD</last_name>
    <role>Principal Investigator</role>
    <affiliation>Cambridge University Hospitals NHS Foundation Trust</affiliation>
  </overall_official>
  <overall_contact>
    <last_name>Nazima Pathan, FRCPCH PhD</last_name>
    <phone>01225245151</phone>
    <email>np409@cam.ac.uk</email>
  </overall_contact>
  <location>
    <facility>
      <name>Addenbrooke's Hospital</name>
      <address>
        <city>Cambridge</city>
        <state>Cambs</state>
        <zip>CB2 9NS</zip>
        <country>United Kingdom</country>
      </address>
    </facility>
    <status>Recruiting</status>
    <contact>
      <last_name>Nazima Pathan, FRCPCH PhD</last_name>
    </contact>
  </location>
  <location_countries>
    <country>United Kingdom</country>
  </location_countries>
  <verification_date>June 2020</verification_date>
  <study_first_submitted>January 15, 2020</study_first_submitted>
  <study_first_submitted_qc>January 15, 2020</study_first_submitted_qc>
  <study_first_posted type="Actual">January 18, 2020</study_first_posted>
  <last_update_submitted>June 4, 2020</last_update_submitted>
  <last_update_submitted_qc>June 4, 2020</last_update_submitted_qc>
  <last_update_posted type="Actual">June 5, 2020</last_update_posted>
  <responsible_party>
    <responsible_party_type>Principal Investigator</responsible_party_type>
    <investigator_affiliation>Cambridge University Hospitals NHS Foundation Trust</investigator_affiliation>
    <investigator_full_name>Dr Nazima Pathan</investigator_full_name>
    <investigator_title>University Lecturer in Paediatric Intensive Care</investigator_title>
  </responsible_party>
  <condition_browse>
    <!-- CAUTION:  The following MeSH terms are assigned with an imperfect algorithm            -->
    <mesh_term>Infection</mesh_term>
    <mesh_term>Communicable Diseases</mesh_term>
    <mesh_term>Respiratory Tract Infections</mesh_term>
    <mesh_term>Pneumonia, Ventilator-Associated</mesh_term>
    <mesh_term>Pneumonia</mesh_term>
  </condition_browse>
  <patient_data>
    <sharing_ipd>No</sharing_ipd>
  </patient_data>
  <!-- Results have not yet been posted for this study                                          -->
</clinical_study>

