<?xml version="1.0" encoding="UTF-8"?>
<clinical_study rank="851">
  <!-- This xml conforms to an XML Schema at:
    https://clinicaltrials.gov/ct2/html/images/info/public.xsd -->
  <required_header>
    <download_date>ClinicalTrials.gov processed this data on April 14, 2021</download_date>
    <link_text>Link to the current ClinicalTrials.gov record.</link_text>
    <url>https://clinicaltrials.gov/show/NCT04333355</url>
  </required_header>
  <id_info>
    <org_study_id>PC-TecSalud Fase I</org_study_id>
    <nct_id>NCT04333355</nct_id>
  </id_info>
  <brief_title>Safety in Convalescent Plasma Transfusion to COVID-19</brief_title>
  <official_title>Phase 1 Study to Evaluate the Safety of Convalescent Plasma as an Adjuvant Therapy in Patients With SARS-CoV-2 Infection</official_title>
  <sponsors>
    <lead_sponsor>
      <agency>Hospital San Jose Tec de Monterrey</agency>
      <agency_class>Other</agency_class>
    </lead_sponsor>
    <collaborator>
      <agency>Tecnologico de Monterrey</agency>
      <agency_class>Other</agency_class>
    </collaborator>
  </sponsors>
  <source>Hospital San Jose Tec de Monterrey</source>
  <oversight_info>
    <has_dmc>Yes</has_dmc>
    <is_fda_regulated_drug>No</is_fda_regulated_drug>
    <is_fda_regulated_device>No</is_fda_regulated_device>
  </oversight_info>
  <brief_summary>
    <textblock>
      There is currently no specific vaccine or treatment to treat critically ill patients with&#xD;
      COVID-19. Different therapies are still under investigation and are use in different health&#xD;
      institutions, however, a significant proportion of patients do not respond to these&#xD;
      treatments, so it is important to seek new treatments. One of these alternatives is the use&#xD;
      of convalescent plasma. The investigator will use plasma obtained from convalescent&#xD;
      individuals with proven novel SARS-CoV-2 virus infection, diagnosed with&#xD;
      coronavirus-19-induced disease and symptom-free for a period of not less than 10 days since&#xD;
      they recovered from the disease. This plasma will be infused in patients affected by the same&#xD;
      virus, but who have developed respiratory complications that have not responded favorably to&#xD;
      usual treatment such as chloroquine, hydroxychloroquine, azithromycin, and other antivirals.&#xD;
      The investigator will evaluate the safety of this procedure by accounting for any adverse&#xD;
      event.&#xD;
    </textblock>
  </brief_summary>
  <detailed_description>
    <textblock>
      There is currently no specific vaccine or treatment to treat critically ill patients with&#xD;
      COVID-19. Different therapies are still under investigation and are use in different health&#xD;
      institutions, however, a significant proportion of patients do not respond to these&#xD;
      treatments, so it is important to seek new treatments. One of these alternatives is the use&#xD;
      of convalescent plasma.&#xD;
&#xD;
      The investigator will use plasma obtained from convalescent individuals with proven novel&#xD;
      SARS-CoV-2 virus infection, diagnosed with coronavirus-19-induced disease and symptom-free&#xD;
      for a period of not less than 10 days since they recovered from the disease. Donors will be&#xD;
      screened for infectious diseases including sARS-CoV-2 and will be programmed for apheresis&#xD;
      the next day. The investigaotr will process one plasmatic volume per donor and this will be&#xD;
      guarded in the blood bank until required by the principal investigator.&#xD;
&#xD;
      Patients or receptors will be screened and selected by the research team according to&#xD;
      eligibility criteria, including severe disease refractory to treatment such as chloroquine,&#xD;
      hydroxychloroquine, azithromycin, and other antivirals. Plasma will be fractioned in 250ml.&#xD;
      Infusion will start after a clinical evaluation and blood sampling. Patients will remain&#xD;
      under careful observation. If no adverse event is present, infusion will be repeated after 24&#xD;
      hours and the investigator will evaluate patients again 48 hours after the second&#xD;
      transfusion. A final evaluation will be performed at day 14. The investigator will evaluate&#xD;
      the safety of this procedure by accounting for any adverse event.&#xD;
    </textblock>
  </detailed_description>
  <overall_status>Terminated</overall_status>
  <why_stopped>
    Other clinical trails probed that the use of convalescent plasma for patients with COVID-19 is&#xD;
    safe .&#xD;
  </why_stopped>
  <start_date type="Actual">May 8, 2020</start_date>
  <completion_date type="Actual">August 20, 2020</completion_date>
  <primary_completion_date type="Actual">August 20, 2020</primary_completion_date>
  <phase>Phase 1</phase>
  <study_type>Interventional</study_type>
  <has_expanded_access>No</has_expanded_access>
  <study_design_info>
    <allocation>N/A</allocation>
    <intervention_model>Single Group Assignment</intervention_model>
    <primary_purpose>Treatment</primary_purpose>
    <masking>None (Open Label)</masking>
  </study_design_info>
  <primary_outcome>
    <measure>Side effects</measure>
    <time_frame>14 days</time_frame>
    <description>Identify possible adverse effects after the administration of convalescent plasma</description>
  </primary_outcome>
  <secondary_outcome>
    <measure>Heart Failure</measure>
    <time_frame>14 days</time_frame>
    <description>Development of heart failure during convalescent plasma transfusion or after it.</description>
  </secondary_outcome>
  <secondary_outcome>
    <measure>Pulmonary Edema</measure>
    <time_frame>14 days</time_frame>
    <description>Development of pulmonary edema during convalescent plasma transfusion or after it.</description>
  </secondary_outcome>
  <secondary_outcome>
    <measure>Allergic Reaction</measure>
    <time_frame>14 days</time_frame>
    <description>Development of any allergic reaction during convalescent plasma transfusion or after it.</description>
  </secondary_outcome>
  <secondary_outcome>
    <measure>Viral load of SARS-CoV-2</measure>
    <time_frame>48 hrs</time_frame>
    <description>RT PCR SARS-CoV-2</description>
  </secondary_outcome>
  <secondary_outcome>
    <measure>Viral load of SARS-CoV-2</measure>
    <time_frame>14 days</time_frame>
    <description>RT PCR SARS-CoV-2</description>
  </secondary_outcome>
  <number_of_arms>1</number_of_arms>
  <enrollment type="Actual">12</enrollment>
  <condition>COVID-19</condition>
  <arm_group>
    <arm_group_label>COVID-19 patients receiving Convalescent Plasma</arm_group_label>
    <arm_group_type>Experimental</arm_group_type>
    <description>Convalescent Plasma from patients who recently recover from COVID-19</description>
  </arm_group>
  <intervention>
    <intervention_type>Biological</intervention_type>
    <intervention_name>Convalescent Plasma</intervention_name>
    <description>Along with the administration of convalescent plasma, patients will continue to receive supportive standard care.</description>
    <arm_group_label>COVID-19 patients receiving Convalescent Plasma</arm_group_label>
    <other_name>Supportive standard care</other_name>
  </intervention>
  <eligibility>
    <criteria>
      <textblock>
        Inclusion Criteria&#xD;
&#xD;
          1. Patients 18 years and older&#xD;
&#xD;
          2. Confirmed SARS-CoV-2 Infection by RT-PCR.&#xD;
&#xD;
          3. Serious or life-threatening infection defined as:&#xD;
&#xD;
             Serious:&#xD;
&#xD;
               1. Dyspnea&#xD;
&#xD;
               2. Respiratory rate greater than or equal to 30 cycles / minute.&#xD;
&#xD;
               3. Blood oxygen saturation less than or equal to 93% with an oxygen supply greater&#xD;
                  than 60%.&#xD;
&#xD;
               4. Partial pressure of arterial oxygen to fraction of inspired oxygen ratio &lt; 300&#xD;
&#xD;
               5. A 50% increase in pulmonary infiltrates defined by computer tomography scans in&#xD;
                  24 to 48 hours.&#xD;
&#xD;
                  Life-threatening infection:&#xD;
&#xD;
               6. respiratory failure.&#xD;
&#xD;
               7. septic shock.&#xD;
&#xD;
               8. dysfunction or multiple organ failure.&#xD;
&#xD;
          4. Refractory to treatment with azithromycin / hydroxychloroquine or chloroquine /&#xD;
             ritonavir / lopinavir defined as: 48 hours with no improvement in the modified&#xD;
             parameters such as serious or clinically imminent infection.&#xD;
&#xD;
          5. Signed Informed consent by the patient or by the person responsible for the patient in&#xD;
             the case of critically ill patients (spouse or parents).&#xD;
&#xD;
        Exclusion Criteria:&#xD;
&#xD;
          1. Patients with a history of allergic reaction to any type of previous transfusion.&#xD;
&#xD;
          2. Heart failure patients at risk of volume overload.&#xD;
&#xD;
          3. Patients with a history of chronic kidney failure in the dialysis phase.&#xD;
&#xD;
          4. Patients with previous hematological diseases (anemia less than 10 grams of&#xD;
             hemoglobin, platelets greater than 100,000 / µl).&#xD;
&#xD;
          5. Any case where the investigator decides that the patient is not suitable for the&#xD;
             protocol.&#xD;
      </textblock>
    </criteria>
    <gender>All</gender>
    <minimum_age>18 Years</minimum_age>
    <maximum_age>N/A</maximum_age>
    <healthy_volunteers>No</healthy_volunteers>
  </eligibility>
  <overall_official>
    <last_name>José Fe Castilleja-Leal, MD.</last_name>
    <role>Principal Investigator</role>
    <affiliation>Hospital San José</affiliation>
  </overall_official>
  <location>
    <facility>
      <name>Hospital San José</name>
      <address>
        <city>Monterrey</city>
        <state>Nuevo Leon</state>
        <zip>64718</zip>
        <country>Mexico</country>
      </address>
    </facility>
  </location>
  <location_countries>
    <country>Mexico</country>
  </location_countries>
  <reference>
    <citation>Casadevall A, Pirofski LA. The convalescent sera option for containing COVID-19. J Clin Invest. 2020 Apr 1;130(4):1545-1548. doi: 10.1172/JCI138003.</citation>
    <PMID>32167489</PMID>
  </reference>
  <verification_date>February 2021</verification_date>
  <study_first_submitted>March 31, 2020</study_first_submitted>
  <study_first_submitted_qc>April 1, 2020</study_first_submitted_qc>
  <study_first_posted type="Actual">April 3, 2020</study_first_posted>
  <last_update_submitted>February 8, 2021</last_update_submitted>
  <last_update_submitted_qc>February 8, 2021</last_update_submitted_qc>
  <last_update_posted type="Actual">February 10, 2021</last_update_posted>
  <responsible_party>
    <responsible_party_type>Principal Investigator</responsible_party_type>
    <investigator_affiliation>Hospital San Jose Tec de Monterrey</investigator_affiliation>
    <investigator_full_name>Servando Cardona-Huerta</investigator_full_name>
    <investigator_title>Director of Clinical Research</investigator_title>
  </responsible_party>
  <keyword>COVID-19</keyword>
  <keyword>SARS-CoV-2</keyword>
  <keyword>Convalescent plasma</keyword>
  <patient_data>
    <sharing_ipd>Undecided</sharing_ipd>
  </patient_data>
  <!-- Results have not yet been posted for this study                                          -->
</clinical_study>

