<?xml version="1.0" encoding="UTF-8"?>
<clinical_study rank="5364">
  <!-- This xml conforms to an XML Schema at:
    https://clinicaltrials.gov/ct2/html/images/info/public.xsd -->
  <required_header>
    <download_date>ClinicalTrials.gov processed this data on April 14, 2021</download_date>
    <link_text>Link to the current ClinicalTrials.gov record.</link_text>
    <url>https://clinicaltrials.gov/show/NCT03117881</url>
  </required_header>
  <id_info>
    <org_study_id>F161017003</org_study_id>
    <secondary_id>MS-1511-33653</secondary_id>
    <nct_id>NCT03117881</nct_id>
  </id_info>
  <brief_title>Tele-Exercise and Multiple Sclerosis</brief_title>
  <acronym>TEAMS</acronym>
  <official_title>Comparative Effectiveness Trial Between a Clinic- and Home-Based Complementary and Alternative Medicine Telerehabilitation Intervention for Adults With Multiple Sclerosis (MS)</official_title>
  <sponsors>
    <lead_sponsor>
      <agency>University of Alabama at Birmingham</agency>
      <agency_class>Other</agency_class>
    </lead_sponsor>
    <collaborator>
      <agency>Patient-Centered Outcomes Research Institute</agency>
      <agency_class>Other</agency_class>
    </collaborator>
    <collaborator>
      <agency>Lakeshore Foundation</agency>
      <agency_class>Other</agency_class>
    </collaborator>
    <collaborator>
      <agency>Tanner Center for Multiple Sclerosis</agency>
      <agency_class>Other</agency_class>
    </collaborator>
  </sponsors>
  <source>University of Alabama at Birmingham</source>
  <oversight_info>
    <has_dmc>Yes</has_dmc>
    <is_fda_regulated_drug>No</is_fda_regulated_drug>
    <is_fda_regulated_device>No</is_fda_regulated_device>
  </oversight_info>
  <brief_summary>
    <textblock>
      The purpose of this study is to compare the effects of two delivery models of an&#xD;
      evidence-based complementary alternative medicine (CAM) program that combines&#xD;
      neurorehabilitative (functional) exercise, yoga, and Pilates for adults age 18-70 with&#xD;
      multiple sclerosis (MS). CAM will be delivered as a 12-week program through two different&#xD;
      delivery forms: On-site at a clinic (DirectCAM) and telerehabilitation (TeleCAM).&#xD;
      Participants will be randomly assigned to one of these two groups.&#xD;
&#xD;
      **On March 16th, 2020, the University of Alabama at Birmingham halted all onsite&#xD;
      non-essential research in response to the Covid-19 pandemic. Since then, the study has begun&#xD;
      to conduct all testing remotely through videoconferencing technology. In addition, another&#xD;
      study group, remote DirectCAM (rDirectCAM), has been incorporated into the study to continue&#xD;
      the 12-week program delivery for newly recruited participants via videoconferencing&#xD;
      technology.**&#xD;
    </textblock>
  </brief_summary>
  <detailed_description>
    <textblock>
      There are few primary care and multiple sclerosis (MS) clinics that provide full exercise and&#xD;
      rehabilitation services for patients with MS, especially in mostly rural, low-income areas&#xD;
      such as Alabama, Mississippi, and Tennessee. Telerehabilitation, or the delivery of&#xD;
      rehabilitation services over the telephone and/or the Internet, can help fill service gaps&#xD;
      for underserved MS patient populations in this region. The proposed study will determine if&#xD;
      our evidence-based rehabilitation and exercise program produces similar health outcomes when&#xD;
      delivered in clinic or at home, using pre-loaded tablets and Interactive Voice Response (IVR)&#xD;
      system technology among 759 participants with MS from 40 clinics across Alabama, Mississippi,&#xD;
      and Tennessee.&#xD;
&#xD;
      **In response to the Covid-19 pandemic, the study aims to recruit 74 participants with MS&#xD;
      into the rDirectCAM, where the 12-week program is delivered in real-time via&#xD;
      videoconferencing technology. The rDirectCAM will determine if a telehealth rehabilitation&#xD;
      program can have a similar effect as when the program is offered in person.**&#xD;
&#xD;
      The outcomes that we hope to achieve through the proposed rehabilitation and exercise&#xD;
      program, referred to as complementary alternative medicine, are improved physical activity,&#xD;
      decreased pain and fatigue, and quality of life. We also seek to improve attitudes and&#xD;
      behaviors related to physical activity, such as outcome expectations for physical activity,&#xD;
      social support from family and friends for physical activity, self-eﬃcacy (i.e., confidence&#xD;
      in one's ability to be active), and self-regulation (i.e., setting exercise goals). We will&#xD;
      examine the variation in outcomes by patient characteristics such as age and severity of&#xD;
      disability to determine for whom the intervention is effective.&#xD;
&#xD;
      This project is important to patients with MS because it seeks to reduce their barriers to&#xD;
      receiving exercise treatment and increase the convenience and appeal of such programs through&#xD;
      technology. Furthermore, findings and resources from this study will be quickly provided to&#xD;
      MS patients and clinicians across the United States (e.g., via training webinars through our&#xD;
      National Center on Health, Physical Activity, and Disability [NCHPAD]) and thereby improve&#xD;
      the quality and reach of exercise treatment for patients with MS.&#xD;
&#xD;
      The patient and stakeholder partners include MS patients, caretakers, and clinicians, who&#xD;
      have been actively guiding the development of this project. In stakeholder meetings, members&#xD;
      have provided insight into exercise treatment needs and preferences (e.g., individually&#xD;
      tailored approaches that account for varying levels of mobility); outcomes of interest to the&#xD;
      patient population (e.g., pain, fatigue, quality of life); and strategies for&#xD;
      engaging/motivating participants with MS who may be discouraged and experiencing fatigue and&#xD;
      pain (e.g., IVR calls and feedback). Moreover, their ongoing program satisfaction feedback&#xD;
      will be important to our recruitment and retention success. Finally, the stakeholders will&#xD;
      help make this project successful by continuing to emphasize the importance of long-term&#xD;
      gains in health outcomes and promote (through NCHPAD) the sustainability of the program.&#xD;
    </textblock>
  </detailed_description>
  <overall_status>Recruiting</overall_status>
  <start_date type="Actual">January 8, 2018</start_date>
  <completion_date type="Anticipated">January 31, 2023</completion_date>
  <primary_completion_date type="Anticipated">October 30, 2021</primary_completion_date>
  <phase>N/A</phase>
  <study_type>Interventional</study_type>
  <has_expanded_access>No</has_expanded_access>
  <study_design_info>
    <allocation>Randomized</allocation>
    <intervention_model>Parallel Assignment</intervention_model>
    <primary_purpose>Other</primary_purpose>
    <masking>None (Open Label)</masking>
  </study_design_info>
  <primary_outcome>
    <measure>Pain</measure>
    <time_frame>48 weeks</time_frame>
    <description>Measured by 36-Item Short Form Survey (SF-36).</description>
  </primary_outcome>
  <primary_outcome>
    <measure>Fatigue</measure>
    <time_frame>48 weeks</time_frame>
    <description>Measured by Modified Fatigue Impact Scale (MFIS).</description>
  </primary_outcome>
  <primary_outcome>
    <measure>Quality of life</measure>
    <time_frame>48 weeks</time_frame>
    <description>Measured by 36-Item Short Form Survey (SF-36).</description>
  </primary_outcome>
  <primary_outcome>
    <measure>Physical activity</measure>
    <time_frame>48 weeks</time_frame>
    <description>Measured by the Godin Leisure Time Exercise Questionnaire (GLTEQ).</description>
  </primary_outcome>
  <secondary_outcome>
    <measure>Balance</measure>
    <time_frame>48 weeks</time_frame>
    <description>Measured using the Berg Balance Scale (BBS).</description>
  </secondary_outcome>
  <secondary_outcome>
    <measure>Endurance</measure>
    <time_frame>48 weeks</time_frame>
    <description>Measured using the 6-minute Walk Test (6MWT).</description>
  </secondary_outcome>
  <secondary_outcome>
    <measure>Gait</measure>
    <time_frame>48 weeks</time_frame>
    <description>Measured using the Timed 25-Foot Walk (T25-FW).</description>
  </secondary_outcome>
  <secondary_outcome>
    <measure>Strength</measure>
    <time_frame>48 weeks</time_frame>
    <description>Measured using a hand-held dynamometer.</description>
  </secondary_outcome>
  <other_outcome>
    <measure>Outcome expectations for exercise</measure>
    <time_frame>48 weeks</time_frame>
    <description>Measured by the Multidimensional Outcome Expectations for Exercise Scale (MOEES).</description>
  </other_outcome>
  <other_outcome>
    <measure>Exercise self-efficacy</measure>
    <time_frame>48 weeks</time_frame>
    <description>Measured by the Exercise Self-efficacy Scale.</description>
  </other_outcome>
  <other_outcome>
    <measure>Social support for exercise</measure>
    <time_frame>48 weeks</time_frame>
    <description>Measured by the Social Provisions Scale.</description>
  </other_outcome>
  <other_outcome>
    <measure>Exercise self-regulation</measure>
    <time_frame>48 weeks</time_frame>
    <description>Measured by the Exercise Goal-setting Scale.</description>
  </other_outcome>
  <number_of_arms>3</number_of_arms>
  <enrollment type="Anticipated">833</enrollment>
  <condition>Multiple Sclerosis</condition>
  <arm_group>
    <arm_group_label>DirectCAM</arm_group_label>
    <arm_group_type>Experimental</arm_group_type>
    <description>The DirectCAM arm receives the intervention content via therapists at participating clinics.</description>
  </arm_group>
  <arm_group>
    <arm_group_label>TeleCAM</arm_group_label>
    <arm_group_type>Experimental</arm_group_type>
    <description>The TeleCAM arm receives the intervention content at home using pre-loaded tablets and Interactive Voice Response (IVR) system technology.</description>
  </arm_group>
  <arm_group>
    <arm_group_label>rDirectCAM</arm_group_label>
    <arm_group_type>Experimental</arm_group_type>
    <description>The rDirectCAM arm is being implemented in response to Covid-19. The rDirectCAM arm receives the intervention content delivered remotely in real-time by therapists via videoconferencing technology.</description>
  </arm_group>
  <intervention>
    <intervention_type>Behavioral</intervention_type>
    <intervention_name>DirectCAM</intervention_name>
    <description>The intervention consists of a 60-minute Complementary Alternative Medicine (CAM) program that includes yoga, Pilates and dual-functioning exercises, which is delivered 2 times per week for the first 8 weeks and 1 time per week for the following 4 weeks at a clinic with a therapist. At the end of week 12, participants will be asked to continue the program in their home for up to 1 year post-intervention using handouts.</description>
    <arm_group_label>DirectCAM</arm_group_label>
  </intervention>
  <intervention>
    <intervention_type>Behavioral</intervention_type>
    <intervention_name>TeleCAM</intervention_name>
    <description>The intervention consists of a 60-minute Complementary Alternative Medicine (CAM) program that includes yoga, Pilates and dual-functioning exercises, which is delivered 2 times per week for the first 8 weeks and 1 time per week for the following 4 weeks at home via videos. At the end of week 12, participants will be asked to continue the program in their home for up to 1 year post-intervention using the videos.</description>
    <arm_group_label>TeleCAM</arm_group_label>
  </intervention>
  <intervention>
    <intervention_type>Behavioral</intervention_type>
    <intervention_name>rDirectCAM</intervention_name>
    <description>The intervention consists of a 60-minute Complementary Alternative Medicine (CAM) program that includes yoga, Pilates and dual-functioning exercises, which is delivered 2 times per week for the first 8 weeks and 1 time per week for the following 4 weeks by a therapist via videoconferencing technology. At the end of week 12, participants will be asked to continue the program in their home for up to 1 year post-intervention using handouts.</description>
    <arm_group_label>rDirectCAM</arm_group_label>
  </intervention>
  <eligibility>
    <criteria>
      <textblock>
        Inclusion Criteria:&#xD;
&#xD;
          -  Physician permission to participate in the study&#xD;
&#xD;
          -  Mild to moderate disability (i.e., ambulate with/without assistive device,&#xD;
             Patient-Determined Disease Steps [PDDS] 0 - 7&#xD;
&#xD;
          -  Able to use arms/legs for exercise&#xD;
&#xD;
        Exclusion Criteria:&#xD;
&#xD;
          -  Significant visual acuity that prevents seeing a tablet screen to follow home exercise&#xD;
             program&#xD;
&#xD;
          -  Cardiovascular disease event within the last six months, several pulmonary disease,&#xD;
             and/or renal failure&#xD;
&#xD;
          -  Active pressure ulcers&#xD;
&#xD;
          -  Currently pregnant&#xD;
&#xD;
          -  Within 30 days of receiving a rehabilitation program&#xD;
&#xD;
          -  Already meeting physical activity guidelines (GLTEQ &gt; 24)&#xD;
      </textblock>
    </criteria>
    <gender>All</gender>
    <minimum_age>18 Years</minimum_age>
    <maximum_age>70 Years</maximum_age>
    <healthy_volunteers>No</healthy_volunteers>
  </eligibility>
  <overall_contact>
    <last_name>Emily Goodner, MS</last_name>
    <phone>205-403-5512</phone>
    <email>emilysg@uab.edu</email>
  </overall_contact>
  <overall_contact_backup>
    <last_name>Hui-Ju Young, PhD</last_name>
    <phone>205-403-5521</phone>
    <email>hjyoung@uab.edu</email>
  </overall_contact_backup>
  <location>
    <facility>
      <name>Upstream Rehabilitation Inc.</name>
      <address>
        <city>Athens</city>
        <state>Alabama</state>
        <zip>35613</zip>
        <country>United States</country>
      </address>
    </facility>
    <status>Recruiting</status>
    <contact>
      <last_name>Katie Shipman, PT</last_name>
      <phone>256-233-2313</phone>
    </contact>
    <contact_backup>
      <last_name>Ethan Hoback, PTA</last_name>
      <phone>256-233-2313</phone>
    </contact_backup>
  </location>
  <location>
    <facility>
      <name>Upstream Rehabilitation Inc.</name>
      <address>
        <city>Bessemer</city>
        <state>Alabama</state>
        <zip>35022</zip>
        <country>United States</country>
      </address>
    </facility>
    <status>Recruiting</status>
    <contact>
      <last_name>Jennifer Glascock, PT</last_name>
      <phone>205-230-0400</phone>
    </contact>
    <contact_backup>
      <last_name>Richard Riley, PTA</last_name>
      <phone>205-230-0400</phone>
    </contact_backup>
  </location>
  <location>
    <facility>
      <name>Tanner Foundation</name>
      <address>
        <city>Birmingham</city>
        <state>Alabama</state>
        <zip>35209</zip>
        <country>United States</country>
      </address>
    </facility>
    <status>Recruiting</status>
    <contact>
      <last_name>Bess Martin, PT</last_name>
      <phone>205-803-2210</phone>
    </contact>
    <contact_backup>
      <last_name>Virginia Weinacker, PT</last_name>
      <phone>205-803-2210</phone>
    </contact_backup>
  </location>
  <location>
    <facility>
      <name>Upstream Rehabilitation Inc.</name>
      <address>
        <city>Calera</city>
        <state>Alabama</state>
        <zip>35040</zip>
        <country>United States</country>
      </address>
    </facility>
    <status>Recruiting</status>
    <contact>
      <last_name>Lauren James, PT</last_name>
      <phone>205-668-6900</phone>
    </contact>
    <contact_backup>
      <last_name>Krystale Barksdale, PT</last_name>
      <phone>205-668-6900</phone>
    </contact_backup>
  </location>
  <location>
    <facility>
      <name>Upstream Rehabilitation Inc.</name>
      <address>
        <city>Cullman</city>
        <state>Alabama</state>
        <zip>35058</zip>
        <country>United States</country>
      </address>
    </facility>
    <status>Recruiting</status>
    <contact>
      <last_name>Scott Cooley, PTA</last_name>
      <phone>256-739-1370</phone>
    </contact>
  </location>
  <location>
    <facility>
      <name>Southeast Alabama Medical Center Rehabilitation Services</name>
      <address>
        <city>Dothan</city>
        <state>Alabama</state>
        <zip>36301</zip>
        <country>United States</country>
      </address>
    </facility>
    <status>Recruiting</status>
    <contact>
      <last_name>Lindsay Hollman, PT</last_name>
      <phone>334-712-3726</phone>
    </contact>
    <contact_backup>
      <last_name>Elizabeth Reinelt, PTA</last_name>
      <phone>334-712-3726</phone>
    </contact_backup>
  </location>
  <location>
    <facility>
      <name>Gulf Coast Therapy</name>
      <address>
        <city>Fairhope</city>
        <state>Alabama</state>
        <zip>36532</zip>
        <country>United States</country>
      </address>
    </facility>
    <status>Recruiting</status>
    <contact>
      <last_name>Cindy Powell, CHT</last_name>
      <phone>251-928-7312</phone>
    </contact>
  </location>
  <location>
    <facility>
      <name>Gulf Coast Therapy</name>
      <address>
        <city>Foley</city>
        <state>Alabama</state>
        <zip>36536</zip>
        <country>United States</country>
      </address>
    </facility>
    <status>Recruiting</status>
    <contact>
      <last_name>Cindy Powell, CHT</last_name>
      <phone>251-823-0888</phone>
    </contact>
  </location>
  <location>
    <facility>
      <name>Encore Rehabilitation</name>
      <address>
        <city>Fort Payne</city>
        <state>Alabama</state>
        <zip>35967</zip>
        <country>United States</country>
      </address>
    </facility>
    <status>Recruiting</status>
    <contact>
      <last_name>Kimberly Bryan, PT</last_name>
    </contact>
    <contact_backup>
      <last_name>Lisa Goldman, PT</last_name>
    </contact_backup>
  </location>
  <location>
    <facility>
      <name>Upstream Rehabilitation Inc.</name>
      <address>
        <city>Gadsden</city>
        <state>Alabama</state>
        <zip>35906</zip>
        <country>United States</country>
      </address>
    </facility>
    <status>Recruiting</status>
    <contact>
      <last_name>Cory Fuller, PT</last_name>
      <phone>256-549-6387</phone>
    </contact>
    <contact_backup>
      <last_name>Sam Norton, PTA</last_name>
      <phone>256-549-6387</phone>
    </contact_backup>
  </location>
  <location>
    <facility>
      <name>Therapy Achievements</name>
      <address>
        <city>Huntsville</city>
        <state>Alabama</state>
        <zip>35801</zip>
        <country>United States</country>
      </address>
    </facility>
    <status>Recruiting</status>
    <contact>
      <last_name>Karen Hislop, OT</last_name>
      <phone>256-509-4398</phone>
    </contact>
    <contact_backup>
      <last_name>Kristen McCombs, OTA</last_name>
      <phone>256-509-4398</phone>
    </contact_backup>
  </location>
  <location>
    <facility>
      <name>Upstream Rehabilitation Inc.</name>
      <address>
        <city>Jacksonville</city>
        <state>Alabama</state>
        <zip>36265</zip>
        <country>United States</country>
      </address>
    </facility>
    <status>Recruiting</status>
    <contact>
      <last_name>Andrew Gulbert</last_name>
      <phone>256-365-2792</phone>
    </contact>
    <contact_backup>
      <last_name>James Warren</last_name>
      <phone>256-365-2792</phone>
    </contact_backup>
  </location>
  <location>
    <facility>
      <name>Upstream Rehabilitation Inc.</name>
      <address>
        <city>Jasper</city>
        <state>Alabama</state>
        <zip>35501</zip>
        <country>United States</country>
      </address>
    </facility>
    <status>Recruiting</status>
    <contact>
      <last_name>Judy Gazdag, PT</last_name>
      <phone>205-385-7919</phone>
    </contact>
    <contact_backup>
      <last_name>Alayna Jordan, PTA</last_name>
      <phone>205-385-7919</phone>
    </contact_backup>
  </location>
  <location>
    <facility>
      <name>Gulf Coast Therapy</name>
      <address>
        <city>Mobile</city>
        <state>Alabama</state>
        <zip>36607</zip>
        <country>United States</country>
      </address>
    </facility>
    <status>Recruiting</status>
    <contact>
      <last_name>Cindy Powell, CHT</last_name>
      <phone>251-476-0525</phone>
    </contact>
  </location>
  <location>
    <facility>
      <name>Montgomery East Physical Therapy</name>
      <address>
        <city>Montgomery</city>
        <state>Alabama</state>
        <zip>36117</zip>
        <country>United States</country>
      </address>
    </facility>
    <status>Recruiting</status>
    <contact>
      <last_name>Linda Perez, PT</last_name>
      <phone>334-244-5892</phone>
    </contact>
    <contact_backup>
      <last_name>Sandra Whaley, PT</last_name>
      <phone>334-244-5892</phone>
    </contact_backup>
  </location>
  <location>
    <facility>
      <name>Upstream Rehabilitation Inc.</name>
      <address>
        <city>Muscle Shoals</city>
        <state>Alabama</state>
        <zip>35674</zip>
        <country>United States</country>
      </address>
    </facility>
    <status>Recruiting</status>
    <contact>
      <last_name>Erin Pounders, PT</last_name>
      <phone>256-978-4001</phone>
    </contact>
    <contact_backup>
      <last_name>Julie Glasgow, PT</last_name>
      <phone>256-978-4001</phone>
    </contact_backup>
  </location>
  <location>
    <facility>
      <name>Encore Rehabilitation</name>
      <address>
        <city>Phenix City</city>
        <state>Alabama</state>
        <zip>36867</zip>
        <country>United States</country>
      </address>
    </facility>
    <status>Recruiting</status>
    <contact>
      <last_name>Julia Krahm, PT</last_name>
      <phone>334-384-6966</phone>
    </contact>
  </location>
  <location>
    <facility>
      <name>Upstream Rehabilitation Inc.</name>
      <address>
        <city>Tuscaloosa</city>
        <state>Alabama</state>
        <zip>35046</zip>
        <country>United States</country>
      </address>
    </facility>
    <status>Recruiting</status>
    <contact>
      <last_name>Tracy Leavelle, PT</last_name>
      <phone>205-752-0845</phone>
    </contact>
    <contact_backup>
      <last_name>Zachary Cox, PT</last_name>
      <phone>205-752-0845</phone>
    </contact_backup>
  </location>
  <location>
    <facility>
      <name>Cornerstone Rehabilitation</name>
      <address>
        <city>Batesville</city>
        <state>Mississippi</state>
        <zip>38668</zip>
        <country>United States</country>
      </address>
    </facility>
    <status>Recruiting</status>
    <contact>
      <last_name>Andrew Jerries, PT</last_name>
      <phone>662-578-7799</phone>
    </contact>
    <contact_backup>
      <last_name>Will Gusmus, PTA</last_name>
      <phone>662-578-7799</phone>
    </contact_backup>
  </location>
  <location>
    <facility>
      <name>Upstream Rehabilitation Inc.</name>
      <address>
        <city>Byram</city>
        <state>Mississippi</state>
        <zip>39272</zip>
        <country>United States</country>
      </address>
    </facility>
    <status>Recruiting</status>
    <contact>
      <last_name>Jason Downard, PT</last_name>
      <phone>601-346-9191</phone>
    </contact>
    <contact_backup>
      <last_name>Reid Harrison, PT</last_name>
      <phone>601-346-9191</phone>
    </contact_backup>
  </location>
  <location>
    <facility>
      <name>Upstream Rehabilitation Inc.</name>
      <address>
        <city>Canton</city>
        <state>Mississippi</state>
        <zip>39046</zip>
        <country>United States</country>
      </address>
    </facility>
    <status>Recruiting</status>
    <contact>
      <last_name>Rachel Smith, PT</last_name>
      <phone>601-859-3776</phone>
    </contact>
  </location>
  <location>
    <facility>
      <name>Upstream Rehabilitation Inc.</name>
      <address>
        <city>Columbus</city>
        <state>Mississippi</state>
        <zip>39702</zip>
        <country>United States</country>
      </address>
    </facility>
    <status>Recruiting</status>
    <contact>
      <last_name>Kayla Hatcher, PT</last_name>
      <phone>662-241-4545</phone>
    </contact>
    <contact_backup>
      <last_name>Emily Myers, PT</last_name>
      <phone>662-241-4545</phone>
    </contact_backup>
  </location>
  <location>
    <facility>
      <name>Upstrem Rehabilitation</name>
      <address>
        <city>Forest</city>
        <state>Mississippi</state>
        <zip>39074</zip>
        <country>United States</country>
      </address>
    </facility>
    <status>Recruiting</status>
    <contact>
      <last_name>Amanda Cox, PT</last_name>
      <phone>601-287-8007</phone>
    </contact>
    <contact_backup>
      <last_name>Jennifer Lollar, PTA</last_name>
      <phone>662-869-9980</phone>
    </contact_backup>
  </location>
  <location>
    <facility>
      <name>Upstream Rehabilitation Inc.</name>
      <address>
        <city>Fulton</city>
        <state>Mississippi</state>
        <zip>38843</zip>
        <country>United States</country>
      </address>
    </facility>
    <status>Recruiting</status>
    <contact>
      <last_name>Jackie Smith, PT</last_name>
      <phone>662-862-4104</phone>
    </contact>
    <contact_backup>
      <last_name>Amy Brown, PTA</last_name>
      <phone>662-862-4104</phone>
    </contact_backup>
  </location>
  <location>
    <facility>
      <name>River City Rehabilitation</name>
      <address>
        <city>Greenville</city>
        <state>Mississippi</state>
        <zip>38703</zip>
        <country>United States</country>
      </address>
    </facility>
    <status>Recruiting</status>
    <contact>
      <last_name>Tracy Tracy, OT, MSCS</last_name>
    </contact>
  </location>
  <location>
    <facility>
      <name>Encore Rehabilitation</name>
      <address>
        <city>Grenada</city>
        <state>Mississippi</state>
        <zip>38901</zip>
        <country>United States</country>
      </address>
    </facility>
    <status>Recruiting</status>
    <contact>
      <last_name>Ben Edwards, PT</last_name>
      <phone>662-294-1007</phone>
    </contact>
  </location>
  <location>
    <facility>
      <name>Upstream Rehabilitation Inc.</name>
      <address>
        <city>Hattiesburg</city>
        <state>Mississippi</state>
        <zip>39402</zip>
        <country>United States</country>
      </address>
    </facility>
    <status>Recruiting</status>
    <contact>
      <last_name>Doug Peterman, PT</last_name>
      <phone>601-336-7155</phone>
    </contact>
    <contact_backup>
      <last_name>Catherine Crutcher, PT</last_name>
      <phone>601-336-7155</phone>
    </contact_backup>
  </location>
  <location>
    <facility>
      <name>Methodist Rehabilitation Center</name>
      <address>
        <city>Jackson</city>
        <state>Mississippi</state>
        <zip>39216</zip>
        <country>United States</country>
      </address>
    </facility>
    <status>Recruiting</status>
    <contact>
      <last_name>Susan Geiger, PT</last_name>
      <phone>601-981-2611</phone>
    </contact>
    <contact_backup>
      <last_name>Lisa Indset, PT</last_name>
      <phone>601-981-2611</phone>
    </contact_backup>
  </location>
  <location>
    <facility>
      <name>Encore Rehabilitation</name>
      <address>
        <city>Ocean Springs</city>
        <state>Mississippi</state>
        <zip>39564</zip>
        <country>United States</country>
      </address>
    </facility>
    <status>Recruiting</status>
    <contact>
      <last_name>Ashley Campbell, PT</last_name>
    </contact>
    <contact_backup>
      <last_name>Amy Farrar, PT</last_name>
    </contact_backup>
  </location>
  <location>
    <facility>
      <name>North Sunflower Medical Center</name>
      <address>
        <city>Ruleville</city>
        <state>Mississippi</state>
        <zip>38771</zip>
        <country>United States</country>
      </address>
    </facility>
    <status>Recruiting</status>
    <contact>
      <last_name>Carmen Oguz, PT</last_name>
      <phone>662-756-4000</phone>
    </contact>
  </location>
  <location>
    <facility>
      <name>Cornerstone Rehabilitation</name>
      <address>
        <city>Southaven</city>
        <state>Mississippi</state>
        <zip>38671</zip>
        <country>United States</country>
      </address>
    </facility>
    <status>Recruiting</status>
    <contact>
      <last_name>Jason Brady, PT</last_name>
      <phone>662-349-2489</phone>
    </contact>
    <contact_backup>
      <last_name>Katie Pounds</last_name>
      <phone>662-349-2489</phone>
    </contact_backup>
  </location>
  <location>
    <facility>
      <name>Upstream Rehabilitation Inc.</name>
      <address>
        <city>Starkville</city>
        <state>Mississippi</state>
        <zip>39759</zip>
        <country>United States</country>
      </address>
    </facility>
    <status>Recruiting</status>
    <contact>
      <last_name>Mann Conrad, PT</last_name>
      <phone>662-268-8013</phone>
    </contact>
  </location>
  <location>
    <facility>
      <name>Upstream Rehabilitation Inc.</name>
      <address>
        <city>Tupelo</city>
        <state>Mississippi</state>
        <zip>38801</zip>
        <country>United States</country>
      </address>
    </facility>
    <status>Recruiting</status>
    <contact>
      <last_name>Joe Elmer, PT</last_name>
      <phone>662-680-5216</phone>
    </contact>
    <contact_backup>
      <last_name>Jermenta Gardner, PTA</last_name>
      <phone>662-680-5216</phone>
    </contact_backup>
  </location>
  <location>
    <facility>
      <name>Cornerstone Rehabilitation</name>
      <address>
        <city>Water Valley</city>
        <state>Mississippi</state>
        <zip>38965</zip>
        <country>United States</country>
      </address>
    </facility>
    <status>Recruiting</status>
    <contact>
      <last_name>Jennifer McGavock, PT</last_name>
      <phone>662-473-4777</phone>
    </contact>
    <contact_backup>
      <last_name>Chad Montgomery, PTA</last_name>
      <phone>662-473-4777</phone>
    </contact_backup>
  </location>
  <location>
    <facility>
      <name>Upstream Rehabilitation Inc.</name>
      <address>
        <city>Bristol</city>
        <state>Tennessee</state>
        <zip>37620</zip>
        <country>United States</country>
      </address>
    </facility>
    <status>Recruiting</status>
    <contact>
      <last_name>Tracy Tracy, OT, MSCS</last_name>
    </contact>
  </location>
  <location>
    <facility>
      <name>Upstream Rehabilitation Inc.</name>
      <address>
        <city>Cool Springs</city>
        <state>Tennessee</state>
        <zip>37067</zip>
        <country>United States</country>
      </address>
    </facility>
    <status>Recruiting</status>
    <contact>
      <last_name>Laura Spraetz, PT</last_name>
    </contact>
  </location>
  <location>
    <facility>
      <name>Upstream Rehabilitation Inc.</name>
      <address>
        <city>Gordonsville</city>
        <state>Tennessee</state>
        <zip>38563</zip>
        <country>United States</country>
      </address>
    </facility>
    <status>Recruiting</status>
    <contact>
      <last_name>Julian McGee, PT</last_name>
    </contact>
  </location>
  <location>
    <facility>
      <name>Upstream Rehabilitation Inc.</name>
      <address>
        <city>Knoxville</city>
        <state>Tennessee</state>
        <zip>37931</zip>
        <country>United States</country>
      </address>
    </facility>
    <status>Recruiting</status>
    <contact>
      <last_name>Danielle Hmielewski, PT</last_name>
    </contact>
  </location>
  <location>
    <facility>
      <name>Upstream Rehabilitation Inc.</name>
      <address>
        <city>Newport</city>
        <state>Tennessee</state>
        <zip>37821</zip>
        <country>United States</country>
      </address>
    </facility>
    <status>Recruiting</status>
    <contact>
      <last_name>Tracy Tracy, OT, MSCS</last_name>
    </contact>
  </location>
  <location>
    <facility>
      <name>Upstream Rehabilitation Inc.</name>
      <address>
        <city>Winchester</city>
        <state>Tennessee</state>
        <zip>37398</zip>
        <country>United States</country>
      </address>
    </facility>
    <status>Recruiting</status>
    <contact>
      <last_name>Leslie Sharpe, PT</last_name>
    </contact>
  </location>
  <location_countries>
    <country>United States</country>
  </location_countries>
  <verification_date>October 2020</verification_date>
  <study_first_submitted>April 5, 2017</study_first_submitted>
  <study_first_submitted_qc>April 12, 2017</study_first_submitted_qc>
  <study_first_posted type="Actual">April 18, 2017</study_first_posted>
  <last_update_submitted>October 15, 2020</last_update_submitted>
  <last_update_submitted_qc>October 15, 2020</last_update_submitted_qc>
  <last_update_posted type="Actual">October 19, 2020</last_update_posted>
  <responsible_party>
    <responsible_party_type>Principal Investigator</responsible_party_type>
    <investigator_affiliation>University of Alabama at Birmingham</investigator_affiliation>
    <investigator_full_name>James Rimmer</investigator_full_name>
    <investigator_title>Principal Investigator</investigator_title>
  </responsible_party>
  <keyword>Multiple Sclerosis</keyword>
  <keyword>Yoga</keyword>
  <keyword>Pilates</keyword>
  <keyword>Telerehabilitation</keyword>
  <keyword>Physical activity</keyword>
  <condition_browse>
    <!-- CAUTION:  The following MeSH terms are assigned with an imperfect algorithm            -->
    <mesh_term>Multiple Sclerosis</mesh_term>
    <mesh_term>Sclerosis</mesh_term>
  </condition_browse>
  <patient_data>
    <sharing_ipd>No</sharing_ipd>
  </patient_data>
  <!-- Results have not yet been posted for this study                                          -->
</clinical_study>

