<?xml version="1.0" encoding="UTF-8"?>
<clinical_study rank="2931">
  <!-- This xml conforms to an XML Schema at:
    https://clinicaltrials.gov/ct2/html/images/info/public.xsd -->
  <required_header>
    <download_date>ClinicalTrials.gov processed this data on April 14, 2021</download_date>
    <link_text>Link to the current ClinicalTrials.gov record.</link_text>
    <url>https://clinicaltrials.gov/show/NCT04299152</url>
  </required_header>
  <id_info>
    <org_study_id>2020-TH-001</org_study_id>
    <nct_id>NCT04299152</nct_id>
  </id_info>
  <brief_title>Stem Cell Educator Therapy Treat the Viral Inflammation in COVID-19</brief_title>
  <official_title>Clinical Application of Stem Cell Educator Therapy for the Treatment of Viral Inflammation Caused by Severe Acute Respiratory Syndrome Coronavirus 2 (SARS-CoV-2)</official_title>
  <sponsors>
    <lead_sponsor>
      <agency>Tianhe Stem Cell Biotechnologies Inc.</agency>
      <agency_class>Industry</agency_class>
    </lead_sponsor>
  </sponsors>
  <source>Tianhe Stem Cell Biotechnologies Inc.</source>
  <oversight_info>
    <has_dmc>Yes</has_dmc>
    <is_fda_regulated_drug>Yes</is_fda_regulated_drug>
    <is_fda_regulated_device>Yes</is_fda_regulated_device>
  </oversight_info>
  <brief_summary>
    <textblock>
      Currently, the growing epidemic of a new coronavirus infectious disease (Covid-19) is&#xD;
      wreaking havoc worldwide, which is caused by the severe acute respiratory syndrome&#xD;
      coronavirus 2 (SARS-CoV-2). SARS-CoV-2 is a RNA virus that display high similarity in both&#xD;
      genomic and proteomic profiling with SARS-CoV that first emerged in humans in 2003 in China.&#xD;
      Therefore, preventing and controlling the pandemic occurrences are extremely urgent as a&#xD;
      global top priority. Due to the lack of effective antiviral drugs, patients may be treated by&#xD;
      only addressing their symptoms such as reducing fever. Clinical autopsies from&#xD;
      SARS-CoV-infected patients demonstrated that there were major pathological changes in the&#xD;
      lungs, immune organs, and small systemic blood vessels with vasculitis. However, the&#xD;
      detection of SARS-CoV were primarily found in the lung and trachea/bronchus, but was&#xD;
      undetectable in spleen, lymph nodes, bone marrow, heart and aorta, highlighting the&#xD;
      overreaction of immune responses induced by viral infection were really harmful, resulting in&#xD;
      the pathogenesis of lungs, immune organs, and small systemic blood vessels. To this respect,&#xD;
      immune modulation strategy may be potentially beneficial to enhance anti-viral immunity and&#xD;
      efficiently reduce the viral load, improve clinical outcomes, expedite the patient recovery,&#xD;
      and decline the rate of mortality in patients after being infected with SARS-CoV-2. Tianhe&#xD;
      Stem Cell Biotechnologies Inc. has developed a novel globally-patented Stem Cell Educator&#xD;
      (SCE) technology designed to reverse the autoimmune response in Type 1 diabetes (T1D),&#xD;
      Alopecia Areata (AA) and other autoimmune diseases. SCE therapy uses human multipotent cord&#xD;
      blood stem cells (CB-SC) from human cord blood. Their properties distinguish CB-SC from other&#xD;
      known stem cell types, including mesenchymal stem cells (MSC) and hematopoietic stem cells&#xD;
      (HSC). Several clinical studies show that SCE therapy functions via CB-SC induction of immune&#xD;
      tolerance in autoimmune T cells and restore immune balance and homeostasis in patients with&#xD;
      T1D, AA and other inflammation-associated diseases. To correct the overreaction of&#xD;
      overreaction of immune responses, the investigators plan to treat SARS-CoV-2 patients with&#xD;
      Stem Cell Educator therapy.&#xD;
    </textblock>
  </brief_summary>
  <detailed_description>
    <textblock>
      This is a prospective, two-arm, partially masked, single center clinical study to assess the&#xD;
      safety, feasibility, and efficacy of SCE therapy for the treatment of patients with&#xD;
      SARS-CoV-2 infection. Patients will be evaluated by the study principal investigator or&#xD;
      co-investigators. Informed consent will be obtained at the initial screening visit. Subjects&#xD;
      who meet all criteria will be scheduled for treatment. All enrolled subjects will receive one&#xD;
      treatment with the SCE therapy consisting of a single session of mononuclear cells (MNC)&#xD;
      collection by apheresis of blood. The MNC product will be treated with the SCE, and followed&#xD;
      by an infusion intravenously back to the patient. The SCE-treated subjects will be evaluated&#xD;
      according to the schedules of follow-up studies within 4 weeks.&#xD;
    </textblock>
  </detailed_description>
  <overall_status>Not yet recruiting</overall_status>
  <start_date type="Anticipated">November 10, 2020</start_date>
  <completion_date type="Anticipated">November 10, 2021</completion_date>
  <primary_completion_date type="Anticipated">October 9, 2021</primary_completion_date>
  <phase>Phase 2</phase>
  <study_type>Interventional</study_type>
  <has_expanded_access>No</has_expanded_access>
  <study_design_info>
    <allocation>Randomized</allocation>
    <intervention_model>Parallel Assignment</intervention_model>
    <intervention_model_description>This is a prospective, two-arm, partially masked, single center clinical study to assess the safety, feasibility, and efficacy of SCE therapy for the treatment of patients with SARS-CoV-2.</intervention_model_description>
    <primary_purpose>Treatment</primary_purpose>
    <masking>Single (Care Provider)</masking>
  </study_design_info>
  <primary_outcome>
    <measure>Determine the number of Covid-19 patients who were unable to complete SCE Therapy</measure>
    <time_frame>4 weeks</time_frame>
    <description>The feasibility will be evaluated by the number of Covid-19 patients who were unable to complete SCE Therapy.</description>
  </primary_outcome>
  <secondary_outcome>
    <measure>Examine the percentage of activated T cells after SCE therapy by flow cytometry</measure>
    <time_frame>4 weeks</time_frame>
    <description>Measurements of immune markers' changes will be preformed by flow cytometry such as activated T cells. Peripheral blood mononuclear cells (PBMC) will be collected at 1, 3, 6, 9, 12, 28 day post the SCE therapy.</description>
  </secondary_outcome>
  <secondary_outcome>
    <measure>Assess the percentage of Th17 cells after SCE therapy by flow cytometry</measure>
    <time_frame>4 weeks</time_frame>
    <description>Measurements of immune marker's changes will be preformed by flow cytometry such as the percentage of Th17 cells. Peripheral blood mononuclear cells (PBMC) will be collected at 1, 3, 6, 9, 12, 28 day post the SCE therapy.</description>
  </secondary_outcome>
  <secondary_outcome>
    <measure>Chest imaging changes by computed tomography (CT) scan of the chest</measure>
    <time_frame>4 weeks</time_frame>
    <description>Patients will be monitored for their chest imaging every 3 - 5 days for 4 weeks after receiving SCE therapy.</description>
  </secondary_outcome>
  <secondary_outcome>
    <measure>Quantification of the SARS-CoV-2 viral load by real time RT-PCR</measure>
    <time_frame>4 weeks</time_frame>
    <description>To determine the viral load by real time RT-PCR, samples of blood, sputum, nose / throat swab will be collected from patients during the follow-up studies after receiving SCE therapy.</description>
  </secondary_outcome>
  <number_of_arms>2</number_of_arms>
  <enrollment type="Anticipated">20</enrollment>
  <condition>Severe Acute Respiratory Syndrome (SARS) Pneumonia</condition>
  <arm_group>
    <arm_group_label>Stem Cell Educator therapy treat patients with SARS-CoV-2</arm_group_label>
    <arm_group_type>Experimental</arm_group_type>
    <description>SCE therapy circulates a patient's blood through a blood cell separator, briefly cocultures the patient's immune cells with adherent CB-SC in vitro, and returns the &quot;educated&quot; autologous immune cells to the patient's circulation.</description>
  </arm_group>
  <arm_group>
    <arm_group_label>Conventional treatment of patients with SARS-CoV-2</arm_group_label>
    <arm_group_type>No Intervention</arm_group_type>
    <description>Patients will receive the regular treatments by only addressing their symptoms such as reducing fever and cough.</description>
  </arm_group>
  <intervention>
    <intervention_type>Combination Product</intervention_type>
    <intervention_name>Stem Cell Educator-Treated Mononuclear Cells Apheresis</intervention_name>
    <description>SCE therapy circulates a patient's blood through a blood cell separator, briefly cocultures the patient's immune cells with adherent CB-SC in vitro, and returns the &quot;educated&quot; autologous immune cells to the patient's circulation.</description>
    <arm_group_label>Stem Cell Educator therapy treat patients with SARS-CoV-2</arm_group_label>
  </intervention>
  <eligibility>
    <criteria>
      <textblock>
        Inclusion Criteria:&#xD;
&#xD;
          1. Adult patients (18 years)&#xD;
&#xD;
          2. Must have a clinical diagnosis of SARS-CoV-2, with at least one of clinical symptoms&#xD;
             (e.g., fever ≥38°C, fatigue, cough) and a positive result by the reverse-transcription&#xD;
             polymerase chain reaction (RT-PCR) testing&#xD;
&#xD;
          3. Patients must not have received any antiviral treatments known to affect SARS-CoV-2&#xD;
&#xD;
          4. Patients must agree that they are not permitted to use any other treatment to affect&#xD;
             SARS-CoV-2 during a period of 6 months after undergoing SCE therapy&#xD;
&#xD;
          5. Adequate venous access for apheresis&#xD;
&#xD;
          6. Ability to provide informed consent&#xD;
&#xD;
          7. For female patients only, willingness to use FDA-recommended birth control&#xD;
             (http://www.fda.gov/downloads/ForConsumers/ByAudience/ForWomen/FreePublications/UCM356&#xD;
             451.pdf) until 6 months post treatment.&#xD;
&#xD;
          8. Must agree to comply with all study requirements and be willing to complete all study&#xD;
             visits&#xD;
&#xD;
        Exclusion Criteria:&#xD;
&#xD;
          1. AST or ALT 2 &gt; x upper limit of normal.&#xD;
&#xD;
          2. Abnormal bilirubin (total bilirubin &gt; 1.2 mg/dL, direct bilirubin &gt; 0.4 mg/dL)&#xD;
&#xD;
          3. Creatinine &gt; 2.0 mg/dl.&#xD;
&#xD;
          4. Known coronary artery disease or EKG suggestive of coronary artery disease unless&#xD;
             cardiac clearance for apheresis is obtained from a cardiologist.&#xD;
&#xD;
          5. Known active infection such as Hepatitis B, Hepatitis C, or Human Immunodeficiency&#xD;
             Virus (HIV)&#xD;
&#xD;
          6. Pregnancy assessed by a positive serum pregnancy test or breastfeeding mothers&#xD;
&#xD;
          7. Use of immunosuppressive medication within one month of enrollment including but not&#xD;
             limited to cyclosporine, tacrolimus, sirolimus, and chemotherapy.&#xD;
&#xD;
          8. Anticoagulation other than ASA.&#xD;
&#xD;
          9. Hemoglobin &lt; 10 g/dl or platelets &lt; 100 k/ml&#xD;
&#xD;
         10. Is unable or unwilling to provide informed consent&#xD;
&#xD;
         11. Presence of any other physical or psychological medical condition that, in the opinion&#xD;
             of the investigator, would preclude participation&#xD;
      </textblock>
    </criteria>
    <gender>All</gender>
    <minimum_age>18 Years</minimum_age>
    <maximum_age>60 Years</maximum_age>
    <healthy_volunteers>No</healthy_volunteers>
  </eligibility>
  <overall_official>
    <last_name>Heng Li, MD,PhD</last_name>
    <role>Study Director</role>
    <affiliation>Tianhe Stem Cell Biotechnologies Inc.</affiliation>
  </overall_official>
  <overall_contact>
    <last_name>Laura Zhao</last_name>
    <phone>2019880290</phone>
    <email>info@TianheCell.com</email>
  </overall_contact>
  <link>
    <url>http://www.tianhecell.com/</url>
    <description>Tianhe Stem Cell Biotechnologies Inc</description>
  </link>
  <reference>
    <citation>Zhao Y, Jiang Z, Zhao T, Ye M, Hu C, Yin Z, Li H, Zhang Y, Diao Y, Li Y, Chen Y, Sun X, Fisk MB, Skidgel R, Holterman M, Prabhakar B, Mazzone T. Reversal of type 1 diabetes via islet β cell regeneration following immune modulation by cord blood-derived multipotent stem cells. BMC Med. 2012 Jan 10;10:3. doi: 10.1186/1741-7015-10-3.</citation>
    <PMID>22233865</PMID>
  </reference>
  <reference>
    <citation>Zhao Y. Stem cell educator therapy and induction of immune balance. Curr Diab Rep. 2012 Oct;12(5):517-23. doi: 10.1007/s11892-012-0308-1. Review.</citation>
    <PMID>22833322</PMID>
  </reference>
  <reference>
    <citation>Zhao Y, Jiang Z, Zhao T, Ye M, Hu C, Zhou H, Yin Z, Chen Y, Zhang Y, Wang S, Shen J, Thaker H, Jain S, Li Y, Diao Y, Chen Y, Sun X, Fisk MB, Li H. Targeting insulin resistance in type 2 diabetes via immune modulation of cord blood-derived multipotent stem cells (CB-SCs) in stem cell educator therapy: phase I/II clinical trial. BMC Med. 2013 Jul 9;11:160. doi: 10.1186/1741-7015-11-160.</citation>
    <PMID>23837842</PMID>
  </reference>
  <reference>
    <citation>Li Y, Yan B, Wang H, Li H, Li Q, Zhao D, Chen Y, Zhang Y, Li W, Zhang J, Wang S, Shen J, Li Y, Guindi E, Zhao Y. Hair regrowth in alopecia areata patients following Stem Cell Educator therapy. BMC Med. 2015 Apr 20;13:87. doi: 10.1186/s12916-015-0331-6.</citation>
    <PMID>25896390</PMID>
  </reference>
  <reference>
    <citation>Delgado E, Perez-Basterrechea M, Suarez-Alvarez B, Zhou H, Revuelta EM, Garcia-Gala JM, Perez S, Alvarez-Viejo M, Menendez E, Lopez-Larrea C, Tang R, Zhu Z, Hu W, Moss T, Guindi E, Otero J, Zhao Y. Modulation of Autoimmune T-Cell Memory by Stem Cell Educator Therapy: Phase 1/2 Clinical Trial. EBioMedicine. 2015 Nov 5;2(12):2024-36. doi: 10.1016/j.ebiom.2015.11.003. eCollection 2015 Dec.</citation>
    <PMID>26844283</PMID>
  </reference>
  <reference>
    <citation>Zhao Y, Jiang Z, Delgado E, Li H, Zhou H, Hu W, Perez-Basterrechea M, Janostakova A, Tan Q, Wang J, Mao M, Yin Z, Zhang Y, Li Y, Li Q, Zhou J, Li Y, Martinez Revuelta E, Maria García-Gala J, Wang H, Perez-Lopez S, Alvarez-Viejo M, Menendez E, Moss T, Guindi E, Otero J. Platelet-Derived Mitochondria Display Embryonic Stem Cell Markers and Improve Pancreatic Islet β-cell Function in Humans. Stem Cells Transl Med. 2017 Aug;6(8):1684-1697. doi: 10.1002/sctm.17-0078. Epub 2017 Jul 7.</citation>
    <PMID>28685960</PMID>
  </reference>
  <verification_date>April 2020</verification_date>
  <study_first_submitted>February 28, 2020</study_first_submitted>
  <study_first_submitted_qc>March 5, 2020</study_first_submitted_qc>
  <study_first_posted type="Actual">March 6, 2020</study_first_posted>
  <last_update_submitted>October 23, 2020</last_update_submitted>
  <last_update_submitted_qc>October 23, 2020</last_update_submitted_qc>
  <last_update_posted type="Actual">October 27, 2020</last_update_posted>
  <responsible_party>
    <responsible_party_type>Sponsor</responsible_party_type>
  </responsible_party>
  <keyword>severe acute respiratory syndrome coronavirus</keyword>
  <keyword>Immune modulation</keyword>
  <keyword>Stem Cell Educator therapy</keyword>
  <condition_browse>
    <!-- CAUTION:  The following MeSH terms are assigned with an imperfect algorithm            -->
    <mesh_term>Severe Acute Respiratory Syndrome</mesh_term>
    <mesh_term>Coronavirus Infections</mesh_term>
    <mesh_term>Pneumonia</mesh_term>
    <mesh_term>Syndrome</mesh_term>
    <mesh_term>Inflammation</mesh_term>
  </condition_browse>
  <patient_data>
    <sharing_ipd>No</sharing_ipd>
  </patient_data>
  <!-- Results have not yet been posted for this study                                          -->
</clinical_study>

