<?xml version="1.0" encoding="UTF-8"?>
<clinical_study rank="5372">
  <!-- This xml conforms to an XML Schema at:
    https://clinicaltrials.gov/ct2/html/images/info/public.xsd -->
  <required_header>
    <download_date>ClinicalTrials.gov processed this data on April 14, 2021</download_date>
    <link_text>Link to the current ClinicalTrials.gov record.</link_text>
    <url>https://clinicaltrials.gov/show/NCT03136471</url>
  </required_header>
  <id_info>
    <org_study_id>16-906810</org_study_id>
    <nct_id>NCT03136471</nct_id>
  </id_info>
  <brief_title>Impact of CMS Reimbursement Policy Supporting Care Coordination in Louisiana</brief_title>
  <official_title>Natural Experiments of the Impact of Population-Targeted Health Policies to Prevent Diabetes and Its Complications</official_title>
  <sponsors>
    <lead_sponsor>
      <agency>Tulane University</agency>
      <agency_class>Other</agency_class>
    </lead_sponsor>
    <collaborator>
      <agency>Patient-Centered Outcomes Research Institute</agency>
      <agency_class>Other</agency_class>
    </collaborator>
  </sponsors>
  <source>Tulane University</source>
  <oversight_info>
    <has_dmc>No</has_dmc>
    <is_fda_regulated_drug>No</is_fda_regulated_drug>
    <is_fda_regulated_device>No</is_fda_regulated_device>
  </oversight_info>
  <brief_summary>
    <textblock>
      Investigators propose to use a natural experiment design to examine the impacts of the new&#xD;
      CPT code (99490) for chronic care management on health outcomes. The Investigators will&#xD;
      collaborate with partners in the Louisiana Clinical Data Research Network (LaCDRN) who serve&#xD;
      more than 90,000 patients with type 2 diabetes mellitus in Louisiana to examine impacts of&#xD;
      the CMS reimbursed care coordination. Now, LaCDRN is renamed as Research Action for Health&#xD;
      Network (REACHnet). Patient and stakeholder engagement will be planned and implemented across&#xD;
      all phases of this natural experiment. This project will examine outcome differences created&#xD;
      by the policy change in a natural experiment framework. The analyses will utilize the RE-AIM&#xD;
      framework to identify the critical elements of the programs that will enhance the reach,&#xD;
      effectiveness, adoption, implementation, and maintenance of these strategies in the diverse&#xD;
      LaCDRN diabetes populations.&#xD;
&#xD;
      PCORI Proposal COVID-19- Related Enhancement for Existing Research:&#xD;
&#xD;
      The proposed enhancement will contribute timely information to address two important&#xD;
      implications of the coronavirus pandemic:&#xD;
&#xD;
        1. Disparities in continuity of care and&#xD;
&#xD;
        2. Health systems' responsiveness in terms of telehealth delivery for high risk&#xD;
           populations.&#xD;
&#xD;
      The enhancement builds upon our current project by further examining effects of CMS payment&#xD;
      innovations to expand remotely delivered care. Our proposed study is a rapid assessment of&#xD;
      telehealth services, using an existing &quot;learning health system&quot; infrastructure to provide&#xD;
      timely, actionable evidence to inform telehealth service provision during the pandemic and&#xD;
      recovery.&#xD;
    </textblock>
  </brief_summary>
  <detailed_description>
    <textblock>
      The first aim is to evaluate the barriers and facilitators for the RE-AIM dimensions as&#xD;
      related to the new CMS chronic care management code overall and within each of the health&#xD;
      systems. The qualitative study will be used. Focus group interview will be conducted among&#xD;
      patients, healthcare professionals and stakeholders. A variety of qualitative techniques will&#xD;
      be used to collect data using key informant interviews among organization leaders of LaCDRN&#xD;
      partners to assess the organizational cultures, their social architecture, resources,&#xD;
      capacity, and communication networks. Face-to-face semi-structured interviews will be used to&#xD;
      explore these domains, assess barriers, and refine the data collection for the assessing the&#xD;
      RE-AIM framework. Further, semi-structured interviews will provide data to inform the&#xD;
      refinement of study outcomes and ensure organizational, cultural, and health-literacy&#xD;
      appropriateness. Focus groups will be audiotaped with the written consent of each&#xD;
      participant, and each tape will be transcribed verbatim and transcripts will be reviewed and&#xD;
      edited by the facilitators for accuracy. Inter-coder reliability will be examined. Interview&#xD;
      transcripts will be imported into NVivo 10 software (QSR International, Burlington, MA).&#xD;
      Codes and concepts identified in preliminary review will be refined, extended, and&#xD;
      cross-referenced. Coded texts will be structured into taxonomies and transformed into a&#xD;
      matrix format so that responses and concepts can be compared across respondent groups.&#xD;
      Finally, taxonomies and matrices will be summarized by similarities and contrasts to form&#xD;
      overarching themes and dimensions. We will use an iterative technique until theoretical&#xD;
      saturation, the point at which no additional major themes emerge, is reached. Diabetes care&#xD;
      coordination readiness assessment will be conducted with LaCDRN partner health system's&#xD;
      medical directors (organizational).&#xD;
&#xD;
      The second one is the health and economic impacts of the NFFCCM to improve health outcomes:&#xD;
      glycemic control, CVD risk reduction, medication adherence, patient-reported outcomes (PRO),&#xD;
      and health care utilization. Data extraction from the REACHnet. De-identified data from EMR&#xD;
      includes birth year, gender, race, state of residency, zip-codes, medical history, lab&#xD;
      results and prescriptions. All data comply with the Health Insurance Portability and&#xD;
      Accountability Act (HIPAA).&#xD;
&#xD;
      This proposed research is significant because it is the first natural experiment to test an&#xD;
      ongoing CMS reimbursement policy on diabetes care in Louisiana. The study questions and study&#xD;
      outcomes will be patient-centered, and will generate urgently needed data on effective,&#xD;
      practical, and sustainable population-targeted strategies aimed at reducing diabetes-related&#xD;
      disease burden in Medicare-eligible populations. Further dissemination and scale-up efforts&#xD;
      will create large return on multiple health systems and non-CMS populations.&#xD;
&#xD;
      PCORI Proposal COVID-19- Related Enhancement for Existing Research Aims:&#xD;
&#xD;
      Aim1: Examine facilitators and barriers to uptake, adoption, and implementation of telehealth&#xD;
      services among Medicare patients with diabetes from health systems', providers' and patients'&#xD;
      perspectives. With the substantial increase in telehealth encounters starting in early March&#xD;
      2020, we hypothesize disparities in adoption and implementation of telehealth at health&#xD;
      system, provider and patient levels. For example, our current project has identified&#xD;
      significant variations in NFFCCM implementation across three health systems in Louisiana. For&#xD;
      the enhancement, we intend to examine variations in health systems' implementation of&#xD;
      Medicare-reimbursable telehealth services, which may not mirror the variations we observed&#xD;
      for NFFCCM given the dramatically different context of the current pandemic.&#xD;
&#xD;
      Aim 2: Compare diabetes control and continuity of care between patients with and without&#xD;
      utilization of telehealth. We hypothesize better diabetes management among Medicare patients&#xD;
      with telehealth versus without.&#xD;
    </textblock>
  </detailed_description>
  <overall_status>Completed</overall_status>
  <start_date type="Actual">January 2017</start_date>
  <completion_date type="Actual">March 1, 2021</completion_date>
  <primary_completion_date type="Actual">December 2020</primary_completion_date>
  <study_type>Observational</study_type>
  <has_expanded_access>No</has_expanded_access>
  <study_design_info>
    <observational_model>Cohort</observational_model>
    <time_perspective>Prospective</time_perspective>
  </study_design_info>
  <primary_outcome>
    <measure>Change in use of CMS care coordination reimbursement code over 5 years</measure>
    <time_frame>5 years</time_frame>
    <description>Over 5 years the utilization of the CMS care coordination reimbursement code will be analyzed to see if there is any change in how often the code is used.</description>
  </primary_outcome>
  <primary_outcome>
    <measure>Change in glycemic control over 5 years</measure>
    <time_frame>5 years</time_frame>
    <description>Over 5 years diabetes patients extracted from the EMR will be analyzed to see if patients are able to achieve glycemic control by having a Hemoglobin A1c &lt;7% and maintain staying below 7.0%.</description>
  </primary_outcome>
  <primary_outcome>
    <measure>Change in healthcare utilization over 5 years</measure>
    <time_frame>5 years</time_frame>
    <description>Records from the EMR will be assessed by counting the number of outpatient visits, number of inpatient visits, and number of emergency room visits, to determine if there has been a change in the utilization of the healthcare system.</description>
  </primary_outcome>
  <primary_outcome>
    <measure>Change in patient satisfaction over 5 years</measure>
    <time_frame>5 years</time_frame>
    <description>Patients registered in REACHnet, diagnosed with Type 2 diabetes, and complete the PACIC+ survey will be analyzed to see if there is a change in patient satisfaction over 5 years.</description>
  </primary_outcome>
  <primary_outcome>
    <measure>Change in status of received diabetes care over 5 years</measure>
    <time_frame>5 years</time_frame>
    <description>Patients registered in REACHnet, diagnosed with Type 2 diabetes, and complete the PACIC+ survey will be analyzed to see if there is a change in the patient's status of received diabetes care over 5 years.</description>
  </primary_outcome>
  <primary_outcome>
    <measure>Change in patient reported physical health over 5 years</measure>
    <time_frame>5 years</time_frame>
    <description>Patients registered in REACHnet and complete the PROMIS survey will be analyzed to see if there is a change in patient reported physical health score over 5 years.</description>
  </primary_outcome>
  <primary_outcome>
    <measure>Glycemic Control (HbA1c) for Telehealth visits for COVID-19 patients</measure>
    <time_frame>Baseline, post-baseline period within 12 months</time_frame>
    <description>Measured before and within 12 months after 03/06/2020</description>
  </primary_outcome>
  <number_of_groups>7</number_of_groups>
  <enrollment type="Actual">22242</enrollment>
  <condition>Diabetes Mellitus, Type 2</condition>
  <condition>Chronic Disease</condition>
  <arm_group>
    <arm_group_label>EMR data extraction</arm_group_label>
    <description>EMR Data extraction from the Louisiana Clinical Data Research Network (LaCDRN). The Louisiana Clinical Data Research Network (LaCDRN) data will be requested, including patients' records of pharmacy, inpatient, outpatient and lab results from January 01, 2016 to December 31, 2021. It is a retrospective data analysis without interaction with any participants. All data is de-identified and the study participants will not be contacted in any way.&#xD;
Inclusion criteria: Patients with type 2 diabetes, whose age&gt;=18 years old will be extracted from database of LaCDRN.&#xD;
Exclusion criteria: Patients without type 2 diabetes or age&lt;18 years old.</description>
  </arm_group>
  <arm_group>
    <arm_group_label>Healthcare Professionals</arm_group_label>
    <description>Healthcare professionals (physician, nurse) will be randomly selected from LaCDRN partner health system. An email will be distributed to the registered clinicians at partner health systems.&#xD;
Inclusion criteria: physicians and nurses who treat diabetes patients and work at clinic settings within LaCDRN network and consent to participate the study.&#xD;
Exclusion criteria: physicians and nurses who do not treat diabetes patients or not work at clinic settings within LaCDRN network; refuse to participate the study.</description>
  </arm_group>
  <arm_group>
    <arm_group_label>Patients for Qualitative Study</arm_group_label>
    <description>Patients with diabetes who are a members of Diabetes Advisory Group or partner LaCDRN health system will be contacted via email, letter or phone call.&#xD;
Inclusion criteria:&#xD;
Diabetes patients who consent to participate the study.&#xD;
Age 65+;&#xD;
Diagnosis code for diabetes in the last 2 years;&#xD;
Diagnosis code for at least one additional chronic condition in the last 2 years.&#xD;
Exclusion criteria: age&lt;65; patient with diabetes without other chronic conditions.</description>
  </arm_group>
  <arm_group>
    <arm_group_label>LaCDRN partner health system's medical directors</arm_group_label>
    <description>Face-to-face semi-structured interviews will be used to explore organizational cultures, their social architecture, resources, capacity, communication networks, assess barriers, and refine the data collection for the assessing the RE-AIM framework. The one time interview will take 1 hour. A 10 minutes questionnaire of Diabetes care coordination readiness assessment (DCCRA) will be emailed to them annually during entire 5 years of study period.</description>
  </arm_group>
  <arm_group>
    <arm_group_label>PROMIS® survey</arm_group_label>
    <description>Patients for PROMIS® survey (National Institutes of Health's Patient-Reported Outcome Measurement Information System Global Health Measures). Patients will be administered the surveys at the point-of-care visit (in exam rooms) using REACHnet's tablet-based application.&#xD;
Inclusion criteria:&#xD;
All patients age 18+ who registered at REACHnet.&#xD;
Able to provide informed consent&#xD;
Exclusion criteria: patients who do not provide inform consent or age&lt;18 years old.</description>
  </arm_group>
  <arm_group>
    <arm_group_label>PACIC+ survey</arm_group_label>
    <description>Patients for PACIC+ survey (Group Health Research Institute's Patient Assessment of Care for Chronic Conditions+). Patients will be administered the surveys at the point-of-care visit (in exam rooms) using REACHnet's tablet-based application.&#xD;
Inclusion criteria:&#xD;
All patients age 18+ with a Diabetes diagnosis and who registered at REACHnet.&#xD;
Able to provide informed consent&#xD;
Exclusion criteria: patients who do not provide inform consent or without diabetes diagnosis or age&lt;18 years old</description>
  </arm_group>
  <arm_group>
    <arm_group_label>Telehealth Services using HCPCS/CPT for COVID-19 Patients</arm_group_label>
    <description>Study population with versus without telehealth services. Telehealth services using the HCPCS/CPT codes will be defined in the following categories: Medicare telehealth visits (CPT codes: 99201-99215; HCPCS codes: G0425-G0427, G0406-G0408), virtual check-in (HCPCS codes: G2010, G2012), and e-visits (CPT codes: 99421-99423, HCPCS codes: G2061-G2063). Propensity score-matching will be used to ensure comparison groups are comparable at baseline.</description>
  </arm_group>
  <eligibility>
    <study_pop>
      <textblock>
        The study population includes Healthcare professionals who treat diabetes patients, medical&#xD;
        directors at Louisiana Clinical Data Research Network (LaCDRN) affiliated clinics, patients&#xD;
        with diabetes, patients who are registered with REACHnet, and medical records from LaCDRN&#xD;
        affiliated clinics.&#xD;
      </textblock>
    </study_pop>
    <sampling_method>Probability Sample</sampling_method>
    <criteria>
      <textblock>
        Healthcare professionals (physician, nurse) will be randomly selected from LaCDRN partner&#xD;
        health system.&#xD;
&#xD;
          -  Inclusion criteria: physicians and nurses who treat diabetes patients and work at&#xD;
             clinic settings within LaCDRN network and consent to participate the study.&#xD;
&#xD;
          -  Exclusion criteria: physicians and nurses who do not treat diabetes patients or not&#xD;
             work at clinic settings within LaCDRN network; refuse to participate the study.&#xD;
&#xD;
        Patients for qualitative study:&#xD;
&#xD;
          -  Inclusion criteria: Diabetes patients who consent to participate the study; Age 65+;&#xD;
             Diagnosis code for diabetes in the last 2 years; Diagnosis code for at least one&#xD;
             additional chronic condition in the last 2 years.&#xD;
&#xD;
          -  Exclusion criteria: age&lt;65; patient with diabetes without other chronic conditions.&#xD;
      </textblock>
    </criteria>
    <gender>All</gender>
    <minimum_age>18 Years</minimum_age>
    <maximum_age>N/A</maximum_age>
    <healthy_volunteers>Accepts Healthy Volunteers</healthy_volunteers>
  </eligibility>
  <overall_official>
    <last_name>Lizheng Shi, PhD</last_name>
    <role>Principal Investigator</role>
    <affiliation>Tulane University</affiliation>
  </overall_official>
  <location>
    <facility>
      <name>Tulane School of Public Health and Tropical Medicine</name>
      <address>
        <city>New Orleans</city>
        <state>Louisiana</state>
        <zip>70112</zip>
        <country>United States</country>
      </address>
    </facility>
  </location>
  <location_countries>
    <country>United States</country>
  </location_countries>
  <verification_date>March 2021</verification_date>
  <study_first_submitted>March 24, 2017</study_first_submitted>
  <study_first_submitted_qc>April 27, 2017</study_first_submitted_qc>
  <study_first_posted type="Actual">May 2, 2017</study_first_posted>
  <last_update_submitted>March 29, 2021</last_update_submitted>
  <last_update_submitted_qc>March 29, 2021</last_update_submitted_qc>
  <last_update_posted type="Actual">April 1, 2021</last_update_posted>
  <responsible_party>
    <responsible_party_type>Sponsor</responsible_party_type>
  </responsible_party>
  <condition_browse>
    <!-- CAUTION:  The following MeSH terms are assigned with an imperfect algorithm            -->
    <mesh_term>Diabetes Mellitus, Type 2</mesh_term>
    <mesh_term>Chronic Disease</mesh_term>
  </condition_browse>
  <patient_data>
    <sharing_ipd>Undecided</sharing_ipd>
  </patient_data>
  <!-- Results have not yet been posted for this study                                          -->
</clinical_study>

