<?xml version="1.0" encoding="UTF-8"?>
<clinical_study rank="1368">
  <!-- This xml conforms to an XML Schema at:
    https://clinicaltrials.gov/ct2/html/images/info/public.xsd -->
  <required_header>
    <download_date>ClinicalTrials.gov processed this data on April 14, 2021</download_date>
    <link_text>Link to the current ClinicalTrials.gov record.</link_text>
    <url>https://clinicaltrials.gov/show/NCT04329832</url>
  </required_header>
  <id_info>
    <org_study_id>1051355</org_study_id>
    <nct_id>NCT04329832</nct_id>
  </id_info>
  <brief_title>Hydroxychloroquine vs. Azithromycin for Hospitalized Patients With Suspected or Confirmed COVID-19</brief_title>
  <acronym>HAHPS</acronym>
  <official_title>Hydroxychloroquine vs. Azithromycin for Hospitalized Patients With Suspected or Confirmed COVID-19 (HAHPS): A Prospective Pragmatic Trial</official_title>
  <sponsors>
    <lead_sponsor>
      <agency>Intermountain Health Care, Inc.</agency>
      <agency_class>Other</agency_class>
    </lead_sponsor>
    <collaborator>
      <agency>University of Utah</agency>
      <agency_class>Other</agency_class>
    </collaborator>
  </sponsors>
  <source>Intermountain Health Care, Inc.</source>
  <oversight_info>
    <has_dmc>Yes</has_dmc>
    <is_fda_regulated_drug>Yes</is_fda_regulated_drug>
    <is_fda_regulated_device>No</is_fda_regulated_device>
  </oversight_info>
  <brief_summary>
    <textblock>
      This study will compare two drugs (hydroxychloroquine and azithromycin) to see if&#xD;
      hydroxychloroquine is better than azithromycin in treating hospitalized patients with&#xD;
      suspected or confirmed COVID-19.&#xD;
    </textblock>
  </brief_summary>
  <overall_status>Active, not recruiting</overall_status>
  <start_date type="Actual">March 30, 2020</start_date>
  <completion_date type="Anticipated">December 31, 2021</completion_date>
  <primary_completion_date type="Anticipated">December 18, 2020</primary_completion_date>
  <phase>Phase 2</phase>
  <study_type>Interventional</study_type>
  <has_expanded_access>No</has_expanded_access>
  <study_design_info>
    <allocation>Randomized</allocation>
    <intervention_model>Parallel Assignment</intervention_model>
    <primary_purpose>Treatment</primary_purpose>
    <masking>None (Open Label)</masking>
  </study_design_info>
  <primary_outcome>
    <measure>COVID Ordinal Outcomes Scale at 14 days</measure>
    <time_frame>Assessed once on day 14 after enrollment (enrollment is day 0)</time_frame>
    <description>Per https://www.who.int/blueprint/priority-diseases/key-action/COVID-19_Treatment_Trial_Design_Master_Protocol_synopsis_Final_18022020.pdf, this scale reflects a range from uninfected to dead, where 0 is &quot;no clinical or virological evidence of infection&quot;, 1 is &quot;no limitation of activities&quot;, 2 is &quot;limitation of activities&quot;, 3 is &quot;hospitalized, no oxygen therapy&quot;, 4 is &quot;oxygen by mask or nasal prongs&quot;, 5 is &quot;non-invasive ventilation or high-flow oxygen&quot;, 6 is &quot;intubation and mechanical ventilation&quot;, 7 is &quot;ventilation + additional organ support - pressors, RRT (renal replacement therapy), ECMO (extracorporeal membrane oxygenation)&quot;, and 8 is &quot;death&quot;.</description>
  </primary_outcome>
  <secondary_outcome>
    <measure>Hospital-free days at 28 days (number of days patient not in hospital)</measure>
    <time_frame>Admission (day 1) to 28 days after admission (day 28)</time_frame>
    <description>Calculated as a worst-rank ordinal (death is counted as -1 days).</description>
  </secondary_outcome>
  <secondary_outcome>
    <measure>Ventilator-free days at 28 days (number of days patient not on a ventilator)</measure>
    <time_frame>Admission (day 1) to 28 days after admission (day 28)</time_frame>
    <description>Calculated as a worst-rank ordinal (death is counted as -1 days).</description>
  </secondary_outcome>
  <secondary_outcome>
    <measure>ICU-free days at 28 days (number of days patient not in an ICU)</measure>
    <time_frame>Admission (day 1) to 28 days after admission (day 28)</time_frame>
    <description>Calculated as a worst-rank ordinal (death is counted as -1 days).</description>
  </secondary_outcome>
  <secondary_outcome>
    <measure>Time to a 1-point decrease in the WHO ordinal recovery score</measure>
    <time_frame>Admission (day 1) to 14 days after admission (day 14)</time_frame>
  </secondary_outcome>
  <number_of_arms>2</number_of_arms>
  <enrollment type="Actual">85</enrollment>
  <condition>COVID-19</condition>
  <arm_group>
    <arm_group_label>Hydroxychloroquine</arm_group_label>
    <arm_group_type>Experimental</arm_group_type>
  </arm_group>
  <arm_group>
    <arm_group_label>Azithromycin</arm_group_label>
    <arm_group_type>Active Comparator</arm_group_type>
  </arm_group>
  <intervention>
    <intervention_type>Drug</intervention_type>
    <intervention_name>Hydroxychloroquine</intervention_name>
    <description>Patients in the hydroxychloroquine arm will receive hydroxychloroquine 400 mg by mouth twice daily for 1 day, then 200 mg by mouth twice daily for 4 days (dose reductions for weight &lt; 45 kg or GFR (glomerular filtration rate)&lt;50ml/min). For patients &lt; 45kg, doses will be halved. For patients with GFR&lt;50ml/min, the final dose of hydroxychloroquine will not be administered. If the patient has already received hydroxychloroquine prior to randomization (no more than 2 days), the prior doses will count toward the 5-day total.</description>
    <arm_group_label>Hydroxychloroquine</arm_group_label>
  </intervention>
  <intervention>
    <intervention_type>Drug</intervention_type>
    <intervention_name>Azithromycin</intervention_name>
    <description>Patients in the azithromycin arm will receive azithromycin 500 mg on day 1 plus 250 mg daily on days 2-5 (may be administered intravenously per clinician preference). If the patient has already received azithromycin prior to randomization (no more than 2 days), the prior doses will count toward the 5-day total.</description>
    <arm_group_label>Azithromycin</arm_group_label>
  </intervention>
  <eligibility>
    <criteria>
      <textblock>
        Inclusion Criteria:&#xD;
&#xD;
          -  Adult (age ≥ 18 years)&#xD;
&#xD;
          -  Confirmed OR suspected COVID-19,&#xD;
&#xD;
               -  Confirmed: Positive assay for COVID-19 within the last 10 days&#xD;
&#xD;
               -  Suspected: Pending assay for COVID-19 WITH high clinical suspicion&#xD;
&#xD;
          -  Scheduled for admission or already admitted to an inpatient bed&#xD;
&#xD;
        Exclusion Criteria:&#xD;
&#xD;
          -  Allergy to hydroxychloroquine or azithromycin&#xD;
&#xD;
          -  History of bone marrow transplant&#xD;
&#xD;
          -  Known G6PD deficiency&#xD;
&#xD;
          -  Chronic hemodialysis or Glomerular Filtration Rate &lt; 20ml/min&#xD;
&#xD;
          -  Psoriasis&#xD;
&#xD;
          -  Porphyria&#xD;
&#xD;
          -  Concomitant use of digitalis, flecainide, amiodarone, procainamide, propafenone,&#xD;
             cimetidine, dofetilide, phenobarbital, phenytoin, or sotalol&#xD;
&#xD;
          -  Known history of long QT syndrome&#xD;
&#xD;
          -  Current known QTc&gt;500 msec&#xD;
&#xD;
          -  Pregnant or nursing&#xD;
&#xD;
          -  Prisoner&#xD;
&#xD;
          -  Weight &lt; 35kg&#xD;
&#xD;
          -  Seizure disorder&#xD;
&#xD;
          -  Severe liver disease&#xD;
&#xD;
          -  Outpatient use of hydroxychloroquine for treatment of a disease other than COVID-19 OR&#xD;
             has received more than 2 days of hydroxychloroquine or azithromycin for suspected or&#xD;
             confirmed COVID-19&#xD;
&#xD;
          -  Patient has recovered from COVID-19 and/or is being discharged from the hospital on&#xD;
             day of enrollment.&#xD;
&#xD;
          -  Treating physician refuses to allow patient participation in the study&#xD;
&#xD;
          -  Unable to obtain informed consent&#xD;
&#xD;
          -  Prior enrollment in this study&#xD;
      </textblock>
    </criteria>
    <gender>All</gender>
    <minimum_age>18 Years</minimum_age>
    <maximum_age>N/A</maximum_age>
    <healthy_volunteers>No</healthy_volunteers>
  </eligibility>
  <overall_official>
    <last_name>Samuel M Brown, MD MS</last_name>
    <role>Principal Investigator</role>
    <affiliation>Intermountain Health Care, Inc.</affiliation>
  </overall_official>
  <location>
    <facility>
      <name>Intermountain Medical Center</name>
      <address>
        <city>Murray</city>
        <state>Utah</state>
        <zip>84107</zip>
        <country>United States</country>
      </address>
    </facility>
  </location>
  <location>
    <facility>
      <name>University of Utah</name>
      <address>
        <city>Salt Lake City</city>
        <state>Utah</state>
        <zip>84112</zip>
        <country>United States</country>
      </address>
    </facility>
  </location>
  <location_countries>
    <country>United States</country>
  </location_countries>
  <verification_date>August 2020</verification_date>
  <study_first_submitted>March 30, 2020</study_first_submitted>
  <study_first_submitted_qc>March 30, 2020</study_first_submitted_qc>
  <study_first_posted type="Actual">April 1, 2020</study_first_posted>
  <last_update_submitted>August 31, 2020</last_update_submitted>
  <last_update_submitted_qc>August 31, 2020</last_update_submitted_qc>
  <last_update_posted type="Actual">September 2, 2020</last_update_posted>
  <responsible_party>
    <responsible_party_type>Principal Investigator</responsible_party_type>
    <investigator_affiliation>Intermountain Health Care, Inc.</investigator_affiliation>
    <investigator_full_name>Samuel Brown</investigator_full_name>
    <investigator_title>Director, Critical Care Research</investigator_title>
  </responsible_party>
  <keyword>SARS-CoV-2</keyword>
  <keyword>Hydroxychloroquine</keyword>
  <keyword>Azithromycin</keyword>
  <intervention_browse>
    <!-- CAUTION:  The following MeSH terms are assigned with an imperfect algorithm            -->
    <mesh_term>Azithromycin</mesh_term>
    <mesh_term>Hydroxychloroquine</mesh_term>
  </intervention_browse>
  <patient_data>
    <sharing_ipd>No</sharing_ipd>
    <ipd_description>In order to protect patient privacy and comply with relevant regulations, identified data are unavailable. Requests for deidentified data from qualified researchers with appropriate ethics board approvals and relevant data use agreements will be processed by the Intermountain Office of Research, officeofresearch@imail.org.</ipd_description>
  </patient_data>
  <!-- Results have not yet been posted for this study                                          -->
</clinical_study>

