<?xml version="1.0" encoding="UTF-8"?>
<clinical_study rank="4847">
  <!-- This xml conforms to an XML Schema at:
    https://clinicaltrials.gov/ct2/html/images/info/public.xsd -->
  <required_header>
    <download_date>ClinicalTrials.gov processed this data on April 14, 2021</download_date>
    <link_text>Link to the current ClinicalTrials.gov record.</link_text>
    <url>https://clinicaltrials.gov/show/NCT04324073</url>
  </required_header>
  <id_info>
    <org_study_id>APHP200375-2</org_study_id>
    <nct_id>NCT04324073</nct_id>
  </id_info>
  <brief_title>Cohort Multiple Randomized Controlled Trials Open-label of Immune Modulatory Drugs and Other Treatments in COVID-19 Patients - Sarilumab Trial - CORIMUNO-19 - SARI</brief_title>
  <acronym>CORIMUNO-SARI</acronym>
  <official_title>Cohort Multiple Randomized Controlled Trials Open-label of Immune Modulatory Drugs and Other Treatments in COVID-19 Patients - Sarilumab Trial - CORIMUNO-19 - SARI</official_title>
  <sponsors>
    <lead_sponsor>
      <agency>Assistance Publique - Hôpitaux de Paris</agency>
      <agency_class>Other</agency_class>
    </lead_sponsor>
  </sponsors>
  <source>Assistance Publique - Hôpitaux de Paris</source>
  <oversight_info>
    <is_fda_regulated_drug>No</is_fda_regulated_drug>
    <is_fda_regulated_device>No</is_fda_regulated_device>
  </oversight_info>
  <brief_summary>
    <textblock>
      The overall objective of the study is to determine the therapeutic effect and tolerance of&#xD;
      Sarilumab in patients with moderate, severe pneumonia or critical pneumonia associated with&#xD;
      Coronavirus disease 2019 (COVID-19). Sarilumab is a human IgG1 monoclonal antibody that binds&#xD;
      specifically to both soluble and membrane-bound IL-6Rs (sIL-6Rα and mIL-6Rα) and has been&#xD;
      shown to inhibit IL-6-mediated signaling through these receptors. The study has a cohort&#xD;
      multiple Randomized Controlled Trials (cmRCT) design. Randomization will occur prior to&#xD;
      offering Sarilumab administration to patients enrolled in the CORIMUNO-19 cohort. Sarilumab&#xD;
      will be administered to consenting adult patients hospitalized with COVID-19 either diagnosed&#xD;
      with moderate or severe pneumonia requiring no mechanical ventilation or critical pneumonia&#xD;
      requiring mechanical ventilation. Patients who will chose not to receive Sarilumab will&#xD;
      receive standard of care. Outcomes of Sarilumab-treated patients will be compared with&#xD;
      outcomes of standard of care-treated patients as well as with outcomes of patients treated&#xD;
      with other immune modulators.&#xD;
    </textblock>
  </brief_summary>
  <overall_status>Active, not recruiting</overall_status>
  <start_date type="Actual">March 27, 2020</start_date>
  <completion_date type="Anticipated">December 31, 2021</completion_date>
  <primary_completion_date type="Anticipated">March 27, 2021</primary_completion_date>
  <phase>Phase 2/Phase 3</phase>
  <study_type>Interventional</study_type>
  <has_expanded_access>No</has_expanded_access>
  <study_design_info>
    <allocation>Randomized</allocation>
    <intervention_model>Parallel Assignment</intervention_model>
    <intervention_model_description>Bayesian open labelled randomized clinical trial</intervention_model_description>
    <primary_purpose>Treatment</primary_purpose>
    <masking>None (Open Label)</masking>
  </study_design_info>
  <primary_outcome>
    <measure>Survival without needs of ventilator utilization at day 14.</measure>
    <time_frame>14 days</time_frame>
    <description>Survival without needs of ventilator utilization (including non invasive ventilation and high flow) at day 14. Thus, events considered are needing ventilator utilization (including Non Invasive Ventilation, NIV or high flow), or death. New DNR order (if given after the inclusion of the patient) will be considered as an event at the date of the DNR.</description>
  </primary_outcome>
  <primary_outcome>
    <measure>WHO progression scale &lt;=5 at day 4</measure>
    <time_frame>4 days</time_frame>
    <description>Proportion of patients alive without non-invasive ventilation of high low at day 4 (WHO progression scale ≤ 5). A patient with new DNR order at day 4 will be considered as with a score &gt; 5.&#xD;
WHO progression scale:&#xD;
Uninfected; non viral RNA detected: 0 Asymptomatic; viral RNA detected: 1 Symptomatic; Independent: 2 Symptomatic; Assistance needed: 3 Hospitalized; No oxygen therapy: 4 Hospitalized; oxygen by mask or nasal prongs: 5 Hospitalized; oxygen by NIV or High flow: 6 Intubation and Mechanical ventilation, pO2/FIO2&gt;=150 OR SpO2/FIO2&gt;=200: 7 Mechanical ventilation, (pO2/FIO2&lt;150 OR SpO2/FIO2&lt;200) OR vasopressors (norepinephrine &gt;0.3 microg/kg/min): 8 Mechanical ventilation, pO2/FIO2&lt;150 AND vasopressors (norepinephrine &gt;0.3 microg/kg/min), OR Dialysis OR ECMO: 9 Dead: 10</description>
  </primary_outcome>
  <primary_outcome>
    <measure>Cumulative incidence of successful tracheal extubation (defined as duration extubation &gt; 48h) at day 14</measure>
    <time_frame>14 days</time_frame>
    <description>Cumulative incidence of successful tracheal extubation (defined as duration extubation &gt; 48h) at day 14 if patients have been intubated before day 14 ; or removal of NIV or high flow (for &gt; 48h) if they were included under oxygen by NIV or High flow (score 6) and remained without intubation. Death or new DNR order (if given after the inclusion of the patient) will be considered as a competing event.</description>
  </primary_outcome>
  <primary_outcome>
    <measure>WHO progression scale at day 4</measure>
    <time_frame>4 days</time_frame>
    <description>Cumulative incidence of successful tracheal extubation (defined as duration extubation &gt; 48h) at day 14 if patients have been intubated before day 14 ; or removal of NIV or high flow (for &gt; 48h) if they were included under oxygen by NIV or High flow (score 6) and remained without intubation. Death or new DNR order (if given after the inclusion of the patient) will be considered as a competing event.&#xD;
Scale:&#xD;
Uninfected; non viral RNA detected: 0 Asymptomatic; viral RNA detected: 1 Symptomatic; Independent: 2 Symptomatic; Assistance needed: 3 Hospitalized; No oxygen therapy: 4 Hospitalized; oxygen by mask or nasal prongs: 5 Hospitalized; oxygen by NIV or High flow: 6 Intubation and Mechanical ventilation, pO2/FIO2&gt;=150 OR SpO2/FIO2&gt;=200: 7 Mechanical ventilation, (pO2/FIO2&lt;150 OR SpO2/FIO2&lt;200) OR vasopressors (norepinephrine &gt;0.3 microg/kg/min): 8 Mechanical ventilation, pO2/FIO2&lt;150 AND vasopressors (norepinephrine &gt;0.3 microg/kg/min), OR Dialysis OR ECMO: 9</description>
  </primary_outcome>
  <secondary_outcome>
    <measure>WHO progression scale</measure>
    <time_frame>7 and 14 days</time_frame>
    <description>WHO progression scale:&#xD;
Uninfected; non viral RNA detected: 0 Asymptomatic; viral RNA detected: 1 Symptomatic; Independent: 2 Symptomatic; Assistance needed: 3 Hospitalized; No oxygen therapy: 4 Hospitalized; oxygen by mask or nasal prongs: 5 Hospitalized; oxygen by NIV or High flow: 6 Intubation and Mechanical ventilation, pO2/FIO2&gt;=150 OR SpO2/FIO2&gt;=200: 7 Mechanical ventilation, (pO2/FIO2&lt;150 OR SpO2/FIO2&lt;200) OR vasopressors (norepinephrine &gt;0.3 microg/kg/min): 8 Mechanical ventilation, pO2/FIO2&lt;150 AND vasopressors (norepinephrine &gt;0.3 microg/kg/min), OR Dialysis OR ECMO: 9 Dead: 10</description>
  </secondary_outcome>
  <secondary_outcome>
    <measure>Survival</measure>
    <time_frame>14, 28 and 90 days</time_frame>
    <description>Overall survival</description>
  </secondary_outcome>
  <secondary_outcome>
    <measure>28-day ventilator free-days</measure>
    <time_frame>28 days</time_frame>
  </secondary_outcome>
  <secondary_outcome>
    <measure>respiratory acidosis at day 4</measure>
    <time_frame>4 days</time_frame>
    <description>arterial blood pH of &lt;7.25 with a partial pressure of arterial carbon dioxide [Paco2] of ≥60 mm Hg for &gt;6 hours</description>
  </secondary_outcome>
  <secondary_outcome>
    <measure>PaO2/FiO2 ratio</measure>
    <time_frame>day 1 to day 14</time_frame>
    <description>evolution of PaO2/FiO2 ratio</description>
  </secondary_outcome>
  <secondary_outcome>
    <measure>time to oxygen supply independency</measure>
    <time_frame>14 days</time_frame>
    <description>time to oxygen supply independency</description>
  </secondary_outcome>
  <secondary_outcome>
    <measure>duration of hospitalization</measure>
    <time_frame>90 days</time_frame>
    <description>duration of hospitalization</description>
  </secondary_outcome>
  <secondary_outcome>
    <measure>time to negative viral excretion</measure>
    <time_frame>90 days</time_frame>
    <description>time to negative viral excretion</description>
  </secondary_outcome>
  <secondary_outcome>
    <measure>time to ICU discharge</measure>
    <time_frame>90 days</time_frame>
    <description>time to ICU discharge</description>
  </secondary_outcome>
  <secondary_outcome>
    <measure>time to hospital discharge</measure>
    <time_frame>90 days</time_frame>
    <description>time to hospital discharge</description>
  </secondary_outcome>
  <number_of_arms>2</number_of_arms>
  <enrollment type="Actual">239</enrollment>
  <condition>Corona Virus Infection</condition>
  <arm_group>
    <arm_group_label>SARILUMAB</arm_group_label>
    <arm_group_type>Experimental</arm_group_type>
    <description>Sarilumab (an IV dose of 400 mg of sarilumab in a 1 hour-infusion at D1).</description>
  </arm_group>
  <arm_group>
    <arm_group_label>Standard of care</arm_group_label>
    <arm_group_type>No Intervention</arm_group_type>
    <description>best standard of care</description>
  </arm_group>
  <intervention>
    <intervention_type>Drug</intervention_type>
    <intervention_name>Sarilumab</intervention_name>
    <description>(an IV dose of 400 mg of sarilumab in a 1 hour-infusion at D1</description>
    <arm_group_label>SARILUMAB</arm_group_label>
  </intervention>
  <eligibility>
    <criteria>
      <textblock>
        Inclusion Criteria:&#xD;
&#xD;
          1. Patients included in the CORIMUNO-19 cohort&#xD;
&#xD;
          2. Patients belonging to one of the 2 following groups:&#xD;
&#xD;
               -  Group 1: patients not requiring ICU at admission with moderate and severe&#xD;
                  pneumopathy according to the OMS Criteria of severity of COVID pneumopathy.&#xD;
&#xD;
        Moderate cases :&#xD;
&#xD;
        Cases meeting all of the following criteria:&#xD;
&#xD;
          -  Showing fever and respiratory symptoms with radiological findings of pneumonia.&#xD;
&#xD;
          -  Requiring between 3L/min and 5L/min of oxygen to maintain SpO2 &gt;97% Severe cases&#xD;
&#xD;
        Cases meeting any of the following criteria:&#xD;
&#xD;
          -  Respiratory distress (≧30 breaths/ min);&#xD;
&#xD;
          -  Oxygen saturation≤93% at rest in ambient air; or Oxygen saturation ≤97 % with O2 &gt;&#xD;
             5L/min.&#xD;
&#xD;
          -  PaO2/FiO2≦300mmHg&#xD;
&#xD;
          -  Group 2: patients requiring ICU based on Criteria of severity of COVID pneumopathy.&#xD;
&#xD;
          -  Respiratory failure and requiring mechanical ventilation&#xD;
&#xD;
          -  No do-not-resuscitate order (DNR order)&#xD;
&#xD;
        Exclusion Criteria:&#xD;
&#xD;
          -  Patients with exclusion criteria to the CORIMUNO-19 cohort.&#xD;
&#xD;
          -  Known hypersensitivity to Sarilumab or to any of their excipients.&#xD;
&#xD;
          -  Pregnancy&#xD;
&#xD;
          -  Current documented bacterial infection&#xD;
&#xD;
          -  Patient with any of following laboratory results out of the ranges detailed below at&#xD;
             screening should be discussed depending of the medication:&#xD;
&#xD;
          -  Absolute neutrophil count (ANC) ≤ 1.0 x 109/L&#xD;
&#xD;
          -  Haemoglobin level: no limitation&#xD;
&#xD;
          -  Platelets (PLT) &lt; 50 G /L&#xD;
&#xD;
          -  SGOT or SGPT &gt; 5N&#xD;
      </textblock>
    </criteria>
    <gender>All</gender>
    <minimum_age>18 Years</minimum_age>
    <maximum_age>N/A</maximum_age>
    <healthy_volunteers>No</healthy_volunteers>
  </eligibility>
  <location>
    <facility>
      <name>Kremlin Bicetre hospital APHP</name>
      <address>
        <city>Le Kremlin-Bicêtre</city>
        <state>Ile De France</state>
        <country>France</country>
      </address>
    </facility>
  </location>
  <location>
    <facility>
      <name>Cochin Aphp</name>
      <address>
        <city>Paris</city>
        <state>Ile De France</state>
        <country>France</country>
      </address>
    </facility>
  </location>
  <location>
    <facility>
      <name>HEGP</name>
      <address>
        <city>Paris</city>
        <state>Ile De France</state>
        <country>France</country>
      </address>
    </facility>
  </location>
  <location>
    <facility>
      <name>NECKER Hospital</name>
      <address>
        <city>Paris</city>
        <zip>75005</zip>
        <country>France</country>
      </address>
    </facility>
  </location>
  <location_countries>
    <country>France</country>
  </location_countries>
  <verification_date>March 2020</verification_date>
  <study_first_submitted>March 25, 2020</study_first_submitted>
  <study_first_submitted_qc>March 25, 2020</study_first_submitted_qc>
  <study_first_posted type="Actual">March 27, 2020</study_first_posted>
  <last_update_submitted>April 14, 2020</last_update_submitted>
  <last_update_submitted_qc>April 14, 2020</last_update_submitted_qc>
  <last_update_posted type="Actual">April 15, 2020</last_update_posted>
  <responsible_party>
    <responsible_party_type>Sponsor</responsible_party_type>
  </responsible_party>
  <condition_browse>
    <!-- CAUTION:  The following MeSH terms are assigned with an imperfect algorithm            -->
    <mesh_term>Coronavirus Infections</mesh_term>
    <mesh_term>Severe Acute Respiratory Syndrome</mesh_term>
  </condition_browse>
  <patient_data>
    <sharing_ipd>Yes</sharing_ipd>
  </patient_data>
  <!-- Results have not yet been posted for this study                                          -->
</clinical_study>

