<?xml version="1.0" encoding="UTF-8"?>
<clinical_study rank="5587">
  <!-- This xml conforms to an XML Schema at:
    https://clinicaltrials.gov/ct2/html/images/info/public.xsd -->
  <required_header>
    <download_date>ClinicalTrials.gov processed this data on April 14, 2021</download_date>
    <link_text>Link to the current ClinicalTrials.gov record.</link_text>
    <url>https://clinicaltrials.gov/show/NCT03545282</url>
  </required_header>
  <id_info>
    <org_study_id>STUDY00003331</org_study_id>
    <secondary_id>R01MD012230</secondary_id>
    <nct_id>NCT03545282</nct_id>
  </id_info>
  <brief_title>Randomized Trial to Reduce Mental Health Disparities in Latina Immigrant Women</brief_title>
  <official_title>ALMA: A Randomized Control Trial of an Intervention to Reduce Mental Health Disparities in Mexican Immigrant Women</official_title>
  <sponsors>
    <lead_sponsor>
      <agency>University of Washington</agency>
      <agency_class>Other</agency_class>
    </lead_sponsor>
    <collaborator>
      <agency>National Institute on Minority Health and Health Disparities (NIMHD)</agency>
      <agency_class>NIH</agency_class>
    </collaborator>
  </sponsors>
  <source>University of Washington</source>
  <oversight_info>
    <is_fda_regulated_drug>No</is_fda_regulated_drug>
    <is_fda_regulated_device>No</is_fda_regulated_device>
  </oversight_info>
  <brief_summary>
    <textblock>
      Latina immigrant women are particularly vulnerable to depression and anxiety due to the&#xD;
      social and economic stressors they face, including high levels of poverty, low levels of&#xD;
      education, family obligations, exposure to violence, and limited access to community&#xD;
      resources. ALMA aims to prevent and reduce depression and anxiety among Latina immigrant&#xD;
      women. Women attend 8 weekly sessions in a group format to teach and encourage women to use&#xD;
      coping strategies to reduce depression and anxiety. The intervention aims to increase&#xD;
      participants' social ties and the social support they receive from other Latina immigrant&#xD;
      women. The program also helps decrease the stigma associated with mental health and connects&#xD;
      women to mental health services when needed.&#xD;
    </textblock>
  </brief_summary>
  <detailed_description>
    <textblock>
      The proposed study aims to test the efficacy of the Amigas Latinas Motivando el Alma (ALMA)&#xD;
      intervention in a randomized control trial. ALMA is an 8-week program offered in a group&#xD;
      format to teach women new coping strategies and enhance their social ties and social support&#xD;
      to prevent and reduce their depression and anxiety. Aim 1 of the proposed study is to refine&#xD;
      the ALMA intervention and study procedures, using information learned from focus groups and&#xD;
      cognitive interviews with Mexican immigrant women. Aim 2 is to determine the efficacy of the&#xD;
      ALMA intervention to reduce depressive and anxiety symptoms using a randomized control study&#xD;
      design. We will recruit women from community-based organizations serving Latino immigrants to&#xD;
      participate in the program, which will be offered in community settings. We will assess&#xD;
      process outcomes of recruitment, retention, fidelity, and participant satisfaction through&#xD;
      observations and in-depth interviews with participants. We will assess the efficacy of the&#xD;
      intervention by comparing changes in women's depressive and anxiety symptoms in the&#xD;
      intervention and attention control groups at four time points (pre-intervention,&#xD;
      post-intervention, 3 months, 6 months). Aim 3 is to assess the potential impact of the&#xD;
      intervention on both individual (stigma, stress, coping strategies) and interpersonal (social&#xD;
      support, social ties) factors, and whether the impact of the intervention is mediated by&#xD;
      these factors. The research team includes investigators in psychology, medicine, social work&#xD;
      and public health, as well as community-based organizations serving Latina immigrants. The&#xD;
      study uses rigorous methods to test an innovative program that integrates both culturally&#xD;
      relevant and evidenced-based strategies to address significant mental health disparities in a&#xD;
      high-risk and underserved population. Findings will help inform future research and practice.&#xD;
      Given the growth of the Latino population, identifying interventions that reduce mental&#xD;
      health disparities among Mexican immigrant women can have a significant public health impact.&#xD;
    </textblock>
  </detailed_description>
  <overall_status>Recruiting</overall_status>
  <start_date type="Actual">March 7, 2018</start_date>
  <completion_date type="Anticipated">May 31, 2022</completion_date>
  <primary_completion_date type="Anticipated">December 15, 2021</primary_completion_date>
  <phase>N/A</phase>
  <study_type>Interventional</study_type>
  <has_expanded_access>No</has_expanded_access>
  <study_design_info>
    <allocation>Randomized</allocation>
    <intervention_model>Parallel Assignment</intervention_model>
    <primary_purpose>Prevention</primary_purpose>
    <masking>Double (Investigator, Outcomes Assessor)</masking>
    <masking_description>The investigators and outcomes assessor will not have knowledge of the interventions assigned to individual participants.</masking_description>
  </study_design_info>
  <primary_outcome>
    <measure>Depressive Symptoms</measure>
    <time_frame>Change measure (baseline, 4 months, 6 months, 9 months)</time_frame>
    <description>Frequency of depressive symptoms as measured by the Patient Health Questionnaire 9 in the last two weeks. The PHQ-9 is a multipurpose instrument for screening, diagnosing, monitoring and measuring the severity of depression. Scores range from 0 to 27. In general, a total of 10 or above is suggestive of the presence of depression. Depression Severity: 0-4 none, 5-9 mild, 10-14 moderate, 15-19 moderately severe, 20-27 severe.</description>
  </primary_outcome>
  <primary_outcome>
    <measure>Anxiety Symptoms</measure>
    <time_frame>Change measure (baseline, 4 months, 6 months, 9 months)</time_frame>
    <description>Frequency of anxiety symptoms as measured by the General Anxiety Disorders 7 in the last two weeks. Generalized Anxiety Disorder 7 (GAD-7) is a self-reported questionnaire for screening and severity measuring of generalized anxiety disorder (GAD). Scores range from 0 to 21. Scores ≥10. Anxiety Severity: 1-4 minimal symptoms, 5-9 mild symptoms, 10-14 moderate symptoms, 15-21 severe symptoms</description>
  </primary_outcome>
  <secondary_outcome>
    <measure>Stress</measure>
    <time_frame>Change measure (baseline, 4 months, 6 months, 9 months)</time_frame>
    <description>Frequency of perceived stress in the last month. The Perceived Stress Scale (PSS) is a classic stress assessment instrument. Individual scores on the PSS can range from 0 to 40 with higher scores indicating higher perceived stress. Scores ranging from 0-13 would be considered low stress. Scores ranging from 14-26 would be considered moderate stress. Scores ranging from 27-40 would be considered high perceived stress.</description>
  </secondary_outcome>
  <number_of_arms>2</number_of_arms>
  <enrollment type="Anticipated">200</enrollment>
  <condition>Stress</condition>
  <condition>Depression</condition>
  <condition>Anxiety</condition>
  <arm_group>
    <arm_group_label>ALMA Intervention Group</arm_group_label>
    <arm_group_type>Experimental</arm_group_type>
    <description>Amigas Latinas Motivando el Alma (ALMA). This group receives the intervention after baseline assessment.</description>
  </arm_group>
  <arm_group>
    <arm_group_label>ALMA Delayed Intervention Control Group</arm_group_label>
    <arm_group_type>Other</arm_group_type>
    <description>Amigas Latinas Motivando el Alma (ALMA). This group receives the intervention five months after the baseline assessment (after the post-intervention, and 3 month assessments have been completed).</description>
  </arm_group>
  <intervention>
    <intervention_type>Behavioral</intervention_type>
    <intervention_name>Amigas Latinas Motivando el Alma (ALMA)</intervention_name>
    <description>In a series of 8 weekly sessions, the program uses a group format to teach and encourage women to use coping strategies to reduce depression and anxiety. Over the course of the eight ALMA sessions, 25 women are (1) engaged in activities to identify coping strategies they are currently using and encouraged to continue to use them; (2) introduced to new coping strategies (e.g. mindfulness techniques, increased social ties and social support); and, (3) provided resources for seeking additional help if needed.&#xD;
Due to COVID-19 pandemic, the intervention was changed to online synchronous delivery via Zoom over 6 weekly sessions.</description>
    <arm_group_label>ALMA Delayed Intervention Control Group</arm_group_label>
    <arm_group_label>ALMA Intervention Group</arm_group_label>
  </intervention>
  <eligibility>
    <criteria>
      <textblock>
        Inclusion Criteria:&#xD;
&#xD;
          -  To be eligible for study participation, participants must be at least 18 years of age,&#xD;
             female, speak Spanish, must self-identify as Latina, and have been born outside of the&#xD;
             United States.&#xD;
&#xD;
        Exclusion Criteria:&#xD;
&#xD;
          -  Participants with the following conditions: substance abuse or dependence, suicidal&#xD;
             ideation or tendencies, psychosis, seizure disorders, or dementia. Expression or&#xD;
             history of these conditions will excluded participation in the intervention and lead&#xD;
             to a referral to an appropriate mental health agency/provider.&#xD;
      </textblock>
    </criteria>
    <gender>Female</gender>
    <gender_based>Yes</gender_based>
    <gender_description>Men will not be included in the study. Participation is limited to this population because the research question addressed is relevant only to Latina women and the mental health concerns of this community.</gender_description>
    <minimum_age>18 Years</minimum_age>
    <maximum_age>N/A</maximum_age>
    <healthy_volunteers>Accepts Healthy Volunteers</healthy_volunteers>
  </eligibility>
  <overall_official>
    <last_name>India J Ornelas, PhD, MPH</last_name>
    <role>Principal Investigator</role>
    <affiliation>University of Washington</affiliation>
  </overall_official>
  <overall_contact>
    <last_name>Georgina E Perez, MSW, LICSW</last_name>
    <phone>206-543-9932</phone>
    <email>geperez@uw.edu</email>
  </overall_contact>
  <location>
    <facility>
      <name>Casa Latina</name>
      <address>
        <city>Seattle</city>
        <state>Washington</state>
        <zip>98144</zip>
        <country>United States</country>
      </address>
    </facility>
    <status>Recruiting</status>
    <contact>
      <last_name>Marcos Martinez</last_name>
      <phone>206-686-2620</phone>
      <email>marcos@casa-latina.org</email>
    </contact>
  </location>
  <location>
    <facility>
      <name>El Centro de la Raza</name>
      <address>
        <city>Seattle</city>
        <state>Washington</state>
        <zip>98144</zip>
        <country>United States</country>
      </address>
    </facility>
    <status>Recruiting</status>
    <contact>
      <last_name>Estela Ortega</last_name>
      <phone>206-957-4613</phone>
      <email>eortega@elcentrodelaraza.org</email>
    </contact>
  </location>
  <location_countries>
    <country>United States</country>
  </location_countries>
  <verification_date>March 2021</verification_date>
  <study_first_submitted>May 11, 2018</study_first_submitted>
  <study_first_submitted_qc>May 22, 2018</study_first_submitted_qc>
  <study_first_posted type="Actual">June 4, 2018</study_first_posted>
  <last_update_submitted>March 29, 2021</last_update_submitted>
  <last_update_submitted_qc>March 29, 2021</last_update_submitted_qc>
  <last_update_posted type="Actual">April 1, 2021</last_update_posted>
  <responsible_party>
    <responsible_party_type>Principal Investigator</responsible_party_type>
    <investigator_affiliation>University of Washington</investigator_affiliation>
    <investigator_full_name>India Ornelas</investigator_full_name>
    <investigator_title>Associate Professor, School of Public Health</investigator_title>
  </responsible_party>
  <keyword>Mental Health</keyword>
  <keyword>Minority Health</keyword>
  <keyword>Latina</keyword>
  <condition_browse>
    <!-- CAUTION:  The following MeSH terms are assigned with an imperfect algorithm            -->
    <mesh_term>Depression</mesh_term>
  </condition_browse>
  <patient_data>
    <sharing_ipd>No</sharing_ipd>
  </patient_data>
  <!-- Results have not yet been posted for this study                                          -->
</clinical_study>

