<?xml version="1.0" encoding="UTF-8"?>
<clinical_study rank="5775">
  <!-- This xml conforms to an XML Schema at:
    https://clinicaltrials.gov/ct2/html/images/info/public.xsd -->
  <required_header>
    <download_date>ClinicalTrials.gov processed this data on April 14, 2021</download_date>
    <link_text>Link to the current ClinicalTrials.gov record.</link_text>
    <url>https://clinicaltrials.gov/show/NCT04180709</url>
  </required_header>
  <id_info>
    <org_study_id>M00915</org_study_id>
    <secondary_id>RNAG-521</secondary_id>
    <secondary_id>224101</secondary_id>
    <secondary_id>19/EE/0352</secondary_id>
    <nct_id>NCT04180709</nct_id>
  </id_info>
  <brief_title>CBT to Reduce Insomnia and Improve Social Recovery in Early Psychosis</brief_title>
  <acronym>CRISP</acronym>
  <official_title>Randomised Study of Web-based CBT Intervention (Sleepio) to Reduce Insomnia and Improve Social Recovery in Early Psychosis (CRISP)</official_title>
  <sponsors>
    <lead_sponsor>
      <agency>University of Cambridge</agency>
      <agency_class>Other</agency_class>
    </lead_sponsor>
    <collaborator>
      <agency>Cambridgeshire and Peterborough NHS Foundation Trust</agency>
      <agency_class>Other</agency_class>
    </collaborator>
    <collaborator>
      <agency>Cambridge Cognition Ltd</agency>
      <agency_class>Industry</agency_class>
    </collaborator>
    <collaborator>
      <agency>Big Health</agency>
      <agency_class>Other</agency_class>
    </collaborator>
  </sponsors>
  <source>University of Cambridge</source>
  <oversight_info>
    <has_dmc>No</has_dmc>
    <is_fda_regulated_drug>No</is_fda_regulated_drug>
    <is_fda_regulated_device>No</is_fda_regulated_device>
  </oversight_info>
  <brief_summary>
    <textblock>
      Sleep disturbances and cognitive dysfunction are consistently reported as extremely&#xD;
      troublesome aspects of psychotic illnesses. While sleep disturbances are not included in&#xD;
      definitions of psychosis they are associated with poor levels of daily function and impaired&#xD;
      social recovery. Despite sleep problems being documented as co-occurring with psychosis,&#xD;
      sleep remains unexamined as a potential therapeutic target pathway for social recovery.&#xD;
      Specific areas of cognition are known to be associated with psychosis, sleep deficits and&#xD;
      daily function, yet these have not been tested as possible mediators of the association&#xD;
      between improved sleep and better daily function and social recovery.&#xD;
&#xD;
      This study will examine the relationship between sleep quality, daily function and ultimately&#xD;
      social recovery in early psychosis. A secondary aim will examine whether specified areas of&#xD;
      cognition (i.e. attention, memory, executive function, social and emotional recognition)&#xD;
      mediate the proposed association between sleep and social recovery. Participants will have&#xD;
      experienced a first episode psychosis and be currently engaged with CAMEO early intervention,&#xD;
      in Cambridgeshire and Peterborough NHS Foundation Trust (CPFT). Cameo is a service for people&#xD;
      aged 14-65 years old who are experiencing symptoms of psychosis for the first time&#xD;
      (http://www.cameo.nhs.uk). A publicly available, online intervention based on cognitive&#xD;
      behavioural therapy (CBT) for insomnia (Sleepio) will be utilised to improve sleep.&#xD;
      Participants will be randomised to receive the intervention + treatment as usual (TAU)&#xD;
      through their CAMEO team or TAU alone over an eight-week period. The entire study will last&#xD;
      for seventeen weeks including an eight-week follow-up period.&#xD;
    </textblock>
  </brief_summary>
  <detailed_description>
    <textblock>
      The study will take place in three stages; an initial survey, an eight week study period and&#xD;
      a follow-up period for an additional eight weeks.&#xD;
&#xD;
      Stage One: Perceptions of Sleep Problems and Their Treatment in Psychosis:&#xD;
&#xD;
      Clinicians and service users will receive an online link to a short 18-question survey&#xD;
      (primarily multiple choice) that should take approximately 5 min to complete. Although they&#xD;
      can complete this online, a paper copy can be provided if they prefer to handwrite their&#xD;
      answers.&#xD;
&#xD;
      Stage Two: Randomised 8 Week Study:&#xD;
&#xD;
      At our initial phone or NHS approved video platform meeting participants will be invited to&#xD;
      ask any questions they have. If they choose to participate in our study, they will be asked&#xD;
      to read and sign a consent form virtually or through the post. They will also be asked their&#xD;
      preferred method of contact during the study so that the primary researcher can arrange&#xD;
      appointments and check in once or twice per week. This will allow them to ask any questions&#xD;
      which may arise and offer assistance if they are having any challenges with logging in or&#xD;
      participation. They will also be informed that they have the right to withdraw from the study&#xD;
      at any point and this will have no affect on their ongoing treatment through CAMEO.&#xD;
&#xD;
      Following consent to take part in the research study participants will answer some screening&#xD;
      questions and complete a short 8-question assessment (about 5-10 min). Participants will be&#xD;
      asked general questions about themselves and with their consent some diagnostic information&#xD;
      will be obtained from clinical records. Following this they will be randomly assigned to one&#xD;
      of two groups. The first will utilise the Sleepio intervention during the 8-week study&#xD;
      period, along with their usual treatment from the CAMEO team and the second group will just&#xD;
      continue their usual treatment for this 8-week period.&#xD;
&#xD;
      Prior to starting the study period, we will ask participants to monitor their sleep for one&#xD;
      week using a nightly sleep diary (2-3 minutes) and by asking them to wear an actigraphy&#xD;
      watch, a small device that records movement, light and near body temperature. At the end of&#xD;
      this week we will complete baseline assessments with all participants and provide them with&#xD;
      access logins for Sleepio. Most of these can be completed online and should only take about&#xD;
      35 minutes. The Guided Web-Based CANTAB cognitive tests will take approximately 25 min, be&#xD;
      done online with video support from the researcher, and will include breaks for participant&#xD;
      comfort. They will also have the option of completing some or all of the self assessments&#xD;
      over the phone, video call or by post if they prefer.&#xD;
&#xD;
      The researcher administered assessments will be done with Camice Revier, the lead researcher,&#xD;
      and should take around 15 min.&#xD;
&#xD;
      During the 8-week intervention period participants will complete weekly online 20-30 minute&#xD;
      interventions via Sleepio (6 interventions in total, as occasional delays are accommodated&#xD;
      for and expected) and complete nightly sleep diaries online via Sleepio (2-3 minutes).&#xD;
&#xD;
      After 4-weeks of the study participants will be asked to do a second round of assessments.&#xD;
      This round has fewer measures and should only take about 20 minutes for the online&#xD;
      assessments, 25 minutes for the Guided CANTAB cognitive tests and around 10 minutes for those&#xD;
      done over the phone or video meeting.&#xD;
&#xD;
      During week 7 of the study we'll ask participants to again wear the actigraphy watch for&#xD;
      another week.&#xD;
&#xD;
      The third round of assessments will take place at the end of the 8-week study period and will&#xD;
      be the same duration as the original assessments: online about 35 min, CANTAB cognitive tests&#xD;
      about 25 min and over the phone or video meeting about 10 min.&#xD;
&#xD;
      Stage Three: Follow-up and Anonymous Feedback Questionnaire:&#xD;
&#xD;
      During the follow-up period we will invite those who were not randomised into the treatment&#xD;
      group to utilise the Sleepio intervention at this time.&#xD;
&#xD;
      All of the assessments will take place in the same order and duration as they did during the&#xD;
      initial study period.&#xD;
&#xD;
      During week 7 of the follow-up period we'll ask participants, one final time, to complete the&#xD;
      sleep diaries and wear the actigraphy watch for a final week.&#xD;
&#xD;
      Following the study participants will be invited to complete an anonymous feedback&#xD;
      questionnaire. This is intended to provide a way for them to communicate any input or&#xD;
      suggestions based on their experience and to help us improve the way we do things.&#xD;
&#xD;
      They will be offered the option of researchers contacting them for additional follow-up or to&#xD;
      be invited to participate in related studies. There is no obligation for them to do so and&#xD;
      they can indicate on their consent form whether they are willing to be contacted at a later&#xD;
      date (within 5 years).&#xD;
    </textblock>
  </detailed_description>
  <overall_status>Recruiting</overall_status>
  <start_date type="Actual">October 30, 2020</start_date>
  <completion_date type="Anticipated">November 30, 2022</completion_date>
  <primary_completion_date type="Anticipated">November 30, 2022</primary_completion_date>
  <phase>N/A</phase>
  <study_type>Interventional</study_type>
  <has_expanded_access>No</has_expanded_access>
  <study_design_info>
    <allocation>Randomized</allocation>
    <intervention_model>Parallel Assignment</intervention_model>
    <intervention_model_description>This is a randomised parallel study design, with five points of measurements. Participants will receive either the Sleepio online intervention + treatment as usual (TAU) or TAU alone over an 8-week period. A follow-up period will be conducted for an additional 8 weeks. The original TAU group will be offered the intervention during this period.</intervention_model_description>
    <primary_purpose>Supportive Care</primary_purpose>
    <masking>None (Open Label)</masking>
  </study_design_info>
  <primary_outcome>
    <measure>Change from baseline Work and Social Adjustment Scale (WSAS) score at week 9 of study</measure>
    <time_frame>Measure completed at baseline (start of week 1) and week 9.</time_frame>
    <description>WSAS is a simple and reliable measure of impaired functioning. Scores range from 0-40, with lower scores representing better functioning, scores 0-10 are considered subclinical, 11-20 associated with significant functional impairment but less severe clinical symptomology, and &gt;20 suggest moderately severe functional impairment (Mundt et al. 2002).</description>
  </primary_outcome>
  <secondary_outcome>
    <measure>Time Use Survey - Structured Hours (TUS-SH)</measure>
    <time_frame>Measure completed in weeks 1, 5, 9, 13 and 17.</time_frame>
    <description>Social recovery will be measured using an adapted versions of the Time Use Survey (TUS) Structured Hours, which has been previously validated for use as a social recovery measure by Hodgekins, Fowler and colleagues, and utilised in the National EDEN study (Hodgekins et al. 2015; Hodgekins 2012; Fowler et al. 2009). This will be adapted to a reduced interview to include only those areas relevant to the social recovery measure, hence the Time Use Survey-Structured Hours (TUS-SH).</description>
  </secondary_outcome>
  <secondary_outcome>
    <measure>Patient Health Questionnaire (PHQ-9)</measure>
    <time_frame>Measure completed in weeks 1, 5, 9, 13 and 17.</time_frame>
    <description>PHQ-9 is a self-administered measure of depression, which scores all 9 of the DSM-IV criteria for depression. Scores range from 0-27, with 5-9 indicating minimal symptoms, 10-14 minor depression, 15-19 moderately severe major depression and ≥20 severe major depression.</description>
  </secondary_outcome>
  <secondary_outcome>
    <measure>Rapid Visual Information Processing (RVP) / CANTAB Cognitive Test</measure>
    <time_frame>Measure completed in weeks 1, 5, 9, 13 and 17.</time_frame>
    <description>iPad delivered cognitive test of sustained attention.</description>
  </secondary_outcome>
  <secondary_outcome>
    <measure>Paired Associates Learning (PAL) / CANTAB Cognitive Test</measure>
    <time_frame>Measure completed in weeks 1, 5, 9, 13 and 17.</time_frame>
    <description>iPad delivered cognitive test of visual episodic memory.</description>
  </secondary_outcome>
  <secondary_outcome>
    <measure>Spatial Working Memory (SWM) / CANTAB Cognitive Test</measure>
    <time_frame>Measure completed in weeks 1, 5, 9, 13 and 17.</time_frame>
    <description>iPad delivered cognitive test of working memory and strategy.</description>
  </secondary_outcome>
  <secondary_outcome>
    <measure>Emotion Recognition Task (ERT) / CANTAB Cognitive Test</measure>
    <time_frame>Measure completed in weeks 1, 5, 9, 13 and 17.</time_frame>
    <description>iPad delivered cognitive test of emotional recognition.</description>
  </secondary_outcome>
  <secondary_outcome>
    <measure>Global Assessment of Functioning (GAF) (split version / subscales GAF-D &amp; GAF-S)</measure>
    <time_frame>Measure completed in weeks 1, 9 and 17.</time_frame>
    <description>GAF is an assessment of psychological, social and occupational functioning along a hypothetical continuum of mental health/illness. It is suggested that symptom scale for degree of severity be considered to cover the past 3 days prior to assessment but time frames can be varied based on the intention of use (Aas 2011). However by utilising the split version of this measure, the symptom and function scores can be evaluated and considered independently. This has been shown to be highly consistent across experienced raters, so sufficient training and utilisation may be fundamental to its efficacy (Pedersen et al. 2007). Scores range from 0-100 with higher scores representing better functioning across symptomatic and functional domains (Hall 1995).</description>
  </secondary_outcome>
  <secondary_outcome>
    <measure>Change from baseline Work and Social Adjustment Scale (WSAS) score at week 17</measure>
    <time_frame>Measure completed at baseline (start of week 1) and week 17.</time_frame>
    <description>WSAS is a simple and reliable measure of impaired functioning. Scores range from 0-40, with lower scores representing better functioning, scores 0-10 are considered subclinical, 11-20 associated with significant functional impairment but less severe clinical symptomology, and &gt;20 suggest moderately severe functional impairment (Mundt et al. 2002).</description>
  </secondary_outcome>
  <secondary_outcome>
    <measure>Change from baseline Work and Social Adjustment Scale (WSAS) score at week 5, to correct for confounding in mediation analysis</measure>
    <time_frame>Measure completed at baseline (start of week 1) and week 5.</time_frame>
    <description>WSAS is a simple and reliable measure of impaired functioning. Scores range from 0-40, with lower scores representing better functioning, scores 0-10 are considered subclinical, 11-20 associated with significant functional impairment but less severe clinical symptomology, and &gt;20 suggest moderately severe functional impairment (Mundt et al. 2002).</description>
  </secondary_outcome>
  <secondary_outcome>
    <measure>Change from baseline Work and Social Adjustment Scale (WSAS) score at week 13, to correct for confounding in mediation analysis</measure>
    <time_frame>Measure completed at baseline (start of week 1) and week 13.</time_frame>
    <description>WSAS is a simple and reliable measure of impaired functioning. Scores range from 0-40, with lower scores representing better functioning, scores 0-10 are considered subclinical, 11-20 associated with significant functional impairment but less severe clinical symptomology, and &gt;20 suggest moderately severe functional impairment (Mundt et al. 2002).</description>
  </secondary_outcome>
  <other_outcome>
    <measure>Sleep Condition Indicator (SCI-8)</measure>
    <time_frame>Measure completed in weeks 1, 5, 9, 13 and 17.</time_frame>
    <description>SCI-8 this measure is validated against DSM-5 criteria for insomnia, including sleep quality and daytime function over the previous week. It is utilised within the Sleepio intervention and was the primary outcome measure for the OASIS randomised controlled trial (Freeman et al. 2017). This eight-item assessment questionnaire includes: 'concerns about getting to sleep, remaining asleep, sleep quality, daytime functioning, daytime performance, duration of sleep problem, nights per week having a sleep problem and extent troubled by poor sleep'(Espie, Kyle, Hames, et al. 2014). It has a robust internal consistency (α≥0.86) and showed convergent validity with the Pittsburgh Sleep Quality Index (PSQI) and Insomnia Severity Index (ISI) (Espie, Kyle, Hames, et al. 2014). Scores range from 0-32 with higher scores indicating better sleep, scores below 17 identifying insomnia in 89% of cases (Espie, Kyle, Hames, et al. 2014; Freeman et al. 2017).</description>
  </other_outcome>
  <other_outcome>
    <measure>Insomnia Severity Index (ISI)</measure>
    <time_frame>Measure completed in weeks 1, 9 and 17.</time_frame>
    <description>ISI is a measure specifically designed as a brief self-administered measure of insomnia and outcomes for use in their treatment within research. It corresponds to the DSM-IV criteria for insomnia and measures perception and severity of symptoms within the previous 2 weeks. Scores range from 0-28, 0-7 indicating no significant insomnia, 8-14 sub threshold insomnia, 15-21 moderate clinical insomnia, and 22-28 severe clinical insomnia (Smith &amp; Wegener 2003; Bastien et al. 2001). It has been validated as a web-based measure with internal consistency of ≥88% (Thorndike et al. 2011).</description>
  </other_outcome>
  <other_outcome>
    <measure>Pittsburgh Sleep Quality Index (PSQI)</measure>
    <time_frame>Measure completed in weeks 1, 9 and 17.</time_frame>
    <description>PSQI is a self-report 19-item measure that retrospectively measures sleep quality and disturbances over the previous month. The domains of sleep quality included are: sleep wake patterns, duration of sleep, sleep latency, the frequency and severity of specific sleep-related problems and impact on daytime function. Scores range from 0-21, with higher scores indicating poorer sleep quality. The empirically derived cut-off score is &gt;5 to distinguish poor sleepers with severe difficulties in at least 2 domains, or moderate difficulties in more than 3 domains. This cut-off correctly identifies 88.5% of patients, with a sensitivity of 89.6% and specificity of 86.5% (Buysse et al. 1989; Smith &amp; Wegener 2003).</description>
  </other_outcome>
  <other_outcome>
    <measure>Validation of Sleep Diaries by comparison with actigraphy activity data</measure>
    <time_frame>Monitoring will be done for a complete week just prior to week 1, during week 8 and 16. Sleep diaries are collected nightly during this same period.</time_frame>
    <description>Nightly sleep diaries will be reported online using the Sleepio.com online diary.&#xD;
GENEActive actigraphy watch will collect raw data of activity. Which will record sleep patterns objectively. This will be compared with sleep diaries for consistency of subjective measure with objective measure.&#xD;
The actigraphy data will be considered for L5 (lowest 5 hours of activity) M10 (highest 10 hours of activity) and relative amplitude (ratio between L5 and M10). This will then be compared with the nightly sleep diaries for the same period to determine percentage of consistency of reporting.</description>
  </other_outcome>
  <other_outcome>
    <measure>COVID-19 Brief Questionnaire (COVID-19-B)</measure>
    <time_frame>Measure completed in weeks 1, 5, 9, 13 and 17.</time_frame>
    <description>This is a short 7 question (3 minute) survey to allow us to collect basic data on the impact of the ongoing pandemic on participants.</description>
  </other_outcome>
  <number_of_arms>2</number_of_arms>
  <enrollment type="Anticipated">44</enrollment>
  <condition>Psychotic Disorders</condition>
  <condition>Psychosis</condition>
  <condition>Sleep</condition>
  <arm_group>
    <arm_group_label>Sleepio Intervention + Treatment As Usual (TAU)</arm_group_label>
    <arm_group_type>Experimental</arm_group_type>
    <description>Participants will receive the online Sleepio intervention to be completed approximately once per week, at least 6 sessions during the 8-week period, and complete daily sleep diaries. In addition they will continue their treatment as usual (TAU) with the CAMEO Early Intervention in Psychosis care team.</description>
  </arm_group>
  <arm_group>
    <arm_group_label>Treatment As Usual (TAU) alone</arm_group_label>
    <arm_group_type>No Intervention</arm_group_type>
    <description>Participants will continue their treatment as usual (TAU) with the CAMEO Early Intervention in Psychosis care team. They will however be offered access to the Sleepio intervention during the follow-up period of the study.</description>
  </arm_group>
  <intervention>
    <intervention_type>Device</intervention_type>
    <intervention_name>Sleepio</intervention_name>
    <description>Sleepio is an online cognitive behavioural therapy (CBT) based intervention designed to treat insomnia, conducted is 6 sessions. The program is an automated media-rich web-based application that is driven dynamically by baseline, adherence, performance and progress data. At the beginning of each session The Prof conducts a progressive review with the participant exploring the diary data submitted the week prior that includes sleep status and pattern, as well as progress based on goals previously set by the participant. The information, support and advice are personally tailored based on underlying algorithms.</description>
    <arm_group_label>Sleepio Intervention + Treatment As Usual (TAU)</arm_group_label>
  </intervention>
  <eligibility>
    <criteria>
      <textblock>
        Inclusion Criteria:&#xD;
&#xD;
          -  Experiencing or having experienced a First Episode of Psychosis (FEP) within the past&#xD;
             5 years.&#xD;
&#xD;
          -  Currently participating in CAMEO Early Intervention services (North or South) and&#xD;
             intending to continue TAU with CAMEO for at least the next 4 months.&#xD;
&#xD;
          -  Mental capacity for consent.&#xD;
&#xD;
          -  Currently experiencing threshold level (score ≤ 16 on SCI-8) of disrupted sleep.&#xD;
&#xD;
          -  Adults 18 years or older.&#xD;
&#xD;
          -  Ability to understand and follow therapeutic instructions necessary for experiment and&#xD;
             respond to online questionnaires.&#xD;
&#xD;
          -  Illness duration less than or equal to 5 years. Onset of illness was defined as first&#xD;
             contact with psychiatric services for psychotic symptoms.&#xD;
&#xD;
          -  Access to the internet.&#xD;
&#xD;
        Exclusion Criteria:&#xD;
&#xD;
          -  Too unwell to viably participate in study.&#xD;
&#xD;
          -  A diagnosis of drug induced psychosis or bipolar disorder.&#xD;
&#xD;
          -  Psychotic disorder due to a medical or physical disease (i.e. considered to have an&#xD;
             organic basis).&#xD;
&#xD;
          -  Current drug or alcohol dependency.&#xD;
&#xD;
          -  Currently taking prescribed sleep medication or intending to do so during study.&#xD;
&#xD;
          -  Currently doing shift work.&#xD;
&#xD;
          -  Travel over 2 time zones during or within two weeks prior to assessment period.&#xD;
      </textblock>
    </criteria>
    <gender>All</gender>
    <minimum_age>18 Years</minimum_age>
    <maximum_age>N/A</maximum_age>
    <healthy_volunteers>No</healthy_volunteers>
  </eligibility>
  <overall_official>
    <last_name>Peter B Jones, PhD MD</last_name>
    <role>Principal Investigator</role>
    <affiliation>University of Cambridge</affiliation>
  </overall_official>
  <overall_contact>
    <last_name>Camice J Revier, BS MPhil</last_name>
    <phone>+44 (0) 1223 336958</phone>
    <email>cjr69@cam.ac.uk</email>
  </overall_contact>
  <overall_contact_backup>
    <last_name>Jesus Perez, PhD MD</last_name>
    <phone>+44 (0) 1223 884360</phone>
    <email>jesus.perez@cpft.nhs.uk</email>
  </overall_contact_backup>
  <location>
    <facility>
      <name>Cameo Early Intervention</name>
      <address>
        <city>Cambridge</city>
        <state>Cambridgeshire</state>
        <zip>CB4 1PX</zip>
        <country>United Kingdom</country>
      </address>
    </facility>
    <status>Recruiting</status>
    <contact>
      <last_name>Jesus Perez, MD, PhD</last_name>
      <phone>+44 1223 884360</phone>
      <email>jesus.perez@cpft.nhs.uk</email>
    </contact>
    <contact_backup>
      <last_name>Chessie Nour</last_name>
      <phone>+44 1223 341510</phone>
      <email>francesca.nour@cpft.nhs.uk</email>
    </contact_backup>
  </location>
  <location_countries>
    <country>United Kingdom</country>
  </location_countries>
  <verification_date>November 2020</verification_date>
  <study_first_submitted>October 28, 2019</study_first_submitted>
  <study_first_submitted_qc>November 25, 2019</study_first_submitted_qc>
  <study_first_posted type="Actual">November 27, 2019</study_first_posted>
  <last_update_submitted>November 2, 2020</last_update_submitted>
  <last_update_submitted_qc>November 2, 2020</last_update_submitted_qc>
  <last_update_posted type="Actual">November 3, 2020</last_update_posted>
  <responsible_party>
    <responsible_party_type>Principal Investigator</responsible_party_type>
    <investigator_affiliation>University of Cambridge</investigator_affiliation>
    <investigator_full_name>Peter Jones</investigator_full_name>
    <investigator_title>Professor of Psychiatry / Deputy Head of Clinical School</investigator_title>
  </responsible_party>
  <keyword>Cognition</keyword>
  <keyword>Social Recovery</keyword>
  <keyword>Immunopsychiatry</keyword>
  <keyword>Daily function</keyword>
  <keyword>Sleep disturbances</keyword>
  <keyword>Insomnia</keyword>
  <condition_browse>
    <!-- CAUTION:  The following MeSH terms are assigned with an imperfect algorithm            -->
    <mesh_term>Sleep Initiation and Maintenance Disorders</mesh_term>
    <mesh_term>Psychotic Disorders</mesh_term>
    <mesh_term>Mental Disorders</mesh_term>
  </condition_browse>
  <patient_data>
    <sharing_ipd>No</sharing_ipd>
  </patient_data>
  <!-- Results have not yet been posted for this study                                          -->
</clinical_study>

