<?xml version="1.0" encoding="UTF-8"?>
<clinical_study rank="1657">
  <!-- This xml conforms to an XML Schema at:
    https://clinicaltrials.gov/ct2/html/images/info/public.xsd -->
  <required_header>
    <download_date>ClinicalTrials.gov processed this data on April 14, 2021</download_date>
    <link_text>Link to the current ClinicalTrials.gov record.</link_text>
    <url>https://clinicaltrials.gov/show/NCT04328961</url>
  </required_header>
  <id_info>
    <org_study_id>STUDY00009750</org_study_id>
    <secondary_id>INV-016204</secondary_id>
    <nct_id>NCT04328961</nct_id>
  </id_info>
  <brief_title>Hydroxychloroquine for COVID-19 Post-exposure Prophylaxis (PEP)</brief_title>
  <official_title>Efficacy of Hydroxychloroquine for Post-exposure Prophylaxis (PEP) to Prevent Severe Acute Respiratory Syndrome Coronavirus 2 (SARS-CoV-2) Infection Among Adults Exposed to Coronavirus Disease (COVID-19): a Blinded, Randomized Study</official_title>
  <sponsors>
    <lead_sponsor>
      <agency>University of Washington</agency>
      <agency_class>Other</agency_class>
    </lead_sponsor>
    <collaborator>
      <agency>Bill and Melinda Gates Foundation</agency>
      <agency_class>Other</agency_class>
    </collaborator>
  </sponsors>
  <source>University of Washington</source>
  <oversight_info>
    <has_dmc>Yes</has_dmc>
    <is_fda_regulated_drug>Yes</is_fda_regulated_drug>
    <is_fda_regulated_device>No</is_fda_regulated_device>
    <is_us_export>No</is_us_export>
  </oversight_info>
  <brief_summary>
    <textblock>
      This is a clinical study for the prevention of SARS-CoV-2 infection in adults exposed to the&#xD;
      virus. This study will enroll up to 2000 asymptomatic men and women 18 to 80 years of age&#xD;
      (inclusive) who are close contacts of persons with laboratory confirmed SARS-CoV-2 or&#xD;
      clinically suspected COVID-19. Eligible participants will be enrolled and randomized to&#xD;
      receive the intervention or placebo at the level of the household (all eligible participants&#xD;
      in one household will receive the same intervention).&#xD;
    </textblock>
  </brief_summary>
  <detailed_description>
    <textblock>
      This is a randomized, multi-center, placebo-equivalent (ascorbic acid) controlled, blinded&#xD;
      study of Hydroxychloroquine (HCQ) post-exposure prophylaxis (PEP) for the prevention of&#xD;
      SARS-CoV-2 infection in adults exposed to the virus.The overarching goal of this study is to&#xD;
      assess the effectiveness of HCQ PEP on the incidence of SARS-CoV-2 detection by polymerase&#xD;
      chain reaction (PCR) to inform public health control strategies.This study will enroll up to&#xD;
      2000 asymptomatic men and women 18 to 80 years of age (inclusive) at baseline who are close&#xD;
      contacts of persons with PCR-confirmed SARS-CoV-2 or clinically suspected COVID-19 and a&#xD;
      pending SARS-CoV-2 PCR test. Eligible participants will be enrolled and randomized 1:1 to HCQ&#xD;
      or ascorbic acid at the level of the household (all eligible participants in one household&#xD;
      will receive the same intervention). Participants will be counseled about the preliminary in&#xD;
      vitro data on HCQ activity against SARS CoV-2 and equipoise regarding efficacy in humans.The&#xD;
      duration of study participation will be approximately 28 days.&#xD;
    </textblock>
  </detailed_description>
  <overall_status>Completed</overall_status>
  <start_date type="Actual">March 31, 2020</start_date>
  <completion_date type="Actual">October 8, 2020</completion_date>
  <primary_completion_date type="Actual">September 24, 2020</primary_completion_date>
  <phase>Phase 2/Phase 3</phase>
  <study_type>Interventional</study_type>
  <has_expanded_access>No</has_expanded_access>
  <study_design_info>
    <allocation>Randomized</allocation>
    <intervention_model>Parallel Assignment</intervention_model>
    <primary_purpose>Prevention</primary_purpose>
    <masking>Double (Participant, Investigator)</masking>
  </study_design_info>
  <primary_outcome>
    <measure>Polymerase chain reaction (PCR) confirmed SARS-CoV-2 infection</measure>
    <time_frame>Day 1 through Day 14 after enrolment</time_frame>
    <description>Polymerase chain reaction (PCR) confirmed SARS-CoV-2 infection from self-collected samples collected daily for 14 days</description>
  </primary_outcome>
  <primary_outcome>
    <measure>Polymerase chain reaction (PCR) confirmed SARS-CoV-2 infection</measure>
    <time_frame>Day 28 after enrolment</time_frame>
    <description>Polymerase chain reaction (PCR) confirmed SARS-CoV-2 infection from self-collected samples collected at study exit</description>
  </primary_outcome>
  <secondary_outcome>
    <measure>Rate of participant-reported adverse events</measure>
    <time_frame>28 days from start of Hydroxychloroquine therapy</time_frame>
    <description>Safety and tolerability of Hydroxychloroquine as SARS-CoV-2 PEP in adults</description>
  </secondary_outcome>
  <secondary_outcome>
    <measure>Incidence rates of COVID-19 through study completion</measure>
    <time_frame>28 days from enrolment</time_frame>
    <description>PCR-confirmed COVID-19 diagnosis</description>
  </secondary_outcome>
  <number_of_arms>2</number_of_arms>
  <enrollment type="Actual">829</enrollment>
  <condition>COVID-19</condition>
  <condition>Corona Virus Infection</condition>
  <condition>SARS (Severe Acute Respiratory Syndrome)</condition>
  <condition>SARS-CoV-2</condition>
  <arm_group>
    <arm_group_label>Ascorbic Acid</arm_group_label>
    <arm_group_type>Placebo Comparator</arm_group_type>
    <description>Ascorbic acid 500 mg orally daily for 3 days, then 250 mg orally daily for 11 days</description>
  </arm_group>
  <arm_group>
    <arm_group_label>Hydroxychloroquine</arm_group_label>
    <arm_group_type>Experimental</arm_group_type>
    <description>Hydrochloroquine 400 mg orally daily for 3 days, then 200 mg orally daily for an additional 11 days</description>
  </arm_group>
  <intervention>
    <intervention_type>Drug</intervention_type>
    <intervention_name>Hydroxychloroquine Sulfate</intervention_name>
    <description>Eligible participants in a household randomized to this study arm will receive hydrochloroquine therapy</description>
    <arm_group_label>Hydroxychloroquine</arm_group_label>
    <other_name>HCQ arm</other_name>
  </intervention>
  <intervention>
    <intervention_type>Drug</intervention_type>
    <intervention_name>Ascorbic Acid</intervention_name>
    <description>Eligible participants in a household randomized to this study arm will receive ascorbic acid therapy.</description>
    <arm_group_label>Ascorbic Acid</arm_group_label>
    <other_name>Placebo arm</other_name>
  </intervention>
  <eligibility>
    <criteria>
      <textblock>
        Inclusion Criteria:&#xD;
&#xD;
          -  Men or women 18 to 80 years of age inclusive, at the time of signing the informed&#xD;
             consent&#xD;
&#xD;
          -  Willing and able to provide informed consent&#xD;
&#xD;
          -  Had a close contact of a person (index) with known PCR-confirmed SARS-CoV-2 infection&#xD;
             or who is currently being assessed for COVID-19. Close contact defined as:&#xD;
&#xD;
               1. Household contact (i.e., residing with the index case in the 14 days prior to&#xD;
                  index diagnosis)&#xD;
&#xD;
               2. Medical staff, first responders, or other care persons who cared for the index&#xD;
                  case without personal protection (mask and gloves)&#xD;
&#xD;
          -  Less than 4 days since last exposure (close contact with a person with SARS-CoV-2&#xD;
             infection) to the index case&#xD;
&#xD;
          -  Body weight &lt; 100 kg (self-reported)&#xD;
&#xD;
          -  Access to device and internet for Telehealth visits&#xD;
&#xD;
        Exclusion Criteria:&#xD;
&#xD;
          -  Known hypersensitivity to HCQ or other 4-aminoquinoline compounds&#xD;
&#xD;
          -  Currently hospitalized&#xD;
&#xD;
          -  Symptomatic with subjective fever, cough, or sore throat&#xD;
&#xD;
          -  Current medications exclude concomitant use of HCQ&#xD;
&#xD;
          -  Concomitant use of other anti-malarial treatment or chemoprophylaxis&#xD;
&#xD;
          -  History of retinopathy of any etiology&#xD;
&#xD;
          -  Psoriasis&#xD;
&#xD;
          -  Porphyria&#xD;
&#xD;
          -  Known bone marrow disorders with significant neutropenia (polymorphonuclear leukocytes&#xD;
             &lt; 1500) or thrombocytopenia (&lt; 100 K)&#xD;
&#xD;
          -  Concomitant use of digoxin, cyclosporin, cimetidine, or tamoxifen&#xD;
&#xD;
          -  Known liver disease&#xD;
&#xD;
          -  Known long QT syndrome&#xD;
&#xD;
          -  Use of any investigational or non-registered drug or vaccine within 30 days preceding&#xD;
             the first dose of the study drugs, or planned use during the study period&#xD;
      </textblock>
    </criteria>
    <gender>All</gender>
    <minimum_age>18 Years</minimum_age>
    <maximum_age>80 Years</maximum_age>
    <healthy_volunteers>Accepts Healthy Volunteers</healthy_volunteers>
  </eligibility>
  <overall_official>
    <last_name>Ruanne V. Barnabas, MBChB, DPhil</last_name>
    <role>Principal Investigator</role>
    <affiliation>University of Washington</affiliation>
  </overall_official>
  <location>
    <facility>
      <name>University of California Los Angeles</name>
      <address>
        <city>Los Angeles</city>
        <state>California</state>
        <zip>90095</zip>
        <country>United States</country>
      </address>
    </facility>
  </location>
  <location>
    <facility>
      <name>Tulane</name>
      <address>
        <city>New Orleans</city>
        <state>Louisiana</state>
        <zip>70118</zip>
        <country>United States</country>
      </address>
    </facility>
  </location>
  <location>
    <facility>
      <name>University of Maryland, Baltimore</name>
      <address>
        <city>Baltimore</city>
        <state>Maryland</state>
        <zip>21201</zip>
        <country>United States</country>
      </address>
    </facility>
  </location>
  <location>
    <facility>
      <name>Boston University</name>
      <address>
        <city>Boston</city>
        <state>Massachusetts</state>
        <zip>02215</zip>
        <country>United States</country>
      </address>
    </facility>
  </location>
  <location>
    <facility>
      <name>NYU Langone Health</name>
      <address>
        <city>New York</city>
        <state>New York</state>
        <zip>10016</zip>
        <country>United States</country>
      </address>
    </facility>
  </location>
  <location>
    <facility>
      <name>SUNY Upstate Medical University</name>
      <address>
        <city>Syracuse</city>
        <state>New York</state>
        <zip>13210</zip>
        <country>United States</country>
      </address>
    </facility>
  </location>
  <location>
    <facility>
      <name>University of Washington, Coordinating Center</name>
      <address>
        <city>Seattle</city>
        <state>Washington</state>
        <zip>98104</zip>
        <country>United States</country>
      </address>
    </facility>
  </location>
  <location>
    <facility>
      <name>UW Virology Research Clinic</name>
      <address>
        <city>Seattle</city>
        <state>Washington</state>
        <zip>98104</zip>
        <country>United States</country>
      </address>
    </facility>
  </location>
  <location_countries>
    <country>United States</country>
  </location_countries>
  <verification_date>October 2020</verification_date>
  <study_first_submitted>March 23, 2020</study_first_submitted>
  <study_first_submitted_qc>March 29, 2020</study_first_submitted_qc>
  <study_first_posted type="Actual">April 1, 2020</study_first_posted>
  <last_update_submitted>October 27, 2020</last_update_submitted>
  <last_update_submitted_qc>October 27, 2020</last_update_submitted_qc>
  <last_update_posted type="Actual">October 29, 2020</last_update_posted>
  <responsible_party>
    <responsible_party_type>Principal Investigator</responsible_party_type>
    <investigator_affiliation>University of Washington</investigator_affiliation>
    <investigator_full_name>Ruanne Barnabas</investigator_full_name>
    <investigator_title>Associate Professor, School of Medicine: Global Health</investigator_title>
  </responsible_party>
  <keyword>novel coronavirus</keyword>
  <keyword>post-exposure prophylaxis</keyword>
  <condition_browse>
    <!-- CAUTION:  The following MeSH terms are assigned with an imperfect algorithm            -->
    <mesh_term>Infection</mesh_term>
    <mesh_term>Severe Acute Respiratory Syndrome</mesh_term>
    <mesh_term>Coronavirus Infections</mesh_term>
    <mesh_term>Syndrome</mesh_term>
  </condition_browse>
  <intervention_browse>
    <!-- CAUTION:  The following MeSH terms are assigned with an imperfect algorithm            -->
    <mesh_term>Ascorbic Acid</mesh_term>
    <mesh_term>Hydroxychloroquine</mesh_term>
  </intervention_browse>
  <patient_data>
    <sharing_ipd>Yes</sharing_ipd>
    <ipd_description>De-identified data from the study will be made available in accordance with the funder's open access policy.</ipd_description>
    <ipd_info_type>Study Protocol</ipd_info_type>
    <ipd_info_type>Informed Consent Form (ICF)</ipd_info_type>
    <ipd_info_type>Analytic Code</ipd_info_type>
    <ipd_time_frame>Within 3 months of publication of primary results.</ipd_time_frame>
    <ipd_access_criteria>De-identified data from the study will be made available in accordance with the funder's open access policy.</ipd_access_criteria>
    <ipd_url>https://www.gatesfoundation.org/how-we-work/general-information/open-access-policy</ipd_url>
  </patient_data>
  <!-- Results have not yet been posted for this study                                          -->
</clinical_study>

