<?xml version="1.0" encoding="UTF-8"?>
<clinical_study rank="1654">
  <!-- This xml conforms to an XML Schema at:
    https://clinicaltrials.gov/ct2/html/images/info/public.xsd -->
  <required_header>
    <download_date>ClinicalTrials.gov processed this data on April 14, 2021</download_date>
    <link_text>Link to the current ClinicalTrials.gov record.</link_text>
    <url>https://clinicaltrials.gov/show/NCT04328493</url>
  </required_header>
  <id_info>
    <org_study_id>COVID</org_study_id>
    <nct_id>NCT04328493</nct_id>
  </id_info>
  <brief_title>The Vietnam Chloroquine Treatment on COVID-19</brief_title>
  <acronym>VICO</acronym>
  <official_title>A Multi Center Randomized Open Label Trial on the Safety and Efficacy of Chloroquine for the Treatment of Hospitalized Adults With Laboratory Confirmed SARS-CoV-2 Infection in Vietnam</official_title>
  <sponsors>
    <lead_sponsor>
      <agency>Oxford University Clinical Research Unit, Vietnam</agency>
      <agency_class>Other</agency_class>
    </lead_sponsor>
    <collaborator>
      <agency>Ministry of Health, Vietnam</agency>
      <agency_class>Other</agency_class>
    </collaborator>
    <collaborator>
      <agency>Hospital for Tropical Diseases, Ho Chi Minh City, Vietnam</agency>
      <agency_class>Other</agency_class>
    </collaborator>
    <collaborator>
      <agency>Cu Chi COVID Hospital, Vietnam</agency>
      <agency_class>Other</agency_class>
    </collaborator>
    <collaborator>
      <agency>Can Gio COVID Hospital, Vietnam</agency>
      <agency_class>Other</agency_class>
    </collaborator>
    <collaborator>
      <agency>Cho Ray Hospital</agency>
      <agency_class>Other</agency_class>
    </collaborator>
    <collaborator>
      <agency>National Hospital for Tropical Diseases, Hanoi, Vietnam</agency>
      <agency_class>Other</agency_class>
    </collaborator>
    <collaborator>
      <agency>Department of Health, Ho Chi Minh city</agency>
      <agency_class>Other</agency_class>
    </collaborator>
  </sponsors>
  <source>Oxford University Clinical Research Unit, Vietnam</source>
  <oversight_info>
    <has_dmc>Yes</has_dmc>
    <is_fda_regulated_drug>No</is_fda_regulated_drug>
    <is_fda_regulated_device>No</is_fda_regulated_device>
  </oversight_info>
  <brief_summary>
    <textblock>
      COVID-19 is a respiratory disease caused by a novel coronavirus (SARS-CoV-2) and causes&#xD;
      substantial morbidity and mortality. There is currently no vaccine to prevent COVID-19 or&#xD;
      therapeutic agent to treat COVID-19. This clinical trial is designed to evaluate potential&#xD;
      therapeutics for the treatment of hospitalized COVID-19.&#xD;
&#xD;
      We hypothesis that chloroquine slows viral replication in patients with COVID-19, attenuating&#xD;
      the infection, and resulting in more rapid declines in viral load in throat swabs. This viral&#xD;
      attenuation should be associated with improved patient outcomes. Given the enormous&#xD;
      experience of its use in malaria chemoprophylaxis, excellent safety and tolerability profile,&#xD;
      and its very low cost, if proved effective then chloroquine would be a readily deployable and&#xD;
      affordable treatment for patients with COVID-19.&#xD;
&#xD;
      The study is funded and leaded by The Ministry of Health, Vietnam.&#xD;
    </textblock>
  </brief_summary>
  <detailed_description>
    <textblock>
      The study will start with a 10-patient prospective observational pilot study. All these&#xD;
      patients will be subject to the same entry and exclusion criteria for the randomized trial,&#xD;
      and undergo the same procedures. They will all receive chloroquine at the doses used in the&#xD;
      trial (see sections below); they will not be randomized. The purpose of the pilot is to&#xD;
      develop the study procedures for the randomized controlled trial, including the safe&#xD;
      monitoring of patients, to refine the CRF, and to acquire some preliminary data on the safety&#xD;
      of chloroquine in those with COVID-19.&#xD;
&#xD;
      Once the pilot study has been completed, and the data reviewed by the TSC and DMC, and the&#xD;
      MOH ethics committee, we will then proceed to the trial. We will aim for minimum delay&#xD;
      between completing the pilot study and starting the randomized trial.&#xD;
&#xD;
      The main study is an open label, randomised, controlled trial that will be conducted in 240&#xD;
      in-patients in Ho Chi Minh City. Viet Nam.&#xD;
&#xD;
      Patients will have daily assessment as per standard of care while in-patients by the hospital&#xD;
      staff. While in-patients the study will collect the following data: peripheral oxygen&#xD;
      saturation (pulse oximeter), respiratory rate, and FiO2. These will be recorded between 2 and&#xD;
      4 times per day depending on the practice of the treating site. Where recording is twice&#xD;
      daily, one record will be made from the time period of 00:00 until 12:00, and the second&#xD;
      recording between 12:01 and 23:59. Where the parameters are recorded four times/day they will&#xD;
      be recorded in each of the time periods 00:00 - 06:00, 06:01 - 12:00, 12:01 - 18:00 and 18:01&#xD;
      - 23:59. Vitals recorded will include: FiO2, SpO2, Temp, RR HR BP. The use of ventilator or&#xD;
      other assisted breathing device will be recorded each day.&#xD;
&#xD;
      Patients will have clinical assessment recorded as per the study schedule.&#xD;
&#xD;
      The decision to discharge patients will be at the discretion of the attending physician and&#xD;
      depend upon the clinical status of the patient. According to current standard of care&#xD;
      recovery and hospital discharge is dependent upon the patient having had 2 daily consecutive&#xD;
      negative PCR throat/nose swabs. Following discharge patients will be seen on days 14, 28, 42&#xD;
      and 56 post-randomization.&#xD;
&#xD;
      In a subset of patients admitted to HTD we will look for ECG changes, using real-time&#xD;
      monitoring.&#xD;
&#xD;
      Patients will have up to 1 hour ECG continuous recordings daily. The ECG recording will be&#xD;
      downloaded from standard monitor (GE Careview) and stored electronically. ECG changes&#xD;
      (including QT interval) will then be analyzed by machine learning.&#xD;
    </textblock>
  </detailed_description>
  <overall_status>Recruiting</overall_status>
  <start_date type="Actual">April 7, 2020</start_date>
  <completion_date type="Anticipated">April 1, 2022</completion_date>
  <primary_completion_date type="Anticipated">April 1, 2021</primary_completion_date>
  <phase>Phase 2</phase>
  <study_type>Interventional</study_type>
  <has_expanded_access>No</has_expanded_access>
  <study_design_info>
    <allocation>Randomized</allocation>
    <intervention_model>Parallel Assignment</intervention_model>
    <intervention_model_description>The main trial is an open label, randomised, controlled trial that will be conducted in in-patients in Ho Chi Minh City. Viet Nam. Randomization will be 1:1, stratified by study site and severity of illness, to either with or without chloroquine for 10 days. All patients will also receive a supportive care/treatment according to VN MoH's guidline for COVID-19</intervention_model_description>
    <primary_purpose>Treatment</primary_purpose>
    <masking>None (Open Label)</masking>
  </study_design_info>
  <primary_outcome>
    <measure>Viral clearance time</measure>
    <time_frame>Up to 56 days post randomization</time_frame>
    <description>Viral presence will be determined using RT-PCR to detect SARS-CoV-19 RNA. Throat/nose swabs for viral RNA will be taken daily while in hospital until there have at least 2 consecutive negative results . Virus will be defined as cleared when the patient has had ≥2 consecutive negative PCR tests. The time to viral clearance will be defined as the time following randomization to the first of the negative throat/nose swabs.</description>
  </primary_outcome>
  <secondary_outcome>
    <measure>Lengh of hospital stay</measure>
    <time_frame>Up to 56 days post randomization</time_frame>
    <description>The time since randomization to discharge between study groups</description>
  </secondary_outcome>
  <secondary_outcome>
    <measure>Ventilator free days</measure>
    <time_frame>first 28 days</time_frame>
    <description>The number of ventilator free days over the first 28 days of treatment</description>
  </secondary_outcome>
  <secondary_outcome>
    <measure>Oxygene free days</measure>
    <time_frame>first 28 days</time_frame>
    <description>The number of oxygene free days over the first 28 days of treatment</description>
  </secondary_outcome>
  <secondary_outcome>
    <measure>Time to death</measure>
    <time_frame>first 7, 10, 14, 28 and 56 days since randomization</time_frame>
    <description>The time to (all-cause) death following over the first 7, 10, 14, 28 and 56 days since randomization</description>
  </secondary_outcome>
  <secondary_outcome>
    <measure>Adverse events</measure>
    <time_frame>Over the first 28 days (due to the prolonged half-life of Chloroquine)</time_frame>
    <description>The rates of serious adverse events, rates of grade 3 or 4 adverse events</description>
  </secondary_outcome>
  <secondary_outcome>
    <measure>fever clearance time</measure>
    <time_frame>Up to 56 days post randomization</time_frame>
    <description>Time since randomization to the first defervescence day</description>
  </secondary_outcome>
  <secondary_outcome>
    <measure>Ordinal outcome scale</measure>
    <time_frame>Up to 56 days post randomization</time_frame>
    <description>WHO Ordinal outcome scale for COVID-19</description>
  </secondary_outcome>
  <secondary_outcome>
    <measure>Development of ARDS</measure>
    <time_frame>Up to 56 days post randomization</time_frame>
    <description>Development of ARDS defined by the Kigali criteria</description>
  </secondary_outcome>
  <number_of_arms>2</number_of_arms>
  <enrollment type="Anticipated">250</enrollment>
  <condition>SARS-CoV-2 Infection</condition>
  <condition>COVID-19</condition>
  <arm_group>
    <arm_group_label>Control arm</arm_group_label>
    <arm_group_type>No Intervention</arm_group_type>
    <description>Patients randomized to the control arm will receive a standard of care therapy (a supportive care/treatment according to VN MoH's guideline).</description>
  </arm_group>
  <arm_group>
    <arm_group_label>Intervention arm</arm_group_label>
    <arm_group_type>Experimental</arm_group_type>
    <description>In addition to standard of care therapy, patients randomized to the intervention arm receive chloroquine phosphate as below.&#xD;
For adult ≥ 53kg: 1000mg (4 tablets) at initial dose (T=0), followed by 500mg (2 tablets) at 6 hours later (T=6), and 500mg (2 tablets) once daily for 9 days.&#xD;
For adult from 45 - 52kg: 875mg (3.5 tablets) at T=0, followed by 500mg (2 tablets) at T=6 and 500mg (2 tablets) once daily thereafter.&#xD;
For adult weighted 38 -&lt;45 kg: 750mg (3 tablets) at T=0, followed by 375mg (1.5 tablets) at T = 6 and 375mg (1.5 tablets) once daily thereafter.&#xD;
For adult weighted &lt;38 kg: 625mg (2.5 tablets) at T=0, followed by 375mg (1.5 tablets) at T=6 and 375mg (1.5 tablets) once daily thereafter.&#xD;
The total duration of treatment with chloroquine will be 10 days.</description>
  </arm_group>
  <intervention>
    <intervention_type>Drug</intervention_type>
    <intervention_name>Chloroquine phosphate</intervention_name>
    <description>Each chloroquine tablet contains 250mg chloroquine phosphate (or 150mg chloroquine base). Chloroquine treatment for patient is weight-based dosing.&#xD;
Chloroquine will be administered orally, as tablets. For unconscious patients chloroquine can be crushed and administered as a suspension via a nasogastric tube.&#xD;
The total duration of treatment with Chloroquine will be 10 days</description>
    <arm_group_label>Intervention arm</arm_group_label>
    <other_name>Chloroquine</other_name>
  </intervention>
  <eligibility>
    <criteria>
      <textblock>
        1. Laboratory-confirmed SARS-CoV-2 infection as determined by PCR, or other commercial or&#xD;
             public health assay in any specimen &lt; 48 hours prior to randomization, and requiring&#xD;
             hospital admission in the opinion of the attending physician.&#xD;
&#xD;
          2. Provides written informed consent prior to initiation of any study procedures (or&#xD;
             legally authorized representative).&#xD;
&#xD;
          3. Understands and agrees to comply with planned study procedures.&#xD;
&#xD;
          4. Agrees to the collection of OP swabs and venous blood per protocol.&#xD;
&#xD;
          5. Male or female adult ≥18 years of age at time of enrollment.&#xD;
      </textblock>
    </criteria>
    <gender>All</gender>
    <minimum_age>18 Years</minimum_age>
    <maximum_age>N/A</maximum_age>
    <healthy_volunteers>No</healthy_volunteers>
  </eligibility>
  <overall_official>
    <last_name>Guy Thwaites, PhD. MD</last_name>
    <role>Principal Investigator</role>
    <affiliation>University of Oxford, UK</affiliation>
  </overall_official>
  <overall_contact>
    <last_name>Jeremy Day, PhD. MD</last_name>
    <phone>+84 8 39237954</phone>
    <email>jday@oucru.org</email>
  </overall_contact>
  <overall_contact_backup>
    <last_name>Dung Nguyen, PhD. MD</last_name>
    <phone>+84 28 3924 1983</phone>
    <email>CTU-Admin@oucru.org</email>
  </overall_contact_backup>
  <location>
    <facility>
      <name>National Hospital for Tropical Diseases</name>
      <address>
        <city>Hanoi</city>
        <country>Vietnam</country>
      </address>
    </facility>
    <status>Not yet recruiting</status>
    <contact>
      <last_name>Thach N Pham, PhD. MD</last_name>
    </contact>
    <investigator>
      <last_name>Thach N Pham, PhD.MD</last_name>
      <role>Principal Investigator</role>
    </investigator>
  </location>
  <location>
    <facility>
      <name>Can Gio COVID Hospital</name>
      <address>
        <city>Ho Chi Minh City</city>
        <country>Vietnam</country>
      </address>
    </facility>
    <status>Recruiting</status>
    <contact>
      <last_name>Manh Hung Le</last_name>
    </contact>
    <investigator>
      <last_name>Manh Hung Le</last_name>
      <role>Principal Investigator</role>
    </investigator>
  </location>
  <location>
    <facility>
      <name>Cho Ray Hospital</name>
      <address>
        <city>Ho Chi Minh City</city>
        <country>Vietnam</country>
      </address>
    </facility>
    <status>Not yet recruiting</status>
    <investigator>
      <last_name>Hung Le Quoc, MD</last_name>
      <role>Principal Investigator</role>
    </investigator>
  </location>
  <location>
    <facility>
      <name>Cu Chi COVID Hospital</name>
      <address>
        <city>Ho Chi Minh City</city>
        <country>Vietnam</country>
      </address>
    </facility>
    <status>Recruiting</status>
    <contact>
      <last_name>Thanh Dung Nguyen</last_name>
    </contact>
    <investigator>
      <last_name>Thanh Dung Nguyen</last_name>
      <role>Principal Investigator</role>
    </investigator>
  </location>
  <location>
    <facility>
      <name>Hospital for Tropical Diseases</name>
      <address>
        <city>Ho Chi Minh City</city>
        <country>Vietnam</country>
      </address>
    </facility>
    <status>Recruiting</status>
    <contact>
      <last_name>Van Vinh Chau Nguyen, PhD, MD</last_name>
      <email>nguyenvanvinhchau@gmail.com</email>
    </contact>
    <investigator>
      <last_name>Thanh Dung Nguyen, Dr</last_name>
      <role>Sub-Investigator</role>
    </investigator>
    <investigator>
      <last_name>Thanh Phong Nguyen, Dr</last_name>
      <role>Sub-Investigator</role>
    </investigator>
    <investigator>
      <last_name>Thanh Truong Nguyen, Dr</last_name>
      <role>Sub-Investigator</role>
    </investigator>
    <investigator>
      <last_name>Nguyen Huy Man Dinh, Dr</last_name>
      <role>Sub-Investigator</role>
    </investigator>
    <investigator>
      <last_name>Phuong Thao Huynh, Phar</last_name>
      <role>Sub-Investigator</role>
    </investigator>
    <investigator>
      <last_name>Van Vinh Chau Nguyen, Dr</last_name>
      <role>Principal Investigator</role>
    </investigator>
  </location>
  <location_countries>
    <country>Vietnam</country>
  </location_countries>
  <link>
    <url>https://doi.org/10.1016/j.ijantimicag.2020.105949</url>
    <description>in press</description>
  </link>
  <link>
    <url>https://apps.who.int/iris/bitstream/handle/10665/325771/WHO-MVP-EMP-IAU-2019.06-eng.pdf?ua=1</url>
    <description>World Health Organization Model List of Essential Medicines</description>
  </link>
  <link>
    <url>https://www.worldometers.info/coronavirus/</url>
    <description>COVID-19 Coronavirus Pandemic updates</description>
  </link>
  <reference>
    <citation>Biggerstaff M, Cauchemez S, Reed C, Gambhir M, Finelli L. Estimates of the reproduction number for seasonal, pandemic, and zoonotic influenza: a systematic review of the literature. BMC Infect Dis. 2014 Sep 4;14:480. doi: 10.1186/1471-2334-14-480. Review.</citation>
    <PMID>25186370</PMID>
  </reference>
  <reference>
    <citation>Chan JF, Kok KH, Zhu Z, Chu H, To KK, Yuan S, Yuen KY. Genomic characterization of the 2019 novel human-pathogenic coronavirus isolated from a patient with atypical pneumonia after visiting Wuhan. Emerg Microbes Infect. 2020 Jan 28;9(1):221-236. doi: 10.1080/22221751.2020.1719902. eCollection 2020. Erratum in: Emerg Microbes Infect. 2020 Dec;9(1):540.</citation>
    <PMID>31987001</PMID>
  </reference>
  <reference>
    <citation>de Wit E, Feldmann F, Cronin J, Jordan R, Okumura A, Thomas T, Scott D, Cihlar T, Feldmann H. Prophylactic and therapeutic remdesivir (GS-5734) treatment in the rhesus macaque model of MERS-CoV infection. Proc Natl Acad Sci U S A. 2020 Mar 24;117(12):6771-6776. doi: 10.1073/pnas.1922083117. Epub 2020 Feb 13.</citation>
    <PMID>32054787</PMID>
  </reference>
  <reference>
    <citation>Gao J, Tian Z, Yang X. Breakthrough: Chloroquine phosphate has shown apparent efficacy in treatment of COVID-19 associated pneumonia in clinical studies. Biosci Trends. 2020 Mar 16;14(1):72-73. doi: 10.5582/bst.2020.01047. Epub 2020 Feb 19.</citation>
    <PMID>32074550</PMID>
  </reference>
  <reference>
    <citation>Gordon CJ, Tchesnokov EP, Feng JY, Porter DP, Götte M. The antiviral compound remdesivir potently inhibits RNA-dependent RNA polymerase from Middle East respiratory syndrome coronavirus. J Biol Chem. 2020 Apr 10;295(15):4773-4779. doi: 10.1074/jbc.AC120.013056. Epub 2020 Feb 24.</citation>
    <PMID>32094225</PMID>
  </reference>
  <reference>
    <citation>Jorge A, Ung C, Young LH, Melles RB, Choi HK. Hydroxychloroquine retinopathy - implications of research advances for rheumatology care. Nat Rev Rheumatol. 2018 Dec;14(12):693-703. doi: 10.1038/s41584-018-0111-8. Review.</citation>
    <PMID>30401979</PMID>
  </reference>
  <reference>
    <citation>Li Q, Guan X, Wu P, Wang X, Zhou L, Tong Y, Ren R, Leung KSM, Lau EHY, Wong JY, Xing X, Xiang N, Wu Y, Li C, Chen Q, Li D, Liu T, Zhao J, Liu M, Tu W, Chen C, Jin L, Yang R, Wang Q, Zhou S, Wang R, Liu H, Luo Y, Liu Y, Shao G, Li H, Tao Z, Yang Y, Deng Z, Liu B, Ma Z, Zhang Y, Shi G, Lam TTY, Wu JT, Gao GF, Cowling BJ, Yang B, Leung GM, Feng Z. Early Transmission Dynamics in Wuhan, China, of Novel Coronavirus-Infected Pneumonia. N Engl J Med. 2020 Mar 26;382(13):1199-1207. doi: 10.1056/NEJMoa2001316. Epub 2020 Jan 29.</citation>
    <PMID>31995857</PMID>
  </reference>
  <reference>
    <citation>Liu M, He P, Liu HG, Wang XJ, Li FJ, Chen S, Lin J, Chen P, Liu JH, Li CH. [Clinical characteristics of 30 medical workers infected with new coronavirus pneumonia]. Zhonghua Jie He He Hu Xi Za Zhi. 2020 Mar 12;43(3):209-214. doi: 10.3760/cma.j.issn.1001-0939.2020.03.014. Chinese.</citation>
    <PMID>32164090</PMID>
  </reference>
  <reference>
    <citation>McChesney EW, Banks WF Jr, Fabian RJ. Tissue distribution of chloroquine, hydroxychloroquine, and desethylchloroquine in the rat. Toxicol Appl Pharmacol. 1967 May;10(3):501-13.</citation>
    <PMID>6059665</PMID>
  </reference>
  <reference>
    <citation>multicenter collaboration group of Department of Science and Technology of Guangdong Province and Health Commission of Guangdong Province for chloroquine in the treatment of novel coronavirus pneumonia. [Expert consensus on chloroquine phosphate for the treatment of novel coronavirus pneumonia]. Zhonghua Jie He He Hu Xi Za Zhi. 2020 Mar 12;43(3):185-188. doi: 10.3760/cma.j.issn.1001-0939.2020.03.009. Chinese.</citation>
    <PMID>32164085</PMID>
  </reference>
  <reference>
    <citation>Shaw K. The 2003 SARS outbreak and its impact on infection control practices. Public Health. 2006 Jan;120(1):8-14. Epub 2005 Nov 16.</citation>
    <PMID>16297415</PMID>
  </reference>
  <reference>
    <citation>Villegas L, McGready R, Htway M, Paw MK, Pimanpanarak M, Arunjerdja R, Viladpai-Nguen SJ, Greenwood B, White NJ, Nosten F. Chloroquine prophylaxis against vivax malaria in pregnancy: a randomized, double-blind, placebo-controlled trial. Trop Med Int Health. 2007 Feb;12(2):209-18.</citation>
    <PMID>17300627</PMID>
  </reference>
  <reference>
    <citation>Vincent MJ, Bergeron E, Benjannet S, Erickson BR, Rollin PE, Ksiazek TG, Seidah NG, Nichol ST. Chloroquine is a potent inhibitor of SARS coronavirus infection and spread. Virol J. 2005 Aug 22;2:69.</citation>
    <PMID>16115318</PMID>
  </reference>
  <reference>
    <citation>Wang M, Cao R, Zhang L, Yang X, Liu J, Xu M, Shi Z, Hu Z, Zhong W, Xiao G. Remdesivir and chloroquine effectively inhibit the recently emerged novel coronavirus (2019-nCoV) in vitro. Cell Res. 2020 Mar;30(3):269-271. doi: 10.1038/s41422-020-0282-0. Epub 2020 Feb 4.</citation>
    <PMID>32020029</PMID>
  </reference>
  <reference>
    <citation>White NJ, Miller KD, Churchill FC, Berry C, Brown J, Williams SB, Greenwood BM. Chloroquine treatment of severe malaria in children. Pharmacokinetics, toxicity, and new dosage recommendations. N Engl J Med. 1988 Dec 8;319(23):1493-500.</citation>
    <PMID>3054558</PMID>
  </reference>
  <reference>
    <citation>Zaki AM, van Boheemen S, Bestebroer TM, Osterhaus AD, Fouchier RA. Isolation of a novel coronavirus from a man with pneumonia in Saudi Arabia. N Engl J Med. 2012 Nov 8;367(19):1814-20. doi: 10.1056/NEJMoa1211721. Epub 2012 Oct 17. Erratum in: N Engl J Med. 2013 Jul 25;369(4):394.</citation>
    <PMID>23075143</PMID>
  </reference>
  <reference>
    <citation>Zhao S, Lin Q, Ran J, Musa SS, Yang G, Wang W, Lou Y, Gao D, Yang L, He D, Wang MH. Preliminary estimation of the basic reproduction number of novel coronavirus (2019-nCoV) in China, from 2019 to 2020: A data-driven analysis in the early phase of the outbreak. Int J Infect Dis. 2020 Mar;92:214-217. doi: 10.1016/j.ijid.2020.01.050. Epub 2020 Jan 30.</citation>
    <PMID>32007643</PMID>
  </reference>
  <reference>
    <citation>Zhu N, Zhang D, Wang W, Li X, Yang B, Song J, Zhao X, Huang B, Shi W, Lu R, Niu P, Zhan F, Ma X, Wang D, Xu W, Wu G, Gao GF, Tan W; China Novel Coronavirus Investigating and Research Team. A Novel Coronavirus from Patients with Pneumonia in China, 2019. N Engl J Med. 2020 Feb 20;382(8):727-733. doi: 10.1056/NEJMoa2001017. Epub 2020 Jan 24.</citation>
    <PMID>31978945</PMID>
  </reference>
  <verification_date>May 2020</verification_date>
  <study_first_submitted>March 27, 2020</study_first_submitted>
  <study_first_submitted_qc>March 30, 2020</study_first_submitted_qc>
  <study_first_posted type="Actual">March 31, 2020</study_first_posted>
  <last_update_submitted>May 27, 2020</last_update_submitted>
  <last_update_submitted_qc>May 27, 2020</last_update_submitted_qc>
  <last_update_posted type="Actual">May 29, 2020</last_update_posted>
  <responsible_party>
    <responsible_party_type>Sponsor</responsible_party_type>
  </responsible_party>
  <keyword>SARS-CoV-2</keyword>
  <keyword>COVID-19</keyword>
  <keyword>chloroquine</keyword>
  <condition_browse>
    <!-- CAUTION:  The following MeSH terms are assigned with an imperfect algorithm            -->
    <mesh_term>Infection</mesh_term>
  </condition_browse>
  <intervention_browse>
    <!-- CAUTION:  The following MeSH terms are assigned with an imperfect algorithm            -->
    <mesh_term>Chloroquine</mesh_term>
    <mesh_term>Chloroquine diphosphate</mesh_term>
  </intervention_browse>
  <patient_data>
    <sharing_ipd>No</sharing_ipd>
  </patient_data>
  <!-- Results have not yet been posted for this study                                          -->
</clinical_study>

