<?xml version="1.0" encoding="UTF-8"?>
<clinical_study rank="1689">
  <!-- This xml conforms to an XML Schema at:
    https://clinicaltrials.gov/ct2/html/images/info/public.xsd -->
  <required_header>
    <download_date>ClinicalTrials.gov processed this data on April 14, 2021</download_date>
    <link_text>Link to the current ClinicalTrials.gov record.</link_text>
    <url>https://clinicaltrials.gov/show/NCT04323332</url>
  </required_header>
  <id_info>
    <org_study_id>2020XLA015-1</org_study_id>
    <nct_id>NCT04323332</nct_id>
  </id_info>
  <brief_title>Traditional Chinese Medicine for Severe COVID-19</brief_title>
  <official_title>A Retrospective Cohort Study to Evaluate the Efficacy and Safety of Traditional Chinese Medicine as an Adjuvant Treatment for Patients With Severe COVID-19</official_title>
  <sponsors>
    <lead_sponsor>
      <agency>Xiyuan Hospital of China Academy of Chinese Medical Sciences</agency>
      <agency_class>Other</agency_class>
    </lead_sponsor>
  </sponsors>
  <source>Xiyuan Hospital of China Academy of Chinese Medical Sciences</source>
  <oversight_info>
    <is_fda_regulated_drug>No</is_fda_regulated_drug>
    <is_fda_regulated_device>No</is_fda_regulated_device>
  </oversight_info>
  <brief_summary>
    <textblock>
      In December 2019, a new type of pneumonia, COVID-2019 outbroke in Wuhan ,China, and currently&#xD;
      the infected has been reported in more than at least 75 countries.&#xD;
&#xD;
      Patients with severe COVID-19 have rapid disease progression and high mortality rate. This&#xD;
      may attribute to the excessive immune response caused by cytokine storm. Strategies based on&#xD;
      anti-virus drugs and treatments against symptoms have now been employed. However, these&#xD;
      managements can't effectively treat the lethal lung injury and uncontrolled immune responses,&#xD;
      especially in the elderly with severe COVID-19. Traditional Chinese Medicine (TCM), which&#xD;
      treats the disease from anther perspective, has achieved satisfactory results. National&#xD;
      Health Commission of China released a series of policies to enhance the administration of TCM&#xD;
      prescriptions.&#xD;
&#xD;
      This study is aimed to evaluate the efficacy and safety of Traditional Chinese Medicine as an&#xD;
      adjuvant treatment for severe COVID-19.&#xD;
    </textblock>
  </brief_summary>
  <overall_status>Not yet recruiting</overall_status>
  <start_date type="Anticipated">March 2020</start_date>
  <completion_date type="Anticipated">April 2020</completion_date>
  <primary_completion_date type="Anticipated">March 2020</primary_completion_date>
  <phase>Phase 3</phase>
  <study_type>Interventional</study_type>
  <has_expanded_access>No</has_expanded_access>
  <study_design_info>
    <allocation>Non-Randomized</allocation>
    <intervention_model>Parallel Assignment</intervention_model>
    <primary_purpose>Treatment</primary_purpose>
    <masking>None (Open Label)</masking>
  </study_design_info>
  <primary_outcome>
    <measure>Length of hospital stay (days)</measure>
    <time_frame>First treatment date up to 3 months</time_frame>
  </primary_outcome>
  <secondary_outcome>
    <measure>Duration (days) of supplemental oxygenation</measure>
    <time_frame>First treatment date up to 3 months</time_frame>
  </secondary_outcome>
  <secondary_outcome>
    <measure>CT imaging changes</measure>
    <time_frame>First treatment date up to 3 months</time_frame>
  </secondary_outcome>
  <secondary_outcome>
    <measure>Mortality rate</measure>
    <time_frame>First treatment date up to 3 months</time_frame>
  </secondary_outcome>
  <secondary_outcome>
    <measure>Time to Clinical Improvement (TTCI)</measure>
    <time_frame>First treatment date up to 3 months</time_frame>
  </secondary_outcome>
  <secondary_outcome>
    <measure>The pneumonia severity index scores</measure>
    <time_frame>First treatment date up to 3 months</time_frame>
    <description>The pneumonia severity index is a clinical tool helping in the risk stratification of patients with community-acquired pneumonia. It ranges from 0-395 scores and a higher score indicates higher death risk.</description>
  </secondary_outcome>
  <secondary_outcome>
    <measure>Time to COVID-19 nucleic acid testing negativity in throat swab</measure>
    <time_frame>First treatment date up to 3 months</time_frame>
  </secondary_outcome>
  <secondary_outcome>
    <measure>Blood immune cell count</measure>
    <time_frame>Baseline, 7 and/ or 14 days</time_frame>
    <description>Changes in leukocyte, neutral, lymphocyte counts and absolute lymphocyte count from baseline</description>
  </secondary_outcome>
  <secondary_outcome>
    <measure>Serum inflammatory markers</measure>
    <time_frame>Baseline, 7 and/ or 14 days</time_frame>
    <description>Changes in blood interleukin-6, c-reactive protein,SS-A/Ro antibodies and serum ferritin from baseline.</description>
  </secondary_outcome>
  <secondary_outcome>
    <measure>Erythrocyte sedimentation rate</measure>
    <time_frame>Baseline, 7 and/ or 14 days</time_frame>
    <description>Changes in erythrocyte sedimentation rate from baseline.</description>
  </secondary_outcome>
  <secondary_outcome>
    <measure>Platelet and D-dimer changes</measure>
    <time_frame>Baseline, 7 and/ or 14 days</time_frame>
    <description>Changes in platelets and D-dimers from baseline.</description>
  </secondary_outcome>
  <secondary_outcome>
    <measure>Creatinine changes</measure>
    <time_frame>Baseline, 7 and/ or 14 days</time_frame>
    <description>Changes in serum creatinine from baseline.</description>
  </secondary_outcome>
  <secondary_outcome>
    <measure>Muscle enzymes changes</measure>
    <time_frame>Baseline, 7 and/ or 14 days</time_frame>
    <description>Changes in serum muscle enzymes from baseline, including alanine aminotransferase , AST, creatine kinase, LDH.</description>
  </secondary_outcome>
  <secondary_outcome>
    <measure>Usage of antibiotics</measure>
    <time_frame>First treatment date up to 3 months</time_frame>
    <description>Dosing time and amounts of antibiotics；the categories of the antibiotics</description>
  </secondary_outcome>
  <secondary_outcome>
    <measure>Usage of glucocorticoids</measure>
    <time_frame>First treatment date up to 3 months</time_frame>
    <description>Dosing time and amounts of glucocorticoids</description>
  </secondary_outcome>
  <secondary_outcome>
    <measure>Frequency of adverse events</measure>
    <time_frame>First treatment date up to 3 months</time_frame>
  </secondary_outcome>
  <number_of_arms>2</number_of_arms>
  <enrollment type="Anticipated">50</enrollment>
  <condition>COVID-19</condition>
  <arm_group>
    <arm_group_label>Traditional Chinese Medicine</arm_group_label>
    <arm_group_type>Experimental</arm_group_type>
    <description>TCM prescription and conventional treatments</description>
  </arm_group>
  <arm_group>
    <arm_group_label>Control</arm_group_label>
    <arm_group_type>No Intervention</arm_group_type>
    <description>conventional treatments</description>
  </arm_group>
  <intervention>
    <intervention_type>Drug</intervention_type>
    <intervention_name>Traditional Chinese Medicine Prescription</intervention_name>
    <description>Traditional Chinese Medicine Prescriptions have been recommended according to the Guidelines for the treatment of COVID-19 issued by National Health Commission of the PRC.</description>
    <arm_group_label>Traditional Chinese Medicine</arm_group_label>
  </intervention>
  <eligibility>
    <criteria>
      <textblock>
        Key Inclusion Criteria:&#xD;
&#xD;
          1. Patients were diagnosed as severe COVID-19 according to the Coronavirus disease&#xD;
             (COVID-19) Treatment Guidance (Six edition)&#xD;
&#xD;
          2. Patients received a combined treatment of TCM and conventional therapy, or only&#xD;
             conventional therapy.&#xD;
&#xD;
        Key Exclusion Criteria:&#xD;
&#xD;
          1. Age &gt;85 years&#xD;
&#xD;
          2. After cardiopulmonary resuscitation&#xD;
&#xD;
          3. Patients combined with other organ failure or conditions need ICU monitoring and&#xD;
             treatment, such as severe liver disease, severe renal dysfunction, upper&#xD;
             gastrointestinal hemorrhage, disseminated intravascular coagulation.&#xD;
&#xD;
          4. Respiratory failure and need mechanical ventilation&#xD;
      </textblock>
    </criteria>
    <gender>All</gender>
    <minimum_age>N/A</minimum_age>
    <maximum_age>85 Years</maximum_age>
    <healthy_volunteers>No</healthy_volunteers>
  </eligibility>
  <overall_official>
    <last_name>Hao Li, Professor</last_name>
    <role>Study Chair</role>
    <affiliation>Xiyuan Hospital of China Academy of Chinese Medical Sciences</affiliation>
  </overall_official>
  <overall_contact>
    <last_name>Hao Li, Professor</last_name>
    <phone>+0086-133113382093</phone>
    <email>xyhplihao1965@126.com</email>
  </overall_contact>
  <location>
    <facility>
      <name>Hao Li</name>
      <address>
        <city>Beijing</city>
        <state>Beijing</state>
        <zip>100091</zip>
        <country>China</country>
      </address>
    </facility>
    <contact>
      <last_name>Hao Li, Prof.</last_name>
      <phone>01062835088</phone>
      <email>xyhplihao1965@126.com</email>
    </contact>
  </location>
  <location_countries>
    <country>China</country>
  </location_countries>
  <verification_date>March 2020</verification_date>
  <study_first_submitted>March 8, 2020</study_first_submitted>
  <study_first_submitted_qc>March 24, 2020</study_first_submitted_qc>
  <study_first_posted type="Actual">March 26, 2020</study_first_posted>
  <last_update_submitted>March 24, 2020</last_update_submitted>
  <last_update_submitted_qc>March 24, 2020</last_update_submitted_qc>
  <last_update_posted type="Actual">March 26, 2020</last_update_posted>
  <responsible_party>
    <responsible_party_type>Principal Investigator</responsible_party_type>
    <investigator_affiliation>Xiyuan Hospital of China Academy of Chinese Medical Sciences</investigator_affiliation>
    <investigator_full_name>Li Hao</investigator_full_name>
    <investigator_title>professor</investigator_title>
  </responsible_party>
  <keyword>COVID-19</keyword>
  <keyword>Traditional Chinese Medicine</keyword>
  <keyword>Pneumonia</keyword>
  <keyword>Coronavirus</keyword>
  <patient_data>
    <sharing_ipd>Yes</sharing_ipd>
    <ipd_info_type>Study Protocol</ipd_info_type>
  </patient_data>
  <!-- Results have not yet been posted for this study                                          -->
</clinical_study>

