<?xml version="1.0" encoding="UTF-8"?>
<clinical_study rank="2618">
  <!-- This xml conforms to an XML Schema at:
    https://clinicaltrials.gov/ct2/html/images/info/public.xsd -->
  <required_header>
    <download_date>ClinicalTrials.gov processed this data on April 14, 2021</download_date>
    <link_text>Link to the current ClinicalTrials.gov record.</link_text>
    <url>https://clinicaltrials.gov/show/NCT04287686</url>
  </required_header>
  <id_info>
    <org_study_id>GIRH-APN01</org_study_id>
    <nct_id>NCT04287686</nct_id>
  </id_info>
  <brief_title>Recombinant Human Angiotensin-converting Enzyme 2 (rhACE2) as a Treatment for Patients With COVID-19</brief_title>
  <official_title>A Randomized, Open Label, Controlled Clinical Study to Evaluate the Recombinant Human Angiotensin-converting Enzyme 2 (rhACE2) in Adult Patients With COVID-19</official_title>
  <sponsors>
    <lead_sponsor>
      <agency>The First Affiliated Hospital of Guangzhou Medical University</agency>
      <agency_class>Other</agency_class>
    </lead_sponsor>
  </sponsors>
  <source>The First Affiliated Hospital of Guangzhou Medical University</source>
  <oversight_info>
    <has_dmc>Yes</has_dmc>
    <is_fda_regulated_drug>No</is_fda_regulated_drug>
    <is_fda_regulated_device>No</is_fda_regulated_device>
  </oversight_info>
  <brief_summary>
    <textblock>
      This is an open label, randomized, controlled, pilot clinical study in patients with&#xD;
      COVID-19, to obtain preliminary biologic, physiologic, and clinical data in patients with&#xD;
      COVID-19 treated with rhACE2 or control patients, to help determine whether a subsequent&#xD;
      Phase 2B trial is warranted.&#xD;
    </textblock>
  </brief_summary>
  <detailed_description>
    <textblock>
      This is a small pilot study investigating whether there is any efficacy signal that warrants&#xD;
      a larger Phase 2B trial, or any harm that suggests that such a trial should not be done. It&#xD;
      is not expected to produce statistically significant results in the major endpoints. The&#xD;
      investigators will examine all of the biologic, physiological, and clinical data to determine&#xD;
      whether a Phase 2B trial is warranted.&#xD;
&#xD;
      Primary efficacy analysis will be carried only on patients receiving at least 4 doses of&#xD;
      active drug. Safety analysis will be carried out on all patients receiving at least one dose&#xD;
      of active drug.&#xD;
&#xD;
      It is planned to enroll more than or equal to 24 subjects with COVID-19. It is expected to&#xD;
      have at least 12 evaluable patients in each group.&#xD;
&#xD;
      Experimental group: 0.4 mg/kg rhACE2 IV BID and standard of care Control group: standard of&#xD;
      care&#xD;
&#xD;
      Intervention duration: up to 7 days of therapy&#xD;
&#xD;
      No planned interim analysis.&#xD;
    </textblock>
  </detailed_description>
  <overall_status>Withdrawn</overall_status>
  <why_stopped>
    Without CDE Approval&#xD;
  </why_stopped>
  <start_date type="Anticipated">February 2020</start_date>
  <completion_date type="Anticipated">April 2020</completion_date>
  <primary_completion_date type="Anticipated">April 2020</primary_completion_date>
  <phase>N/A</phase>
  <study_type>Interventional</study_type>
  <has_expanded_access>No</has_expanded_access>
  <study_design_info>
    <allocation>Randomized</allocation>
    <intervention_model>Parallel Assignment</intervention_model>
    <intervention_model_description>2-arm pilot study</intervention_model_description>
    <primary_purpose>Treatment</primary_purpose>
    <masking>None (Open Label)</masking>
  </study_design_info>
  <primary_outcome>
    <measure>Time course of body temperature (fever)</measure>
    <time_frame>14 days</time_frame>
    <description>Compare the time course of body temperature (fever) between two groups over time.</description>
  </primary_outcome>
  <primary_outcome>
    <measure>Viral load over time</measure>
    <time_frame>14 days</time_frame>
    <description>Compare viral load between two groups over time.</description>
  </primary_outcome>
  <secondary_outcome>
    <measure>P/F ratio over time</measure>
    <time_frame>14 days</time_frame>
    <description>PaO2/FiO2 ratio</description>
  </secondary_outcome>
  <secondary_outcome>
    <measure>Sequential organ failure assessment score(SOFA score) over time</measure>
    <time_frame>14 days</time_frame>
    <description>SOFA, including assessment of respiratory, blood, liver, circulatory, nerve, kidney, from 0 to 4 scores in each systems, the higher scores mean a worse outcome.</description>
  </secondary_outcome>
  <secondary_outcome>
    <measure>Pulmonary Severity Index (PSI)</measure>
    <time_frame>14 days</time_frame>
  </secondary_outcome>
  <secondary_outcome>
    <measure>Image examination of chest over time</measure>
    <time_frame>14 days</time_frame>
    <description>Based on radiologist's assessment of inflammatory exudative disease, category as follows: significant improvement, partial improvement, no improvement, increase of partial exudation, significant increase in exudation, unable to judge.</description>
  </secondary_outcome>
  <secondary_outcome>
    <measure>Proportion of subjects who progressed to critical illness or death</measure>
    <time_frame>14 days</time_frame>
  </secondary_outcome>
  <secondary_outcome>
    <measure>Time from first dose to conversion to normal or mild pneumonia</measure>
    <time_frame>14 days</time_frame>
  </secondary_outcome>
  <secondary_outcome>
    <measure>T-lymphocyte counts over time</measure>
    <time_frame>14 days</time_frame>
  </secondary_outcome>
  <secondary_outcome>
    <measure>C-reactive protein levels over time</measure>
    <time_frame>14 days</time_frame>
  </secondary_outcome>
  <secondary_outcome>
    <measure>Angiotensin II (Ang II) changes over time</measure>
    <time_frame>14 days</time_frame>
  </secondary_outcome>
  <secondary_outcome>
    <measure>Angiotensin 1-7 (Ang 1-7) changes over time</measure>
    <time_frame>14 days</time_frame>
  </secondary_outcome>
  <secondary_outcome>
    <measure>Angiotensin 1-5 (Ang 1-5) changes over time</measure>
    <time_frame>14 days</time_frame>
  </secondary_outcome>
  <secondary_outcome>
    <measure>Renin changes over time</measure>
    <time_frame>14 days</time_frame>
  </secondary_outcome>
  <secondary_outcome>
    <measure>Aldosterone changes over time</measure>
    <time_frame>14 days</time_frame>
  </secondary_outcome>
  <secondary_outcome>
    <measure>Angiotensin-converting enzyme (ACE) changes over time</measure>
    <time_frame>14 days</time_frame>
  </secondary_outcome>
  <secondary_outcome>
    <measure>Angiotensin-converting enzyme 2 (ACE2) changes over time</measure>
    <time_frame>14 days</time_frame>
  </secondary_outcome>
  <secondary_outcome>
    <measure>Interleukin 6 (IL-6) changes over time</measure>
    <time_frame>14 days</time_frame>
  </secondary_outcome>
  <secondary_outcome>
    <measure>Interleukin 8 (IL-8) changes over time</measure>
    <time_frame>14 days</time_frame>
  </secondary_outcome>
  <secondary_outcome>
    <measure>Soluble tumor necrosis factor receptor type II (sTNFrII) changes over time</measure>
    <time_frame>14 days</time_frame>
  </secondary_outcome>
  <secondary_outcome>
    <measure>Plasminogen activator inhibitor type-1 (PAI-1) changes over time</measure>
    <time_frame>14 days</time_frame>
  </secondary_outcome>
  <secondary_outcome>
    <measure>Von willebrand factor (vWF) changes over time</measure>
    <time_frame>14 days</time_frame>
  </secondary_outcome>
  <secondary_outcome>
    <measure>Tumor necrosis factor-α (TNF-α) changes over time</measure>
    <time_frame>14 days</time_frame>
  </secondary_outcome>
  <secondary_outcome>
    <measure>Soluble receptor for advanced glycation end products (sRAGE) changes over time</measure>
    <time_frame>14 days</time_frame>
  </secondary_outcome>
  <secondary_outcome>
    <measure>Surfactant protein-D (SP-D) changes over time</measure>
    <time_frame>14 days</time_frame>
  </secondary_outcome>
  <secondary_outcome>
    <measure>Angiopoietin-2 changes over time</measure>
    <time_frame>14 days</time_frame>
  </secondary_outcome>
  <secondary_outcome>
    <measure>Frequency of adverse events and severe adverse events</measure>
    <time_frame>14 days</time_frame>
  </secondary_outcome>
  <number_of_arms>2</number_of_arms>
  <enrollment type="Actual">0</enrollment>
  <condition>COVID-19</condition>
  <arm_group>
    <arm_group_label>rhACE2 group</arm_group_label>
    <arm_group_type>Experimental</arm_group_type>
    <description>0.4 mg/kg IV BID for 7 days (unblinded) + standard of care</description>
  </arm_group>
  <arm_group>
    <arm_group_label>Control group</arm_group_label>
    <arm_group_type>No Intervention</arm_group_type>
    <description>Standard of care; no placebo</description>
  </arm_group>
  <intervention>
    <intervention_type>Drug</intervention_type>
    <intervention_name>Recombinant human angiotensin-converting enzyme 2 (rhACE2)</intervention_name>
    <description>In this study, the experimental group will receive 0.4 mg/kg rhACE2 IV BID for 7 days.</description>
    <arm_group_label>rhACE2 group</arm_group_label>
  </intervention>
  <eligibility>
    <criteria>
      <textblock>
        Inclusion Criteria:&#xD;
&#xD;
          1. Laboratory diagnosis:&#xD;
&#xD;
               -  Respiratory specimen is positive for SARS-CoV-2 nucleic acid by RT-PCR; OR,&#xD;
&#xD;
               -  The viral gene sequencing of the respiratory specimen is highly homologous to&#xD;
                  known novel coronavirus.&#xD;
&#xD;
          2. Fever:&#xD;
&#xD;
             Axillary temperature &gt;37.3℃&#xD;
&#xD;
          3. Respiratory variables (meets one of the following criteria):&#xD;
&#xD;
               -  Respiratory rate: RR ≥25 breaths/min&#xD;
&#xD;
               -  Oxygen saturation ≤93% at rest on room air&#xD;
&#xD;
               -  PaO2/FiO2 ≤300 mmHg（1 mmHg=0.133 KPa）&#xD;
&#xD;
               -  Pulmonary imaging showed that the lesions progressed more than 50% within 24-48&#xD;
                  hours, and the patients were managed as severe&#xD;
&#xD;
          4. HBsAg negative, or HBV DNA ≤10^4 copy/ml if HBsAg positive; anti-HCV negative; HIV&#xD;
             negative two weeks prior to signed Informed Consent Form (ICF)&#xD;
&#xD;
          5. Appropriate ethics approval and&#xD;
&#xD;
          6. ICF&#xD;
&#xD;
        Exclusion Criteria:&#xD;
&#xD;
          -  Age &lt;18 years; Age &gt;80 years&#xD;
&#xD;
          -  Pregnant or breast feeding woman or with positive pregnancy test result&#xD;
&#xD;
          -  P/F &lt;100 mmHg&#xD;
&#xD;
          -  Moribund condition (death likely in days) or not expected to survive for &gt;7 days&#xD;
&#xD;
          -  Refusal by attending MD&#xD;
&#xD;
          -  Not hemodynamically stable in the preceding 4 hours (MAP ≤65 mmHg, or SAP &lt;90 mmHg,&#xD;
             DAP &lt;60 mmHg, vasoactive agents are required)&#xD;
&#xD;
          -  Patient on invasive mechanical ventilation or ECMO&#xD;
&#xD;
          -  Patient in other therapeutic clinical trial within 30 days before ICF&#xD;
&#xD;
          -  Receive any other ACE inhibitors (ACEI), angiotensin-receptor blockers (ARB) treatment&#xD;
             within 7 days before ICF&#xD;
&#xD;
          -  Chronic immunosuppression: current autoimmune diseases or patients who received&#xD;
             immunotherapy within 30 days before ICF&#xD;
&#xD;
          -  Hematologic malignancy (lymphoma, leukemia, multiple myeloma)&#xD;
&#xD;
          -  Other patient characteristics (not thought to be related to underlying COVID-19) that&#xD;
             portend a very poor prognosis (e.g, severe liver failure, and ect)&#xD;
&#xD;
          -  Known allergy to study drug or its ingredients related to renin-angiotensin system&#xD;
             (RAS), or frequent and/or severe allergic reactions with multiple medications&#xD;
&#xD;
          -  Other uncontrolled diseases, as judged by investigators&#xD;
&#xD;
          -  Body weight ≥85 kg&#xD;
      </textblock>
    </criteria>
    <gender>All</gender>
    <minimum_age>18 Years</minimum_age>
    <maximum_age>80 Years</maximum_age>
    <healthy_volunteers>No</healthy_volunteers>
  </eligibility>
  <overall_official>
    <last_name>Yimin Li, PhD, MD</last_name>
    <role>Principal Investigator</role>
    <affiliation>The First Affiliated Hospital of Guangzhou Medical University</affiliation>
  </overall_official>
  <location>
    <facility>
      <name>GCP Office of The First Affiliated Hospital of Guangzhou Medical University</name>
      <address>
        <city>Guangzhou</city>
        <state>Guangdong</state>
        <zip>510120</zip>
        <country>China</country>
      </address>
    </facility>
  </location>
  <location_countries>
    <country>China</country>
  </location_countries>
  <verification_date>March 2020</verification_date>
  <study_first_submitted>February 21, 2020</study_first_submitted>
  <study_first_submitted_qc>February 25, 2020</study_first_submitted_qc>
  <study_first_posted type="Actual">February 27, 2020</study_first_posted>
  <last_update_submitted>March 15, 2020</last_update_submitted>
  <last_update_submitted_qc>March 15, 2020</last_update_submitted_qc>
  <last_update_posted type="Actual">March 17, 2020</last_update_posted>
  <responsible_party>
    <responsible_party_type>Principal Investigator</responsible_party_type>
    <investigator_affiliation>The First Affiliated Hospital of Guangzhou Medical University</investigator_affiliation>
    <investigator_full_name>Yimin LI</investigator_full_name>
    <investigator_title>Director Physician</investigator_title>
  </responsible_party>
  <keyword>SARS-CoV-2</keyword>
  <keyword>Renin-angiotensin-system (RAS)</keyword>
  <!-- Results have not yet been posted for this study                                          -->
</clinical_study>

