<?xml version="1.0" encoding="UTF-8"?>
<clinical_study rank="3706">
  <!-- This xml conforms to an XML Schema at:
    https://clinicaltrials.gov/ct2/html/images/info/public.xsd -->
  <required_header>
    <download_date>ClinicalTrials.gov processed this data on April 14, 2021</download_date>
    <link_text>Link to the current ClinicalTrials.gov record.</link_text>
    <url>https://clinicaltrials.gov/show/NCT04279197</url>
  </required_header>
  <id_info>
    <org_study_id>Fzhy-ncp-2</org_study_id>
    <nct_id>NCT04279197</nct_id>
  </id_info>
  <brief_title>Treatment of Pulmonary Fibrosis Due to COVID-19 With Fuzheng Huayu</brief_title>
  <official_title>The Efficacy of Treating Pulmonary Fibrosis and Pulmonary Function Injury in COVID-19 With the Fuzheng Huayu Tablets: a Multicenter Randomized Controlled Trial</official_title>
  <sponsors>
    <lead_sponsor>
      <agency>ShuGuang Hospital</agency>
      <agency_class>Other</agency_class>
    </lead_sponsor>
    <collaborator>
      <agency>Hubei Hospital of Traditional Chinese Medicine</agency>
      <agency_class>Other</agency_class>
    </collaborator>
    <collaborator>
      <agency>Jingmen No.1 People's Hospital</agency>
      <agency_class>Other</agency_class>
    </collaborator>
    <collaborator>
      <agency>Tongji Hospital</agency>
      <agency_class>Other</agency_class>
    </collaborator>
    <collaborator>
      <agency>Wenzhou Central Hospital</agency>
      <agency_class>Other</agency_class>
    </collaborator>
    <collaborator>
      <agency>Wuhan No.1 Hospital</agency>
      <agency_class>Other</agency_class>
    </collaborator>
    <collaborator>
      <agency>Wuhan Union Hospital, China</agency>
      <agency_class>Other</agency_class>
    </collaborator>
    <collaborator>
      <agency>Wuhan Third Hospital</agency>
      <agency_class>Other</agency_class>
    </collaborator>
  </sponsors>
  <source>ShuGuang Hospital</source>
  <oversight_info>
    <has_dmc>No</has_dmc>
    <is_fda_regulated_drug>No</is_fda_regulated_drug>
    <is_fda_regulated_device>No</is_fda_regulated_device>
  </oversight_info>
  <brief_summary>
    <textblock>
      According to previous studies, viral pneumonia can develop into pulmonary fibrosis, which can&#xD;
      affect patients'lung function and even life health.This study aims to observe the efficacy&#xD;
      and safety of Fuzheng Huayu Tablets in the treatment of pulmonary fibrosis after COVID-19.&#xD;
    </textblock>
  </brief_summary>
  <detailed_description>
    <textblock>
      The patients with COVID-19 could suffered from the pulmonary dysfunction and/or fibrosis the&#xD;
      recovery period, but there are no certain drugs or treatment to cope with this situation. Our&#xD;
      previous studies indicated that Fuzheng Huayu tablets could regress the lung fibrosis induced&#xD;
      by bleomycin in animals, and improve the pulmonary function in the patients with chronic&#xD;
      obstructive pulmonary disease. Now we design this trial to carry out the clinical study in&#xD;
      order to evaluate the effects of Fuzheng Huayu tablets on pulmonary fibrosis and/or pulmonary&#xD;
      function injury in the recovery period of COVID-19 and expect to improve the prognosis.&#xD;
&#xD;
      This is a randomized, double-blind, multicenter, placebo-controlled clinical trial.It enrolls&#xD;
      160 patients who had been diagnosed with COVID-19, but currently they are negative for viral&#xD;
      testing and have developed pulmonary fibrosis or pulmonary dysfunction. They are randomly&#xD;
      assigned into control group and experimental group. All patients are given basic treatment&#xD;
      such as respiratory function rehabilitation training and vitamin C. The experimental group is&#xD;
      given Fuzheng Huayu tablets, and the control group is given placebo. Each patient will be&#xD;
      observed for 24 weeks and followed up for 8 weeks. The primary outcome for the trial is the&#xD;
      improvement proportion of lung fibrosis judged by HRCT score. Secondary outcomes include&#xD;
      six-minute walk distance, clinical symptoms score, oxygen saturation, quality of Life-BREF&#xD;
      (QOL-BREF) Score, patient health questionnaire-9 (PHQ-9) Score, general anxiety disorder-7&#xD;
      (GAD-7) score. The safety also be observed.&#xD;
    </textblock>
  </detailed_description>
  <overall_status>Recruiting</overall_status>
  <start_date type="Actual">April 23, 2020</start_date>
  <completion_date type="Anticipated">December 2021</completion_date>
  <primary_completion_date type="Anticipated">December 2021</primary_completion_date>
  <phase>Phase 2</phase>
  <study_type>Interventional</study_type>
  <has_expanded_access>No</has_expanded_access>
  <study_design_info>
    <allocation>Randomized</allocation>
    <intervention_model>Parallel Assignment</intervention_model>
    <primary_purpose>Treatment</primary_purpose>
    <masking>Triple (Participant, Care Provider, Investigator)</masking>
  </study_design_info>
  <primary_outcome>
    <measure>The improvement proportion of pulmonary fibrosis</measure>
    <time_frame>Week 24</time_frame>
    <description>Evaluation of pulmonary fibrosis Improvement. pulmonary fibrosis judged by HRCT score.HRCT images are divided into four grades according to the score, and a reduction of one grade is an improvement.</description>
  </primary_outcome>
  <secondary_outcome>
    <measure>Blood oxygen saturation</measure>
    <time_frame>Week 24</time_frame>
    <description>Evaluation of Lung Function Improvement</description>
  </secondary_outcome>
  <secondary_outcome>
    <measure>Clinical symptom score</measure>
    <time_frame>Week 24</time_frame>
    <description>Discomfort symptoms include dyspnea, cough, exhausted, fatigue, insomnia, sweating, poor appetite, diarrhea, etc., which are common manifestations of patients with COVID-19</description>
  </secondary_outcome>
  <secondary_outcome>
    <measure>Quality of Life-BREF (QOL-BREF)</measure>
    <time_frame>Week 24</time_frame>
    <description>This scale can reflect the quality of life of patients to some extent.</description>
  </secondary_outcome>
  <secondary_outcome>
    <measure>Patient Health Questionnaire-9(PHQ-9)</measure>
    <time_frame>Week 24</time_frame>
    <description>This scale can reflect the quality of life of patients to some extent.</description>
  </secondary_outcome>
  <secondary_outcome>
    <measure>Generalized anxiety disorder-7(GAD-7)</measure>
    <time_frame>Week 24</time_frame>
    <description>This scale can reflect the quality of life of patients to some extent.</description>
  </secondary_outcome>
  <secondary_outcome>
    <measure>The 6-minute walk distance</measure>
    <time_frame>Week 24</time_frame>
    <description>Evaluation of Lung Function Improvement</description>
  </secondary_outcome>
  <number_of_arms>2</number_of_arms>
  <enrollment type="Anticipated">160</enrollment>
  <condition>Pulmonary Fibrosis Due to COVID-19</condition>
  <arm_group>
    <arm_group_label>Basic Treatment+Fuzheng Huayu Tablet</arm_group_label>
    <arm_group_type>Experimental</arm_group_type>
    <description>basic treatment (respiratory function rehabilitation training + Vitamin C tablets)&#xD;
FZHY</description>
  </arm_group>
  <arm_group>
    <arm_group_label>Basic Treatment+Placebo</arm_group_label>
    <arm_group_type>Placebo Comparator</arm_group_type>
    <description>basic treatment (respiratory function rehabilitation training + Vitamin C tablets)&#xD;
placebo</description>
  </arm_group>
  <intervention>
    <intervention_type>Drug</intervention_type>
    <intervention_name>Fuzheng Huayu Tablet</intervention_name>
    <description>FZHY, administration: 0.4g/tablet, 1.6g/time, 3 times/day, oral; medicine to be taken after meals.</description>
    <arm_group_label>Basic Treatment+Fuzheng Huayu Tablet</arm_group_label>
    <other_name>FZHY</other_name>
  </intervention>
  <intervention>
    <intervention_type>Drug</intervention_type>
    <intervention_name>Vitamin C tablets</intervention_name>
    <description>Vitamin C tablets, administration: 0.2g/time, 3 times/ day, oral；</description>
    <arm_group_label>Basic Treatment+Fuzheng Huayu Tablet</arm_group_label>
    <arm_group_label>Basic Treatment+Placebo</arm_group_label>
    <other_name>VC</other_name>
  </intervention>
  <intervention>
    <intervention_type>Other</intervention_type>
    <intervention_name>Placebo</intervention_name>
    <description>Placebo , administration: 0.4g/tablet, 1.6g/time, 3 times/day, oral; medicine to be taken after meals.</description>
    <arm_group_label>Basic Treatment+Placebo</arm_group_label>
  </intervention>
  <intervention>
    <intervention_type>Other</intervention_type>
    <intervention_name>respiratory function rehabilitation training</intervention_name>
    <description>Health exercise, once a day</description>
    <arm_group_label>Basic Treatment+Fuzheng Huayu Tablet</arm_group_label>
    <arm_group_label>Basic Treatment+Placebo</arm_group_label>
  </intervention>
  <eligibility>
    <criteria>
      <textblock>
        Inclusion criteria&#xD;
&#xD;
          -  Compliance with the diagnostic criteria for COVID-19 (China Diagnosis and Treatment&#xD;
             Protocol for COVID-19(Trial Version 7);&#xD;
&#xD;
          -  Real-time fluorescent polymerase chain reaction test to detect of SARS-CoV-2 nucleic&#xD;
             acid in respiratory specimens or blood specimens of patients with negative results (&gt;2&#xD;
             times);&#xD;
&#xD;
          -  Pulmonary CT scans within 7 days showed that there were still unabsorbed inflammation&#xD;
             or pulmonary fibrosis in the lungs;&#xD;
&#xD;
          -  Age 18-70;&#xD;
&#xD;
          -  Six-minute walk distance less than 350 meters;&#xD;
&#xD;
          -  Participate in clinical research voluntarily and sign informed consent. Exclusion&#xD;
             criteria&#xD;
&#xD;
          -  Patients who have undergone lung surgery that affects pulmonary function, such as&#xD;
             pulmonary transplantation, pulmonary resection, pulmonary volume reduction, etc;&#xD;
&#xD;
          -  Relying on mechanical ventilation to maintain pulmonary function, such as ventilators;&#xD;
&#xD;
          -  Combined with chronic pulmonary diseases affecting pulmonary function, such as chronic&#xD;
             obstructive pulmonary disease, other known causes of interstitial pulmonary disease;&#xD;
&#xD;
          -  Patients with diseases affecting cardiac function, such as pulmonary circulation&#xD;
             hypertension, heart failure, peripheral vascular disease, fibromyalgia, and pacemaker&#xD;
             installation;&#xD;
&#xD;
          -  Patients with severe underlying diseases affecting survival, including uncontroled&#xD;
             cardiac, renal, digestive, hematological, neuropsychiatric, immune, metabolic&#xD;
             diseases, malignant diseases and severe malnutrition;&#xD;
&#xD;
          -  Resting heart rate &gt;120 times/min;&#xD;
&#xD;
          -  Systolic blood pressure &gt; 180 mmHg, diastolic blood pressure &gt; 100 mmHg;&#xD;
&#xD;
          -  Unstable angina pectoris or myocardial infarction occurring within the last month;&#xD;
&#xD;
          -  Severe obesity (BMI &gt; 30 kg/m2);&#xD;
&#xD;
          -  Allergic constitution, allergic to the drug components involved in the treatment&#xD;
             program;&#xD;
&#xD;
          -  Pregnant or breastfeeding women;&#xD;
&#xD;
          -  Patients with disabilities who are unable to complete the efficacy evaluation&#xD;
             questionnaires;&#xD;
&#xD;
          -  Difficult collaborators with poor mental health status, suffering from mental illness,&#xD;
             patients without self-control, unable to express clearly;&#xD;
&#xD;
          -  Those who are participating in other clinical trials;&#xD;
&#xD;
          -  According to the investigator's judgment, patients whose enrollment complications or&#xD;
             poor compliance will affect the efficacy and safety evaluation.&#xD;
      </textblock>
    </criteria>
    <gender>All</gender>
    <minimum_age>18 Years</minimum_age>
    <maximum_age>70 Years</maximum_age>
    <healthy_volunteers>No</healthy_volunteers>
  </eligibility>
  <overall_contact>
    <last_name>Chenghai Liu, PhD</last_name>
    <phone>8621-20256521</phone>
    <email>chenghailiu@hotmail.com</email>
  </overall_contact>
  <location>
    <facility>
      <name>Shuguang Hospital</name>
      <address>
        <city>Shanghai</city>
        <state>Shanghai</state>
        <zip>201203</zip>
        <country>China</country>
      </address>
    </facility>
    <status>Recruiting</status>
    <contact>
      <last_name>Chenghai Liu, PhD</last_name>
    </contact>
  </location>
  <location_countries>
    <country>China</country>
  </location_countries>
  <verification_date>September 2020</verification_date>
  <study_first_submitted>February 15, 2020</study_first_submitted>
  <study_first_submitted_qc>February 19, 2020</study_first_submitted_qc>
  <study_first_posted type="Actual">February 21, 2020</study_first_posted>
  <last_update_submitted>September 21, 2020</last_update_submitted>
  <last_update_submitted_qc>September 21, 2020</last_update_submitted_qc>
  <last_update_posted type="Actual">September 23, 2020</last_update_posted>
  <responsible_party>
    <responsible_party_type>Principal Investigator</responsible_party_type>
    <investigator_affiliation>ShuGuang Hospital</investigator_affiliation>
    <investigator_full_name>Liu Chenghai</investigator_full_name>
    <investigator_title>Institute Director</investigator_title>
  </responsible_party>
  <condition_browse>
    <!-- CAUTION:  The following MeSH terms are assigned with an imperfect algorithm            -->
    <mesh_term>Pulmonary Fibrosis</mesh_term>
    <mesh_term>Fibrosis</mesh_term>
  </condition_browse>
  <intervention_browse>
    <!-- CAUTION:  The following MeSH terms are assigned with an imperfect algorithm            -->
    <mesh_term>Ascorbic Acid</mesh_term>
  </intervention_browse>
  <patient_data>
    <sharing_ipd>No</sharing_ipd>
  </patient_data>
  <!-- Results have not yet been posted for this study                                          -->
</clinical_study>

