<?xml version="1.0" encoding="UTF-8"?>
<clinical_study rank="4441">
  <!-- This xml conforms to an XML Schema at:
    https://clinicaltrials.gov/ct2/html/images/info/public.xsd -->
  <required_header>
    <download_date>ClinicalTrials.gov processed this data on April 14, 2021</download_date>
    <link_text>Link to the current ClinicalTrials.gov record.</link_text>
    <url>https://clinicaltrials.gov/show/NCT04333914</url>
  </required_header>
  <id_info>
    <org_study_id>ET20-076 - IMMUNONCOVID-20</org_study_id>
    <secondary_id>2020-001373-70</secondary_id>
    <nct_id>NCT04333914</nct_id>
  </id_info>
  <brief_title>Prospective Study in Patients With Advanced or Metastatic Cancer and SARS-CoV-2 Infection</brief_title>
  <acronym>IMMUNONCOVID</acronym>
  <official_title>A Prospective, Controlled, Randomized, Multicenter Study of the Efficacy of an Autophagy Inhibitor (GNS561), an Anti-NKG2A (Monalizumab) and an Anti-C5aR (Avdoralimab) Compared to the Standard of Care in Patients With Advanced or Metastatic Cancer and SARS-CoV-2 (COVID-19) Infection.</official_title>
  <sponsors>
    <lead_sponsor>
      <agency>Centre Leon Berard</agency>
      <agency_class>Other</agency_class>
    </lead_sponsor>
  </sponsors>
  <source>Centre Leon Berard</source>
  <oversight_info>
    <has_dmc>Yes</has_dmc>
    <is_fda_regulated_drug>No</is_fda_regulated_drug>
    <is_fda_regulated_device>No</is_fda_regulated_device>
  </oversight_info>
  <brief_summary>
    <textblock>
      A prospective, controlled, randomized, multicenter study whose goal is to compare the&#xD;
      efficacy of an autophagy inhibitor (GNS561), an anti-NKG2A (monalizumab) and an anti-C5aR&#xD;
      (avdoralimab) versus standard of care in patients with advanced or metastatic cancer who have&#xD;
      Sars-CoV-2 infection not eligible to a resuscitation unit.&#xD;
&#xD;
      According to their severity level at the time of enrolment, eligible patients will be&#xD;
      randomized into 2 different cohorts:&#xD;
&#xD;
        -  COHORT 1 (mild symptoms or asymptomatic): GNS561 vs anti-NKG2A vs standard of care&#xD;
           (randomization ratio 1:1:1).&#xD;
&#xD;
        -  COHORT 2 (moderate/severe symptoms): anti-C5aR vs standard of care (randomization ratio&#xD;
           1:1).&#xD;
    </textblock>
  </brief_summary>
  <overall_status>Recruiting</overall_status>
  <start_date type="Actual">April 15, 2020</start_date>
  <completion_date type="Anticipated">August 2021</completion_date>
  <primary_completion_date type="Anticipated">June 2021</primary_completion_date>
  <phase>Phase 2</phase>
  <study_type>Interventional</study_type>
  <has_expanded_access>No</has_expanded_access>
  <study_design_info>
    <allocation>Randomized</allocation>
    <intervention_model>Parallel Assignment</intervention_model>
    <intervention_model_description>COHORT 1 : Patients with mild symptoms or asymptomatic&#xD;
COHORT 2 : Patients with moderate/severe symptoms</intervention_model_description>
    <primary_purpose>Treatment</primary_purpose>
    <masking>None (Open Label)</masking>
  </study_design_info>
  <primary_outcome>
    <measure>28-day survival rate</measure>
    <time_frame>28 days from randomization</time_frame>
    <description>28-day survival rate, defined by the proportion of patients still alive 28 days after randomization.&#xD;
If vital status at 28 days post randomisation is not available due to early transfer in an external resuscitation unit, patients will be considered as failure at the date of the transfer.&#xD;
Comparison of each experimental arm (GNS561 then monalizumab for cohort1 and avdoralimab for cohort2) to control arm will be performed using a Fisher exact test.</description>
  </primary_outcome>
  <secondary_outcome>
    <measure>Time to clinical improvement</measure>
    <time_frame>28 days from randomization</time_frame>
    <description>Time to clinical improvement defined as the time from randomization to an improvement of two points (from the status at randomization) on a seven-category ordinal scale (WHO-ISARIC) or live discharge from the hospital, whichever comes first.</description>
  </secondary_outcome>
  <secondary_outcome>
    <measure>Clinical status</measure>
    <time_frame>Day 7, Day 14, Day 28</time_frame>
    <description>Clinical status will be assessed using a 7-point ordinal scale :&#xD;
Not hospitalized, no limitations on activities&#xD;
Not hospitalized, limitation on activities;&#xD;
Hospitalized, not requiring supplemental oxygen;&#xD;
Hospitalized, requiring supplemental oxygen;&#xD;
Hospitalized, on non-invasive ventilation or high flow oxygen devices;&#xD;
Hospitalized, on invasive mechanical ventilation or ECMO;&#xD;
Death.</description>
  </secondary_outcome>
  <secondary_outcome>
    <measure>Clinical status</measure>
    <time_frame>Day 7, Day 14, Day 28</time_frame>
    <description>The NEWS2 score (National Early Warning Score) allocates a score based on six physiological parameters (respiratory rate / oxygen saturation / systolic blood pressure / heart rate / consciousness / temperature).&#xD;
It Determines the degree of illness of a patient and prompts critical care intervention.&#xD;
The total possible score ranges from 0 to 21. The higher the score, the greater the clinical risk. A total score close to 0 corresponds to a low risk and a total score higher than 7 corresponds to a high risk.</description>
  </secondary_outcome>
  <secondary_outcome>
    <measure>Mean change in the ranking on the ordinal scale from baseline to D7, D14 and D28</measure>
    <time_frame>Day 7, Day 14, Day 28</time_frame>
    <description>Mean change in clinical status from baseline will be assessed by using a 7-point ordinal scale.</description>
  </secondary_outcome>
  <secondary_outcome>
    <measure>Mean change in the ranking of the NEWS2 score from baseline to D7, D14 and D28</measure>
    <time_frame>Day 7, Day 14, Day 28</time_frame>
    <description>Mean change in clinical status from baseline will be assessed by using the NEWS2 score (National Early Warning Score).&#xD;
The NEWS2 score (National Early Warning Score) allocates a score based on six physiological parameters (respiratory rate / oxygen saturation / systolic blood pressure / heart rate / consciousness / temperature).&#xD;
It Determines the degree of illness of a patient and prompts critical care intervention.&#xD;
The total possible score ranges from 0 to 21. The higher the score, the greater the clinical risk. A total score close to 0 corresponds to a low risk and a total score higher than 7 corresponds to a high risk.</description>
  </secondary_outcome>
  <secondary_outcome>
    <measure>Overall survival</measure>
    <time_frame>3 months (i.e. at the time of last patient last visit)</time_frame>
    <description>Overall survival will be defined by the time from date of randomization until date of death, regardless of the cause. Any patient not known to have died at the time of analysis will be censored based on the last recorded date on which the patient was known to be alive.</description>
  </secondary_outcome>
  <secondary_outcome>
    <measure>Length of stay in Intensive Care Unit</measure>
    <time_frame>3 months (i.e. at the time of last patient last visit)</time_frame>
    <description>The length of stay in Intensive Care Unit (from the date of admission in the Unit to the date of discharge).</description>
  </secondary_outcome>
  <secondary_outcome>
    <measure>Duration of mechanical ventilation or high flow oxygen devices</measure>
    <time_frame>3 months (i.e. at the time of last patient last visit)</time_frame>
    <description>The duration of mechanical ventilation or high flow oxygen devices (from the date of intubation to the stop date of mechanical ventilation or high flow oxygen)</description>
  </secondary_outcome>
  <secondary_outcome>
    <measure>Duration of hospitalization</measure>
    <time_frame>3 months (i.e. at the time of last patient last visit)</time_frame>
    <description>The duration of hospitalization (from the date of hospitalization to the date of definitive discharge for live patients)</description>
  </secondary_outcome>
  <secondary_outcome>
    <measure>Rate of throat swab negativation</measure>
    <time_frame>Day 7, Day 14, Day 28</time_frame>
  </secondary_outcome>
  <secondary_outcome>
    <measure>Quantitative SARS-CoV-2 virus in throat swab and blood samples</measure>
    <time_frame>Day 7, Day 14, Day 28</time_frame>
  </secondary_outcome>
  <secondary_outcome>
    <measure>The rate of secondary infection by other documented pathogens (bacteria, fungi)</measure>
    <time_frame>Day 7, Day 14, Day 28 (if available)</time_frame>
  </secondary_outcome>
  <secondary_outcome>
    <measure>Biological parameters</measure>
    <time_frame>3 months (i.e. at the time of last patient last visit)</time_frame>
    <description>Changes from baseline in neutrophils count (G/L)</description>
  </secondary_outcome>
  <secondary_outcome>
    <measure>Number of participants with treatment-related adverse events as assessed by CTCAE v5.0</measure>
    <time_frame>3 months (i.e. at the time of last patient last visit)</time_frame>
    <description>Treatment-Emergent Adverse Events, Serious Adverse Events, Suspected Unexpected Serious Adverse Reactions, New Safety Issues described using the NCI-CTC AE classification v5.&#xD;
Number of participants with a discontinuation or temporary suspension of study drugs (for any reason).</description>
  </secondary_outcome>
  <secondary_outcome>
    <measure>Cost-Effectiveness Analyses (CEA)</measure>
    <time_frame>3 months (i.e. at the time of last patient last visit)</time_frame>
    <description>Incremental Cost-Effectiveness Ratios (ICERs) expressed in cost per Life Year Gained.</description>
  </secondary_outcome>
  <secondary_outcome>
    <measure>Biological parameters</measure>
    <time_frame>3 months (i.e. at the the time of last patient last visit)</time_frame>
    <description>Changes from baseline in lymphocytes count (G/L)</description>
  </secondary_outcome>
  <secondary_outcome>
    <measure>Biological parameters</measure>
    <time_frame>3 months (i.e. at the the time of last patient last visit)</time_frame>
    <description>Changes from baseline in platelets count (G/L)</description>
  </secondary_outcome>
  <secondary_outcome>
    <measure>Biological parameters</measure>
    <time_frame>3 months (i.e. at the the time of last patient last visit)</time_frame>
    <description>Changes from baseline in hemoglobin count (g/dL)</description>
  </secondary_outcome>
  <secondary_outcome>
    <measure>Biological parameters</measure>
    <time_frame>3 months (i.e. at the the time of last patient last visit)</time_frame>
    <description>Changes from baseline in CRP count (mg/L)</description>
  </secondary_outcome>
  <secondary_outcome>
    <measure>Biological parameters</measure>
    <time_frame>3 months (i.e. at the the time of last patient last visit)</time_frame>
    <description>Changes from baseline in pro-inflammatory cytokine (IL6)</description>
  </secondary_outcome>
  <secondary_outcome>
    <measure>The rate of patients with SARS-CoV-2 IgG antibodies at D7, D14 and D28</measure>
    <time_frame>Day 7, Day 14, Day 28</time_frame>
  </secondary_outcome>
  <number_of_arms>4</number_of_arms>
  <enrollment type="Anticipated">219</enrollment>
  <condition>SARS-CoV-2 (COVID-19) Infection</condition>
  <condition>Advanced or Metastatic Hematological or Solid Tumor</condition>
  <arm_group>
    <arm_group_label>Autophagy inhibitor (GNS651)</arm_group_label>
    <arm_group_type>Experimental</arm_group_type>
  </arm_group>
  <arm_group>
    <arm_group_label>Standard of care</arm_group_label>
    <arm_group_type>Other</arm_group_type>
  </arm_group>
  <arm_group>
    <arm_group_label>anti-NKG2A (Monalizumab)</arm_group_label>
    <arm_group_type>Experimental</arm_group_type>
  </arm_group>
  <arm_group>
    <arm_group_label>anti-C5aR (Avdoralimab)</arm_group_label>
    <arm_group_type>Experimental</arm_group_type>
  </arm_group>
  <intervention>
    <intervention_type>Drug</intervention_type>
    <intervention_name>Autophagy inhibitor (GNS651)</intervention_name>
    <description>Cohort 1 (arm B): 200mg q.d. orally for 10 consecutive days. If for any reason a treatment is not given within the allowed treatment window (± 12h) it will be cancelled (i.e., missed for that time point), and treatment will be resumed at the next dosing day.</description>
    <arm_group_label>Autophagy inhibitor (GNS651)</arm_group_label>
  </intervention>
  <intervention>
    <intervention_type>Other</intervention_type>
    <intervention_name>Standard of care</intervention_name>
    <description>In cohorts 1 and 2, patients allocated in the standard of care arms should receive best supportive care, as per the investigator's discretion and the local routine practices. With regards to the respiratory symptoms and medical resoures at investigational site, the following should be given according to the patient's condition: oxygen supplementation, non-invasive ventilation, invasive ventilation, antibiotherapy, vasopressor support, renal replacement therapy, or extracorporeal membrane oxygenation.&#xD;
Additional care and medications should be administered in the patient's best interest.</description>
    <arm_group_label>Autophagy inhibitor (GNS651)</arm_group_label>
    <arm_group_label>Standard of care</arm_group_label>
    <arm_group_label>anti-C5aR (Avdoralimab)</arm_group_label>
    <arm_group_label>anti-NKG2A (Monalizumab)</arm_group_label>
  </intervention>
  <intervention>
    <intervention_type>Drug</intervention_type>
    <intervention_name>Avdoralimab</intervention_name>
    <description>Cohorte 2 (arm H): 500mg, intravenously, at Day 1 then 200mg once daily every 2 days during 14 Days</description>
    <arm_group_label>anti-C5aR (Avdoralimab)</arm_group_label>
  </intervention>
  <intervention>
    <intervention_type>Drug</intervention_type>
    <intervention_name>Monalizumab</intervention_name>
    <description>Cohorte 2 (arm G) : 50mg (flat dose),intravenously, single infusion at Day 1.</description>
    <arm_group_label>anti-NKG2A (Monalizumab)</arm_group_label>
  </intervention>
  <eligibility>
    <criteria>
      <textblock>
        INCLUSION CRITERIA:&#xD;
&#xD;
        I1. Age 18 or older at the time of enrolment for women and age 60 or older at the time of&#xD;
        enrolment for men.&#xD;
&#xD;
        I2. Histologically or cytologically confirmed diagnosis of advanced or metastatic&#xD;
        hematological or solid tumor (hematological or solid tumor, any type and any localization).&#xD;
&#xD;
        I3. Documented diagnosis of COVID-19 (diagnostic test performed in a certified laboratory)&#xD;
        without indication of transfer in a rescucitation unit.; Nota Bene : A maximum time of 7&#xD;
        days may have elapsed between the date of first symptoms and the date of consent for&#xD;
        patient cohort 1 (mild). In cohort 2 (severe), up to 10 days may have elapsed since the&#xD;
        first symptoms.&#xD;
&#xD;
        I4. Cohort 2: patients with pneumonia confirmed by chest imaging, and an oxygen saturation&#xD;
        (Sao2) of 94% or less while they are breathing ambient air or a ratio of the partial&#xD;
        pressure of oxygen (Pao2) to the fraction of inspired oxygen (Fio2) (Pao2:Fio2) at or below&#xD;
        300 mg Hg.&#xD;
&#xD;
        I5. Multidisciplinary approach that patient is not eligible for a transfer to Resuscitation&#xD;
        Unit (either due to underlying medical condition - including cancer - or due to lack of&#xD;
        available bed).&#xD;
&#xD;
        Note: Item cancelled (addendum 2 - October 2020)&#xD;
&#xD;
        I6. Life-expectancy longer than 3 months.&#xD;
&#xD;
        I7. Adequate bone marrow and end-organ function defined by the following laboratory&#xD;
        results:&#xD;
&#xD;
          -  Bone marrow:&#xD;
&#xD;
               -  Hemoglobin ≥ 9.0 g/dL,&#xD;
&#xD;
               -  Absolute Neutrophils Count (ANC) ≥ 1.0 Gi/L,&#xD;
&#xD;
               -  Platelets ≥ 100 Gi/L;&#xD;
&#xD;
          -  Hepatic function:&#xD;
&#xD;
               -  Total serum bilirubin ≤ 1.5 x ULN (except patients with Gilbert's syndrome who&#xD;
                  must have total serum bilirubin ≤ 3.0 x ULN),&#xD;
&#xD;
               -  AST/ALT ≤ 5 ULN&#xD;
&#xD;
          -  Renal function:&#xD;
&#xD;
               -  Serum creatinine ≤ 2.0 x ULN or Cr. Cl. ≥ 30ml/min/1.73m² (MDRD or CKD-EPI&#xD;
                  formula);&#xD;
&#xD;
        I8. Willingness and ability to comply with the study requirements;&#xD;
&#xD;
        I9. Signed and dated informed consent indicating that the patient has been informed of all&#xD;
        the aspects of the trial prior to enrollment (in case of emergency situation, please refer&#xD;
        to protocol section 12.1 PATIENT INFORMATION AND INFORMED CONSENT);&#xD;
&#xD;
        I10. Women of childbearing potential (Appendix 1) are required to have a negative serum&#xD;
        pregnancy test within 72 hours prior to study treatment start. A positive urine test must&#xD;
        be confirmed by a serum pregnancy test;&#xD;
&#xD;
        I11. Women of childbearing potential and male patients must agree to use adequate highly&#xD;
        effective contraception (Appendix 1) for the duration of study participation and up to 6&#xD;
        months following completion of therapy;&#xD;
&#xD;
        I12. Patient must be covered by a medical insurance.&#xD;
&#xD;
        EXCLUSION CRITERIA:&#xD;
&#xD;
        E1. For cohort 1 only: Patient currently receiving therapy with an anti-NKG2A.&#xD;
&#xD;
        E2. For cohort 2 only: Patient currently receiving therapy with an anti-C5aR.&#xD;
&#xD;
        E3. Patient presents a contraindication to monalizumab treatment (cohort 1 only) or to&#xD;
        avdoralimab (cohort 2 only) as per respective IB, including known hypersensitivity to one&#xD;
        of these study drugs or severe hypersensitivity reaction to any monoclonal antibody.&#xD;
&#xD;
        E4. For cohort 1 only: Patient known to have intolerance or hypersensitivity to chloroquine&#xD;
        or any quinoline derivatives (quinine, chloroquine, tafenoquine, hydroxychloroquine,&#xD;
        mefloquine). Patients previously exposed to CQ, HCQ or other quinoline derivates should&#xD;
        have interrupted their treatment at least 72h prior to randomization.&#xD;
&#xD;
        E5. Patient has active autoimmune disease that has required systemic treatment in the past&#xD;
        3 months before the date of randomisation or a documented history of clinically severe&#xD;
        autoimmune disease, or a syndrome that requires systemic steroids at doses higher than 10&#xD;
        mg/d prednisone equivalents or immunosuppressive agents.&#xD;
&#xD;
        Note 1: Patients with vitiligo or resolved childhood asthma/atopy would be an exception to&#xD;
        this rule. Patients that require intermittent use of bronchodilators or local steroid&#xD;
        injections would not be excluded from the study. Patients with hypothyroidism stable on&#xD;
        hormone replacement or Sjögren's syndrome will not be excluded from the study.&#xD;
&#xD;
        Note 2: Patients may received corticosteroids as required for the management of&#xD;
        SARS-CoV-2-related symptoms.&#xD;
&#xD;
        E6. Patient requires the use of one of the following forbidden treatment during the study&#xD;
        treatment period, including but not limited to :&#xD;
&#xD;
          -  Major surgery&#xD;
&#xD;
          -  Live vaccines. Examples of live vaccines include, but are not limited to, the&#xD;
             following: measles, mumps, rubella, chicken pox, yellow fever and BCG. Seasonal&#xD;
             influenza vaccines for injection are generally killed virus vaccines and are allowed;&#xD;
             however intranasal influenza vaccines (e.g. Flu-Mist®) are live attenuated vaccines,&#xD;
             and are not allowed.&#xD;
&#xD;
        E7. Significant cardiovascular disease, such as New York Heart Association cardiac disease&#xD;
        (Class II or greater), myocardial infarction within 3 months prior to the date of&#xD;
        randomisation unstable arrhythmias or unstable angina, Known Left Ventricular Ejection&#xD;
        Fraction (LVEF) &lt; 50%.&#xD;
&#xD;
        Note: Patients with known coronary artery disease, congestive heart failure not meeting the&#xD;
        above criteria must be on a stable medical regimen that is optimized in the opinion of the&#xD;
        treating physician and in consultation with a cardiologist if appropriate.&#xD;
&#xD;
        E8. Patient has known active hepatitis B (chronic or acute; defined as having a positive&#xD;
        hepatitis B surface antigen [HBsAg] test at screening), known active hepatitis C (Patients&#xD;
        positive for hepatitis C virus (HCV) antibody are eligible only if PCR is negative for HCV&#xD;
        RNA at screening) or known Human Immunodeficiency Virus (HIV) infection (HIV 1/2&#xD;
        antibodies).&#xD;
&#xD;
        E9. Prior allogeneic bone marrow transplantation or solid organ transplant in the past.&#xD;
&#xD;
        E10. Has a history or current evidence of any condition, therapy, or laboratory abnormality&#xD;
        that might confound the results of the trial, interfere with the subject's participation&#xD;
        for the full duration of the trial, or is not in the best interest of the subject to&#xD;
        participate, in the opinion of the treating Investigator.&#xD;
&#xD;
        E11. Has known psychiatric or substance abuse disorders that would interfere with&#xD;
        cooperation with the requirements of the trial.&#xD;
&#xD;
        E12. Pregnant or breastfeeding patient, or expecting to conceive children within the&#xD;
        projected duration of the trial, starting with the screening visit through 6 months after&#xD;
        the last dose of study drugs.&#xD;
      </textblock>
    </criteria>
    <gender>All</gender>
    <minimum_age>18 Years</minimum_age>
    <maximum_age>N/A</maximum_age>
    <healthy_volunteers>No</healthy_volunteers>
  </eligibility>
  <overall_official>
    <last_name>Virginie AVRILLON, M.D.</last_name>
    <role>Principal Investigator</role>
    <affiliation>Centre Leon Berard</affiliation>
  </overall_official>
  <overall_official>
    <last_name>Jean-Yves BLAY, M.D., Ph.D.</last_name>
    <role>Principal Investigator</role>
    <affiliation>Centre Leon Berard</affiliation>
  </overall_official>
  <overall_contact>
    <last_name>Julien GAUTIER</last_name>
    <phone>+33 4.26.55.68.29</phone>
    <email>julien.gautier@lyon.unicancer.fr</email>
  </overall_contact>
  <location>
    <facility>
      <name>Centre Léon Bérard</name>
      <address>
        <city>Lyon</city>
        <state>Rhône</state>
        <zip>69373</zip>
        <country>France</country>
      </address>
    </facility>
    <status>Recruiting</status>
    <contact>
      <last_name>Virginie AVRILLON, M.D.</last_name>
      <email>virginie.avrillon@lyon.unicancer.fr</email>
    </contact>
  </location>
  <location>
    <facility>
      <name>CHU Clermont Ferrand</name>
      <address>
        <city>Clermont Ferrand</city>
        <zip>690003</zip>
        <country>France</country>
      </address>
    </facility>
    <status>Suspended</status>
  </location>
  <location>
    <facility>
      <name>Centre Oscar Lambret</name>
      <address>
        <city>Lille</city>
        <zip>59020</zip>
        <country>France</country>
      </address>
    </facility>
    <status>Suspended</status>
  </location>
  <location>
    <facility>
      <name>AP-HP Hôpital Saint Antoine</name>
      <address>
        <city>Paris</city>
        <zip>75012</zip>
        <country>France</country>
      </address>
    </facility>
    <status>Recruiting</status>
    <contact>
      <last_name>Mohamad MOHTY, M.D., Ph.D.</last_name>
      <email>mohamad.mohty@inserm.fr</email>
    </contact>
  </location>
  <location>
    <facility>
      <name>AP-HP La Pitié Salpétrière</name>
      <address>
        <city>Paris</city>
        <zip>75013</zip>
        <country>France</country>
      </address>
    </facility>
    <status>Recruiting</status>
    <contact>
      <last_name>Paul GOUGIS, M.D.</last_name>
      <phone>01 42 17 85 33</phone>
      <email>paul.gougis@aphp.fr</email>
    </contact>
  </location>
  <location>
    <facility>
      <name>Hôpital Saint-Joseph</name>
      <address>
        <city>Paris</city>
        <zip>75014</zip>
        <country>France</country>
      </address>
    </facility>
    <status>Recruiting</status>
    <contact>
      <last_name>Albane DE KERAUTEM, M.D.</last_name>
      <phone>01 44 12 71 95</phone>
      <email>adekerautem@hpsj.fr</email>
    </contact>
  </location>
  <location>
    <facility>
      <name>AP-HP Tenon</name>
      <address>
        <city>Paris</city>
        <zip>75248</zip>
        <country>France</country>
      </address>
    </facility>
    <status>Recruiting</status>
    <contact>
      <last_name>Jacques CADRANEL, M.D., Ph.D.</last_name>
      <phone>01 56 01 61 47</phone>
      <email>jacques.cadranel@aphp.fr</email>
    </contact>
  </location>
  <location>
    <facility>
      <name>AP-HP Hôpital Bichat Claude Bernard</name>
      <address>
        <city>Paris</city>
        <zip>75877</zip>
        <country>France</country>
      </address>
    </facility>
    <status>Suspended</status>
  </location>
  <location>
    <facility>
      <name>GH Diaconesses Croix Saint Simon</name>
      <address>
        <city>Paris</city>
        <zip>75960</zip>
        <country>France</country>
      </address>
    </facility>
    <status>Recruiting</status>
    <contact>
      <last_name>Antoine ANGELERGUES, M.D.</last_name>
      <phone>01 44 74 10 39</phone>
      <email>AAngelergues@hopital-dcss.org</email>
    </contact>
  </location>
  <location>
    <facility>
      <name>Institut Gustave Roussy</name>
      <address>
        <city>Villejuif</city>
        <zip>94805</zip>
        <country>France</country>
      </address>
    </facility>
    <status>Recruiting</status>
    <contact>
      <last_name>Fanny POMMERET, M.D.</last_name>
      <phone>01 42 11 42 11</phone>
      <email>fanny.pommeret@gustaveroussy.fr</email>
    </contact>
  </location>
  <location_countries>
    <country>France</country>
  </location_countries>
  <verification_date>November 2020</verification_date>
  <study_first_submitted>April 1, 2020</study_first_submitted>
  <study_first_submitted_qc>April 2, 2020</study_first_submitted_qc>
  <study_first_posted type="Actual">April 3, 2020</study_first_posted>
  <last_update_submitted>December 2, 2020</last_update_submitted>
  <last_update_submitted_qc>December 2, 2020</last_update_submitted_qc>
  <last_update_posted type="Actual">December 4, 2020</last_update_posted>
  <responsible_party>
    <responsible_party_type>Sponsor</responsible_party_type>
  </responsible_party>
  <keyword>Oncology</keyword>
  <keyword>COVID-19</keyword>
  <keyword>IL-6/IL-6 receptor pathway</keyword>
  <keyword>Immunotherapy</keyword>
  <keyword>GNS561</keyword>
  <keyword>anti-C5aR</keyword>
  <keyword>anti-NKG2A</keyword>
  <condition_browse>
    <!-- CAUTION:  The following MeSH terms are assigned with an imperfect algorithm            -->
    <mesh_term>Infection</mesh_term>
    <mesh_term>Communicable Diseases</mesh_term>
    <mesh_term>Neoplasm Metastasis</mesh_term>
  </condition_browse>
  <!-- Results have not yet been posted for this study                                          -->
</clinical_study>

