<?xml version="1.0" encoding="UTF-8"?>
<clinical_study rank="4941">
  <!-- This xml conforms to an XML Schema at:
    https://clinicaltrials.gov/ct2/html/images/info/public.xsd -->
  <required_header>
    <download_date>ClinicalTrials.gov processed this data on April 14, 2021</download_date>
    <link_text>Link to the current ClinicalTrials.gov record.</link_text>
    <url>https://clinicaltrials.gov/show/NCT04280224</url>
  </required_header>
  <id_info>
    <org_study_id>xinxiangM</org_study_id>
    <nct_id>NCT04280224</nct_id>
  </id_info>
  <brief_title>NK Cells Treatment for COVID-19</brief_title>
  <official_title>Clinical Investigation of Natural Killer Cells Treatment in Pneumonia Patients Infected With 2019 Novel Coronavirus</official_title>
  <sponsors>
    <lead_sponsor>
      <agency>Xinxiang medical university</agency>
      <agency_class>Other</agency_class>
    </lead_sponsor>
    <collaborator>
      <agency>First Affiliated Hospital of Xinjiang Medical University</agency>
      <agency_class>Other</agency_class>
    </collaborator>
  </sponsors>
  <source>Xinxiang medical university</source>
  <oversight_info>
    <is_fda_regulated_drug>No</is_fda_regulated_drug>
    <is_fda_regulated_device>No</is_fda_regulated_device>
  </oversight_info>
  <brief_summary>
    <textblock>
      Since december 2019, acute respiratory disease due to 2019 novel coronavirus (2019-nCoV)&#xD;
      emerged in Wuhan city and rapidly spread throughout China. There is no confirmed antivirus&#xD;
      therapy for 2019-nCoV infection. Natural killer (NK) cells are innate lymphocytes that may&#xD;
      serve as useful effectors against danger infection. The purpose of this clinical&#xD;
      investigation is to evaluate the safety and efficiency of NK Cells in combination with&#xD;
      standard therapy for pneumonia patients infected with 2019-nCoV.&#xD;
    </textblock>
  </brief_summary>
  <overall_status>Recruiting</overall_status>
  <start_date type="Actual">February 15, 2020</start_date>
  <completion_date type="Anticipated">December 30, 2022</completion_date>
  <primary_completion_date type="Anticipated">December 30, 2021</primary_completion_date>
  <phase>Phase 1</phase>
  <study_type>Interventional</study_type>
  <has_expanded_access>No</has_expanded_access>
  <study_design_info>
    <allocation>Randomized</allocation>
    <intervention_model>Parallel Assignment</intervention_model>
    <primary_purpose>Treatment</primary_purpose>
    <masking>None (Open Label)</masking>
  </study_design_info>
  <primary_outcome>
    <measure>Improvement of clinical symptoms including duration of fever</measure>
    <time_frame>Measured from day 0 through day 28</time_frame>
    <description>Evaluation of pneumonia improvement</description>
  </primary_outcome>
  <primary_outcome>
    <measure>Improvement of clinical symptoms including respiratory frequency</measure>
    <time_frame>Measured from day 0 through day 28</time_frame>
    <description>Evaluation of pneumonia improvement</description>
  </primary_outcome>
  <primary_outcome>
    <measure>Number of participants with treatment-related adverse events evaluated with CTCAE,version 4.0</measure>
    <time_frame>Measured from day 0 through day 28</time_frame>
    <description>Safety evaluation</description>
  </primary_outcome>
  <secondary_outcome>
    <measure>Time of virus nucleic acid test negative</measure>
    <time_frame>Measured from day 0 through day 28</time_frame>
    <description>Marker for 2019-nCoV</description>
  </secondary_outcome>
  <secondary_outcome>
    <measure>CD4+ and CD8+ T cell count</measure>
    <time_frame>Measured from day 0 through day 28</time_frame>
    <description>Marker of immunological function</description>
  </secondary_outcome>
  <secondary_outcome>
    <measure>Rate of mortality within 28-days</measure>
    <time_frame>Day 28</time_frame>
    <description>Marker for efficacy of treatment</description>
  </secondary_outcome>
  <secondary_outcome>
    <measure>Size of lesion area by thoracic imaging</measure>
    <time_frame>Measured from day 0 through day 28</time_frame>
    <description>Recovery of lung injury</description>
  </secondary_outcome>
  <number_of_arms>2</number_of_arms>
  <enrollment type="Anticipated">30</enrollment>
  <condition>Novel Coronavirus Pneumonia</condition>
  <arm_group>
    <arm_group_label>NK Cells Treatment Group</arm_group_label>
    <arm_group_type>Experimental</arm_group_type>
    <description>Conventional treatment plus NK cells. Participants will receive conventional treatment plus twice a week of NK cells (0.1-2*10E7 NK cells/kg body weight).</description>
  </arm_group>
  <arm_group>
    <arm_group_label>Conventional Control Group</arm_group_label>
    <arm_group_type>No Intervention</arm_group_type>
    <description>Participants will only receive conventional treatment.</description>
  </arm_group>
  <intervention>
    <intervention_type>Biological</intervention_type>
    <intervention_name>NK Cells</intervention_name>
    <description>twice a week of NK cells (0.1-2*10E7 cells/kg body weight)</description>
    <arm_group_label>NK Cells Treatment Group</arm_group_label>
  </intervention>
  <eligibility>
    <criteria>
      <textblock>
        Inclusion Criteria:&#xD;
&#xD;
          -  1. Male or female, aged at 18 years-65 years old&#xD;
&#xD;
          -  2. Pneumonia that is judged by chest radiograph or computed tomography&#xD;
&#xD;
          -  3. Laboratory confirmation of NCP infection by reverse-transcription polymerase chain&#xD;
             reaction(RT-PCR) from any diagnostic sampling source&#xD;
&#xD;
        Exclusion Criteria:&#xD;
&#xD;
          -  1. Pregnancy or breastfeeding&#xD;
&#xD;
          -  2. Known HIV, HBV or HCV infection&#xD;
&#xD;
          -  3. Patients with malignant tumor, other serious systemic diseases and psychosis&#xD;
&#xD;
          -  4. Patients who are participating in other clinical trials&#xD;
&#xD;
          -  5. Inability to provide informed consent or to comply with test requirements&#xD;
      </textblock>
    </criteria>
    <gender>All</gender>
    <minimum_age>18 Years</minimum_age>
    <maximum_age>65 Years</maximum_age>
    <healthy_volunteers>No</healthy_volunteers>
  </eligibility>
  <overall_contact>
    <last_name>ZHU, Professor</last_name>
    <phone>00863733029089</phone>
    <email>wulingzhu@xxmu.edu.cn</email>
  </overall_contact>
  <location>
    <facility>
      <name>The First Affiliated Hospital of Xinxiang Medical University</name>
      <address>
        <city>Xinxiang</city>
        <state>Henan</state>
        <zip>453000</zip>
        <country>China</country>
      </address>
    </facility>
    <status>Recruiting</status>
    <contact>
      <last_name>GUO, Professor</last_name>
      <phone>00863734402517</phone>
      <email>guomh@163.com</email>
    </contact>
  </location>
  <location_countries>
    <country>China</country>
  </location_countries>
  <verification_date>December 2020</verification_date>
  <study_first_submitted>February 13, 2020</study_first_submitted>
  <study_first_submitted_qc>February 20, 2020</study_first_submitted_qc>
  <study_first_posted type="Actual">February 21, 2020</study_first_posted>
  <last_update_submitted>April 5, 2021</last_update_submitted>
  <last_update_submitted_qc>April 5, 2021</last_update_submitted_qc>
  <last_update_posted type="Actual">April 8, 2021</last_update_posted>
  <responsible_party>
    <responsible_party_type>Sponsor</responsible_party_type>
  </responsible_party>
  <condition_browse>
    <!-- CAUTION:  The following MeSH terms are assigned with an imperfect algorithm            -->
    <mesh_term>Coronavirus Infections</mesh_term>
    <mesh_term>Pneumonia</mesh_term>
  </condition_browse>
  <patient_data>
    <sharing_ipd>No</sharing_ipd>
  </patient_data>
  <!-- Results have not yet been posted for this study                                          -->
</clinical_study>

