<?xml version="1.0" encoding="UTF-8"?>
<clinical_study rank="5421">
  <!-- This xml conforms to an XML Schema at:
    https://clinicaltrials.gov/ct2/html/images/info/public.xsd -->
  <required_header>
    <download_date>ClinicalTrials.gov processed this data on April 14, 2021</download_date>
    <link_text>Link to the current ClinicalTrials.gov record.</link_text>
    <url>https://clinicaltrials.gov/show/NCT03964142</url>
  </required_header>
  <id_info>
    <org_study_id>PI17/01687</org_study_id>
    <nct_id>NCT03964142</nct_id>
  </id_info>
  <brief_title>Exercise-based Cardiac Rehabilitation for the Prevention of Breast Cancer Chemotherapy-induced Cardiotoxicity</brief_title>
  <acronym>ONCORE</acronym>
  <official_title>Randomized Controlled Trial on Comprehensive Exercise-based Cardiac Rehabilitation Programs for the Prevention of Anthracyclines and/or Anti-HER2 Antibodies-induced Cardiotoxicity in Breast Cancer</official_title>
  <sponsors>
    <lead_sponsor>
      <agency>Hospital Clinico Universitario de Santiago</agency>
      <agency_class>Other</agency_class>
    </lead_sponsor>
    <collaborator>
      <agency>Instituto de Salud Carlos III</agency>
      <agency_class>Other</agency_class>
    </collaborator>
  </sponsors>
  <source>Hospital Clinico Universitario de Santiago</source>
  <oversight_info>
    <is_fda_regulated_drug>No</is_fda_regulated_drug>
    <is_fda_regulated_device>No</is_fda_regulated_device>
  </oversight_info>
  <brief_summary>
    <textblock>
      This project aims to determine whether a comprehensive cardiac rehabilitation program&#xD;
      including supervised exercise training is able to prevent cardiotoxicity during treatment&#xD;
      with anthracyclines and / or anti-HER-2 antibodies in women with breast cancer. Participants&#xD;
      will be randomly allocated to cardiac rehabilitation (intervention group) or conventional&#xD;
      management with physical exercise recommendation (control group).&#xD;
    </textblock>
  </brief_summary>
  <detailed_description>
    <textblock>
      Cardiovascular toxicity caused by chemotherapy is the leading cause of death in patients who&#xD;
      survive cancer. Physical exercise during chemotherapy has shown to improve quality of life&#xD;
      and decrease the risk of death. The objective of this project is to determine whether an&#xD;
      intervention through a comprehensive cardiac rehabilitation program including supervised&#xD;
      physical exercise is able to prevent anthracyclines and / or anti-HER-2 antibodies-induced&#xD;
      cardiotoxicity in women with breast cancer.&#xD;
&#xD;
      For this purpose, the investigators intend to conduct a randomized controlled study including&#xD;
      female patients managed under the same cardiotoxicity prevention protocol (clinical,&#xD;
      laboratory and echocardiographic follow-up assessment). Patients will be randomized to a&#xD;
      non-pharmacological intervention (participation in a multidisciplinary cardiac rehabilitation&#xD;
      program with supervised exercise training) or control (conventional management and physical&#xD;
      activity recommendation)*.&#xD;
&#xD;
      The investigators hypothesize that a cardiac rehabilitation program may limit&#xD;
      chemotherapy-induced cardiotoxicity in women with breast cancer, improve cardiac remodeling&#xD;
      assessed by echocardiography and enhance their global cardiovascular risk profile to a&#xD;
      greater extent, compared to control group.&#xD;
&#xD;
      * OF NOTE: Due to the COVID-19 pandemics, several modifications to the original protocol were&#xD;
      introduced for safety reasons or motivated by the health situation, namely:&#xD;
&#xD;
        1. Intervention: Change from centre-based to telematic supervised exercise training&#xD;
           sessions provided within the cardiac rehabilitation program (intervention group)&#xD;
&#xD;
        2. Secondary outcome 4: Change in functional capacity assessed by conventional ergometry or&#xD;
           cardiopulmonary exercise test OR the 6-minute walking test (metabolic equivalents: METs&#xD;
           or peak oxygen consumption: VO2)&#xD;
&#xD;
        3. Recruiting centres: One centre (Hospital Universitari Vall d'Hebron) withdrew from the&#xD;
           study due to the impossibility of assuming its execution.&#xD;
    </textblock>
  </detailed_description>
  <overall_status>Recruiting</overall_status>
  <start_date type="Actual">August 1, 2018</start_date>
  <completion_date type="Anticipated">March 1, 2022</completion_date>
  <primary_completion_date type="Anticipated">March 1, 2021</primary_completion_date>
  <phase>N/A</phase>
  <study_type>Interventional</study_type>
  <has_expanded_access>No</has_expanded_access>
  <study_design_info>
    <allocation>Randomized</allocation>
    <intervention_model>Parallel Assignment</intervention_model>
    <primary_purpose>Prevention</primary_purpose>
    <masking>None (Open Label)</masking>
  </study_design_info>
  <primary_outcome>
    <measure>Change in left ventricular systolic function quantified by left ventricular ejection fraction and global longitudinal strain by transthoracic echocardiography</measure>
    <time_frame>Baseline to every 3 months through study completion, at the end of the study at an average of 18 months, and every year after study completion up to a maximum of 5 years</time_frame>
    <description>Fall of 10 absolute percentage points of left ventricular ejection fraction with final value below 53% or global longitudinal strain fall &gt;15% with respect to baseline</description>
  </primary_outcome>
  <secondary_outcome>
    <measure>Change in health-related quality of life assessed by the Functional Assessment of Cancer Therapy - Breast plus Arm Morbidity (FACT-B+4) questionnaire</measure>
    <time_frame>Baseline and at the end of the study at an average of 18 months</time_frame>
    <description>Score achieved in the Functional Assessment of Cancer Therapy - Breast plus Arm Morbidity (FACT-B+4) questionnaire, a specific validated scale to assess quality of life of women with breast cancer. It comprises 27 items within 5 areas of assessment: physical well-being (7 items), social and family environment (7 items), emotional well-being (7 items), functional well-being (6 items) and worries related to the diagnosis and treatment of the disease (9 items). Each item is scored by means of a Likert scale from 0 to 5, with higher scores representing better results. The total score is obtained by adding the scores for each item, and ranges from a minimum of 0 (worst posible result) to a maximum of 146 (best possible result).</description>
  </secondary_outcome>
  <secondary_outcome>
    <measure>Change in tolerance to chemotherapy: number of participants with significant cardiovascular and non-cardiovascular adverse effects throughout the study</measure>
    <time_frame>Every 3 months during study completion and at the end of the study at an average of 18 months</time_frame>
    <description>Significant cardiovascular and non-cardiovascular adverse effects during treatment, threatening life, requiring admission, prolonging hospitalization, being clinically relevant or causing chemotherapy interruptions</description>
  </secondary_outcome>
  <secondary_outcome>
    <measure>Change in global functional capacity assessed by conventional ergometry, cardiopulmonary exercise testing (CPET) or the 6-minute walking test (6MWT).</measure>
    <time_frame>Baseline and at the end of the study at an average of 18 months</time_frame>
    <description>Change in functional capacity assessed by conventional ergometry, cardiopulmonary exercise test or the 6-minute walking test (6MWT) (metabolic equivalents: METs or peak oxygen consumption: VO2) * .&#xD;
*Due to COVID-19 pandemic, participants' assessment with CPET had to be stopped for safety concerns. In such cases, functional capacity was estimated from the maximum work rate in the 6-minute walking test (6MWT). This test measures the distance that a patient can quickly walk on a flat, hard surface in a period of 6 minutes, which is well correlated with VO2. The 6MWT has been proved to be valid and reliable for functional capacity assessment in the study population.</description>
  </secondary_outcome>
  <secondary_outcome>
    <measure>Change in localized lower limb functional capacity assessed by number of repetitions performed within 30 seconds in the sit-to-stand test</measure>
    <time_frame>Baseline and at the end of the study at an average of 18 months</time_frame>
    <description>Number of repetitions in the sit-to-stand test within 30 seconds</description>
  </secondary_outcome>
  <secondary_outcome>
    <measure>Change in shoulder functional capacity assessed by range of degrees in shoulder movement by goniometry</measure>
    <time_frame>Baseline and at the end of the study at an average of 18 months</time_frame>
    <description>Range of degrees in shoulder movement measured by goniometry</description>
  </secondary_outcome>
  <secondary_outcome>
    <measure>Change in upper limb strength measured by dynamometry (kg)</measure>
    <time_frame>Baseline and at the end of the study at an average of 18 months</time_frame>
    <description>Kilograms by dynamometry of right and left upper limbs</description>
  </secondary_outcome>
  <secondary_outcome>
    <measure>Change in shoulder pain and disability assessed by the SPADI (shoulder pain and disability index (SPADI) questionnaire</measure>
    <time_frame>Baseline and at the end of the study at an average of 18 months</time_frame>
    <description>Score achieved in the SPADI (shoulder pain and disability index) questionnaire. The pain dimension consists of five questions regarding the severity of an individual's pain, functional activities are assessed with eight questions. Each question may be scored from 0 to 10. Verbal anchors for the pain dimension are 'no pain at all' (0) and 'worst pain imaginable' (10) ,and those for the functional activities are 'no difficulty' (0) and 'so difficult it required help' (10). The scores from both dimensions are averaged to produce a total score ranging from 0 (best) to 100 (worst).</description>
  </secondary_outcome>
  <secondary_outcome>
    <measure>Change in cardiovascular risk profile as assessed by the presence or absence of classic cardiovascular risk factors</measure>
    <time_frame>Baseline and at the end of the study at an average of 18 months</time_frame>
    <description>Dyslipidemia, Diabetes mellitus, Arterial Hypertension, Smoking status</description>
  </secondary_outcome>
  <secondary_outcome>
    <measure>Change in anthropometric parameters: height in cm</measure>
    <time_frame>Baseline and at the end of the study at an average of 18 months</time_frame>
    <description>Height measured in cm</description>
  </secondary_outcome>
  <secondary_outcome>
    <measure>Change in anthropometric parameters: weight in kg</measure>
    <time_frame>Baseline and at the end of the study at an average of 18 months</time_frame>
    <description>Weight measured in kg</description>
  </secondary_outcome>
  <secondary_outcome>
    <measure>Change in anthropometric parameters: body mass index (BMI) in kg/m^2</measure>
    <time_frame>Baseline and at the end of the study at an average of 18 months</time_frame>
    <description>Weight and height will be combined to report BMI in kg/m^2</description>
  </secondary_outcome>
  <secondary_outcome>
    <measure>Change in anthropometric parameters: abdominal circumference in cm</measure>
    <time_frame>Baseline and at the end of the study at an average of 18 months</time_frame>
    <description>Abdominal perimeter measured with a tape measure in cm</description>
  </secondary_outcome>
  <secondary_outcome>
    <measure>Change in resting heart rate measured by pulse oximetry (beats per min)</measure>
    <time_frame>Baseline and at the end of the study at an average of 18 months</time_frame>
    <description>Resting heart rate by pulse oximetry (beats per min)</description>
  </secondary_outcome>
  <secondary_outcome>
    <measure>Change in resting blood pressure (mmHg) measured by sphygmomanometer</measure>
    <time_frame>Baseline and at the end of the study at an average of 18 months</time_frame>
    <description>Resting blood pressure by sphyngomanometer in mmHg</description>
  </secondary_outcome>
  <secondary_outcome>
    <measure>Change in biomarkers NT-ProBNP</measure>
    <time_frame>Baseline and at the end of the study at an average of 18 months</time_frame>
    <description>Value of NT-ProBNP(pg/mL) in blood tests</description>
  </secondary_outcome>
  <secondary_outcome>
    <measure>Change in biomarkers: troponin</measure>
    <time_frame>Baseline and at the end of the study at an average of 18 months</time_frame>
    <description>Value of troponin I (ng/mL) in blood tests</description>
  </secondary_outcome>
  <secondary_outcome>
    <measure>Change in biomarkers: haemoglobin</measure>
    <time_frame>Baseline and at the end of the study at an average of 18 months</time_frame>
    <description>Value of haemoglobin (g/dL) in blood tests</description>
  </secondary_outcome>
  <secondary_outcome>
    <measure>Change in dietary pattern as assessed by the PREDIMED (PREvención con DIeta MEDiterránea) questionnaire</measure>
    <time_frame>Baseline and at the end of the study at an average of 18 months</time_frame>
    <description>Validated questionnaire to assess adherence to Mediterranean diet, including 14 questions regarding dietary habits, rated with 0 or +1 points. Global score is calculated by summing points and ranges from 0 to 14, with higher score representing higher adherence.</description>
  </secondary_outcome>
  <secondary_outcome>
    <measure>Change in the score for depression assessed by Zigmond and Snaith questionnaire to rate anxiety and depression</measure>
    <time_frame>Baseline and at study completion at an average of 18 months, plus at the end of training (at an average of 12 to 15 months) in the intervention group</time_frame>
    <description>Score achieved in the depression subscale of the Zigmond and Snaith test for anxiety or depression, a self-applied questionnaire. Depression scale includes 7 items each, scored on Likert scale from 0 to 3. Global score ranges from 0 to 21, with higher scores representing greater depression. The authors suggest that scores higher than eleven would indicate &quot;case&quot; and more than eight would be considered &quot;probable case&quot; (Zigmond and Snaith, 1983).</description>
  </secondary_outcome>
  <secondary_outcome>
    <measure>Change in the score for anxiety assessed by the Zigmond and Snaith questionnaire to rate depression and anxiety</measure>
    <time_frame>Baseline and at study completion, plus at the end of training (at an average of 12 to 15 months) in the intervention group</time_frame>
    <description>Score achieved in the anxiety subscale of the Zigmond and Snaith test for anxiety or depression, a self-applied questionnaire. Anxiety scale includes 7 items each, scored on Likert scale from 0 to 3. Global score ranges from 0 to 21, with higher scores representing greater anxiety. The authors suggest that scores higher than eleven would indicate &quot;case&quot; and more than eight would be considered &quot;probable case&quot; (Zigmond and Snaith, 1983).</description>
  </secondary_outcome>
  <secondary_outcome>
    <measure>Change in physical activity (minutes of dedicated physical activity)</measure>
    <time_frame>Baseline and at study completion at an average of 18 months</time_frame>
    <description>Minutes of In- and out-of-hospital dedicated physical activity</description>
  </secondary_outcome>
  <secondary_outcome>
    <measure>Change in physical activity assessed by the score in the Godin Leisure Test Exercise Questionnaire (GLTEQ)</measure>
    <time_frame>Baseline and at study completion at an average of 18 months</time_frame>
    <description>Score achieved in the Godin Leisure Test Exercise Questionnaire (GLTEQ) for quantification of physical activity. Activities are classified into three subgroups: &quot;strenuous,&quot; &quot;moderate,&quot; and &quot;light.&quot; The scores corresponding to the energy expenditure (metabolic equivalent (MET)) are obtained by multiplying activities performed for more than 15 min in a week with their coefficients. The numbers represent the MET intensity values (strenuous/ exhausting exercises: 9 METs, moderate exercises: 5 METs, and light exercises: 3 METs).The increasing scores are associated with the increasing number of exercise behaviors, providing references about the contribution of physical activity to health: the activity score of 24 units and more as active (substantial benefits); the activity score of 14-23 units as moderately active (some benefits); and the activity score of 13 units and less as inactive (less substantial or low benefits).</description>
  </secondary_outcome>
  <secondary_outcome>
    <measure>Change in lymphedema assessed by perimeter of the upper limb by cirtometry (cm), stage and grade</measure>
    <time_frame>Baseline after surgery and 2-4 weeks after the end of chemotherapy (at an average of 12 to 15 months)</time_frame>
    <description>Perimeter of the upper limb by cirtometry (cm), stage and grade as defined by the Spanish Society of Rehabilitation and Physical Medicine</description>
  </secondary_outcome>
  <other_outcome>
    <measure>Adherence and compliance to cardiac rehabilitation program (intervention group) assessed by number of training sessions attended/ number of sessions planned</measure>
    <time_frame>At the end of the cardiac rehabilitation program at an average of 12 to 15 months</time_frame>
    <description>Number of training sessions attended / number of sessions planned</description>
  </other_outcome>
  <other_outcome>
    <measure>Security of the cardiac rehabilitation program assessed by number of adverse events during training (intervention group)</measure>
    <time_frame>At the end of the cardiac rehabilitation program at an average of 12 to 15 months</time_frame>
    <description>Adverse events during training</description>
  </other_outcome>
  <other_outcome>
    <measure>Changes in expectations regarding the cardiac rehabilitation program assessed by a questionnaire (intervention group)</measure>
    <time_frame>Baseline and at the end of the cardiac rehabilitation program at an average of 12 to 15 months</time_frame>
    <description>Program-related expectations at baseline and at the end of the program' are collected through an open question &quot;What do you expect to achieve by participating in the program?&quot; Responses regarding expectations will be categorized by the evaluator within the following areas: psychological sphere and/or social sphere and/or physical sphere. Global expectations of benefit are scored from 0 (no benefit) to 10 (highest benefit).</description>
  </other_outcome>
  <other_outcome>
    <measure>Satisfaction with the cardiac rehabilitation program assessed by a questionnaire (intervention group)</measure>
    <time_frame>At the end of the cardiac rehabilitation program at an average of 12 to 15 months</time_frame>
    <description>Satisfaction at the end of the program is assessed by a questionnaire including 9 questions concerning comfort with training sessions, training spaces and development of the program, which are scored from 0 (worse posible result) to 10 (best posible result). Total score is calculated by adding for each question, and ranges from 0 to 90.&#xD;
* Due to the introduction of telematic exercise training during COVID-19 pandemic, questions were slightly modified to include assessment of satisfaction with this training modality.</description>
  </other_outcome>
  <number_of_arms>2</number_of_arms>
  <enrollment type="Anticipated">340</enrollment>
  <condition>Cardiotoxicity</condition>
  <condition>Cardiac Rehabilitation</condition>
  <arm_group>
    <arm_group_label>Cardiac Rehabilitation</arm_group_label>
    <arm_group_type>Experimental</arm_group_type>
    <description>Patients enrolled in the integrated exercise-based cardiac rehabilitation program (centre-based or telematic)</description>
  </arm_group>
  <arm_group>
    <arm_group_label>Conventional management</arm_group_label>
    <arm_group_type>No Intervention</arm_group_type>
    <description>Patients with conventional management and physical activity recommendation</description>
  </arm_group>
  <intervention>
    <intervention_type>Other</intervention_type>
    <intervention_name>Cardiac rehabilitation</intervention_name>
    <description>Integrated cardiac rehabilitation program that includes supervised exercise training*.&#xD;
* Due to the COVID-19 pandemic, supervised physical exercise training had to be conducted telematically (through live guided training sessions conducted online, with the same design, frequency, and dosage of exercise).</description>
    <arm_group_label>Cardiac Rehabilitation</arm_group_label>
  </intervention>
  <eligibility>
    <criteria>
      <textblock>
        Inclusion Criteria:&#xD;
&#xD;
          -  First diagnosis of breast cancer at early stages (I, II, III)&#xD;
&#xD;
          -  Treatment with anthracyclines and / or anti-HER-2 antibodies (trastuzumab and / or&#xD;
             pertuzumab)&#xD;
&#xD;
          -  Possibility of completing a cardiac rehabilitation program (centre-based or telematic)&#xD;
             and programmed visits.&#xD;
&#xD;
          -  Providing written informed consent.&#xD;
&#xD;
        Exclusion Criteria:&#xD;
&#xD;
          -  Patients with previous history of heart disease or heart failure.&#xD;
&#xD;
          -  Left ventricular dysfunction (left ventricular ejection fraction &lt;53%) at baseline.&#xD;
&#xD;
          -  Metastatic disease.&#xD;
&#xD;
          -  Patients carrying an implantable cardioverter defibrillator.&#xD;
&#xD;
          -  Patients with physical or mental limitation to carry out an exercise program.&#xD;
      </textblock>
    </criteria>
    <gender>Female</gender>
    <gender_based>Yes</gender_based>
    <gender_description>Female</gender_description>
    <minimum_age>18 Years</minimum_age>
    <maximum_age>69 Years</maximum_age>
    <healthy_volunteers>No</healthy_volunteers>
  </eligibility>
  <overall_official>
    <last_name>Amparo Martínez Monzonís, MD, PhD</last_name>
    <role>Principal Investigator</role>
    <affiliation>Cardiology Department, Hospital Clínico Universitario de Santiago, CIBER-CV</affiliation>
  </overall_official>
  <overall_official>
    <last_name>Carlos Peña Gil, MD, PhD</last_name>
    <role>Principal Investigator</role>
    <affiliation>Cardiology Department, Hospital Clínico Universitario de Santiago, CIBER-CV</affiliation>
  </overall_official>
  <overall_official>
    <last_name>José Ramón González Juanatey, MD, PhD</last_name>
    <role>Study Director</role>
    <affiliation>Cardiology Department, Hospital Clínico Universitario de Santiago, CIBER-CV</affiliation>
  </overall_official>
  <overall_contact>
    <last_name>Carlos Peña Gil, MD, PhD</last_name>
    <phone>+34 981 950 778</phone>
    <email>carlos.pena.gil@sergas.es</email>
  </overall_contact>
  <overall_contact_backup>
    <last_name>Violeta González Salvado, MD</last_name>
    <phone>+34 981 950 778</phone>
    <email>violeta.gonzalez.salvado@sergas.es</email>
  </overall_contact_backup>
  <location>
    <facility>
      <name>Hospital Clínico Universitario de Santiago</name>
      <address>
        <city>Santiago de Compostela</city>
        <state>A Coruña</state>
        <zip>15706</zip>
        <country>Spain</country>
      </address>
    </facility>
    <status>Recruiting</status>
    <contact>
      <last_name>Carlos Peña Gil, MD, PhD</last_name>
      <phone>+34 981 950 778</phone>
      <email>carlos.pena.gil@sergas.es</email>
    </contact>
    <contact_backup>
      <last_name>Violeta González Salvado, MD</last_name>
      <phone>+34 981 950 778</phone>
      <email>violeta.gonzalez.salvado@sergas.es</email>
    </contact_backup>
  </location>
  <location>
    <facility>
      <name>Hospital Universitari Vall d'Hebron</name>
      <address>
        <city>Barcelona</city>
        <zip>08035</zip>
        <country>Spain</country>
      </address>
    </facility>
    <status>Withdrawn</status>
  </location>
  <location_countries>
    <country>Spain</country>
  </location_countries>
  <verification_date>November 2020</verification_date>
  <study_first_submitted>February 21, 2019</study_first_submitted>
  <study_first_submitted_qc>May 24, 2019</study_first_submitted_qc>
  <study_first_posted type="Actual">May 28, 2019</study_first_posted>
  <last_update_submitted>November 4, 2020</last_update_submitted>
  <last_update_submitted_qc>November 4, 2020</last_update_submitted_qc>
  <last_update_posted type="Actual">November 6, 2020</last_update_posted>
  <responsible_party>
    <responsible_party_type>Principal Investigator</responsible_party_type>
    <investigator_affiliation>Hospital Clinico Universitario de Santiago</investigator_affiliation>
    <investigator_full_name>Carlos Peña Gil</investigator_full_name>
    <investigator_title>Head of the Cardiac Rehabilitation Unit, Cardiology Department</investigator_title>
  </responsible_party>
  <keyword>Chemotherapy</keyword>
  <keyword>Anthracyclines</keyword>
  <keyword>Trastuzumab</keyword>
  <keyword>Pertuzumab</keyword>
  <keyword>Antibodies, Monoclonal, Humanized</keyword>
  <keyword>Breast Cancer</keyword>
  <keyword>Exercise therapy</keyword>
  <condition_browse>
    <!-- CAUTION:  The following MeSH terms are assigned with an imperfect algorithm            -->
    <mesh_term>Cardiotoxicity</mesh_term>
  </condition_browse>
  <!-- Results have not yet been posted for this study                                          -->
</clinical_study>

