<?xml version="1.0" encoding="UTF-8"?>
<clinical_study rank="994">
  <!-- This xml conforms to an XML Schema at:
    https://clinicaltrials.gov/ct2/html/images/info/public.xsd -->
  <required_header>
    <download_date>ClinicalTrials.gov processed this data on April 14, 2021</download_date>
    <link_text>Link to the current ClinicalTrials.gov record.</link_text>
    <url>https://clinicaltrials.gov/show/NCT04323228</url>
  </required_header>
  <id_info>
    <org_study_id>ONS_COVID-19</org_study_id>
    <nct_id>NCT04323228</nct_id>
  </id_info>
  <brief_title>Anti-inflammatory/Antioxidant Oral Nutrition Supplementation in COVID-19</brief_title>
  <acronym>ONSCOVID19</acronym>
  <official_title>Anti-inflammatory/Antioxidant Oral Nutrition Supplementation on the Cytokine Storm and Progression of COVID-19: A Randomized Controlled Trial</official_title>
  <sponsors>
    <lead_sponsor>
      <agency>King Saud University</agency>
      <agency_class>Other</agency_class>
    </lead_sponsor>
  </sponsors>
  <source>King Saud University</source>
  <oversight_info>
    <has_dmc>Yes</has_dmc>
    <is_fda_regulated_drug>No</is_fda_regulated_drug>
    <is_fda_regulated_device>No</is_fda_regulated_device>
  </oversight_info>
  <brief_summary>
    <textblock>
      COVID-19 pandemic threatens patients, societies and healthcare systems around the world. The&#xD;
      host immunity determines the progress of the disease and its lethality. The associated&#xD;
      cytokine storm mainly affects the lungs; leading to acute lung injury with variable degrees.&#xD;
      Modulation of cytokine production using Immunonutrition is a novel concept that has been&#xD;
      applied to other diseases. Using specific nutrients such as n3- fatty acids and antioxidant&#xD;
      vitamins in extraordinary doses modulate the host immune response and ameliorate the cytokine&#xD;
      storm associated with viral diseases such as COVID-19. In this proposal, we will conduct a&#xD;
      prospective double-blinded controlled trial for 14 days on 30 SARS-CoV-2 positive cases. The&#xD;
      participant will be randomly assigned to two groups (n=20/each); intervention (IG) and&#xD;
      placebo (PG) groups. The IG group will be provided with an anti-inflammatory and antioxidant&#xD;
      oral supplement (OS) on a daily basis, while the PG will be given an isocaloric placebo.&#xD;
      Basal and weekly nutritional screening, as well as recording of anthropometric, clinical and&#xD;
      biochemical parameters, will be done. The main biochemical parameters include serum ferritin&#xD;
      level, cytokine storm parameters (interleukin-6, Tumor necrosis factor-α, and monocyte&#xD;
      chemoattractant protein 1), C-reactive protein, total leukocyte count, differential&#xD;
      lymphocytic count and neutrophil to lymphocyte ratio. It is expected that the&#xD;
      anti-inflammatory-antioxidant OS might help in the reduction of the COVID-19 severity with&#xD;
      more preservation of the nutritional status of infected cases.&#xD;
    </textblock>
  </brief_summary>
  <detailed_description>
    <textblock>
      Subjects: A total of 40 participants will be enrolled in this double-blinded prospective,&#xD;
      randomized controlled trial. All participants will sign a written consent after details of&#xD;
      the study have been fully explained to them. Later on, they will be randomly allocated into&#xD;
      two study groups; intervention group (IG, n=20) and placebo group (PG, n=20).&#xD;
      Computer-generated random numbers will be used to randomize the participants into one of two&#xD;
      intervention groups. The study protocol will be approved by the IRB committee in King Khalid&#xD;
      University Hospital, King Saud University Medical city. This clinical trial will be&#xD;
      registered in the clinicaltrials.gov registry.&#xD;
&#xD;
      Settings: All participants will be SARS-CoV-2 positive cases admitted to King Khalid&#xD;
      University Hospital.&#xD;
&#xD;
      Study protocol: All study participants will be instructed to either consume one capsule of&#xD;
      oral supplement enriched in antioxidants vitamins or placebo. The OS will be served in opaque&#xD;
      capsules of the same size, shape and color and should be ingested in the morning under the&#xD;
      supervision of a nurse. The OS should not be consumed before the time of a meal. The&#xD;
      composition of one capsule of the intervention-OS includes: enriched in vitamin A, C, E,&#xD;
      Selenium and Zinc. The composition of one capsule of the intervention-supplement includes:&#xD;
      1500 mcg vitamin A (as β-carotene), 250 mg Vitamin C, 90 mg vitamin E, 15 ug Selenium, and&#xD;
      7.5 mg Zinc. The composition of the placebo will have the same weight of cellulose, and zero&#xD;
      concentrations of vitamin A, C, E, Selenium and zinc.&#xD;
&#xD;
      All participants will be assessed at the start and reassessed again after 1 week and after&#xD;
      14-days period. The assessment will include nutritional screening by Nutritional risk&#xD;
      screening 2002 (NRS-2002), Subjective global assessment (SGA), and Global Leadership&#xD;
      Initiative on Malnutrition (GLIM) criteria. Besides anthropometric measures, clinical Global&#xD;
      Leadership Initiative on Malnutrition (GLIM). also, anthropometric measurements, clinical&#xD;
      assessment, and biochemical data will be measured. Statistical analysis: The Statistical&#xD;
      Package for the Social Sciences (SPSS) version 25 will be used for analysis. The descriptive&#xD;
      statistics for continuous variables will be presented as mean ± standard deviation, while&#xD;
      other categorical variables as percentages. The independent sample t-test will be used for&#xD;
      comparison between the IG and PG groups. For repeated measures at multiple points of time&#xD;
      will be tested by Friedman's two-way ANOVA. The Pearson correlation coefficient will be&#xD;
      applied to correlate some relevant variables. All these tests were performed with 80% power&#xD;
      and a 5% level of significance.&#xD;
    </textblock>
  </detailed_description>
  <overall_status>Recruiting</overall_status>
  <start_date type="Actual">September 1, 2020</start_date>
  <completion_date type="Anticipated">December 30, 2020</completion_date>
  <primary_completion_date type="Anticipated">December 1, 2020</primary_completion_date>
  <phase>Phase 2/Phase 3</phase>
  <study_type>Interventional</study_type>
  <has_expanded_access>No</has_expanded_access>
  <study_design_info>
    <allocation>Randomized</allocation>
    <intervention_model>Parallel Assignment</intervention_model>
    <intervention_model_description>Participants will be randomly allocated into two study groups; intervention group (IG, n=20) and placebo group (PG, n=20). Computer-generated random numbers will be used to randomize the participants into one of two intervention groups.</intervention_model_description>
    <primary_purpose>Supportive Care</primary_purpose>
    <masking>Double (Participant, Care Provider)</masking>
    <masking_description>The intervention-supplement and isocaloric-placebo will be served in the same shape, size and color. the care providers (nurses, dietitians) will not know members of each groups or the nature or composition of the ONS.</masking_description>
  </study_design_info>
  <primary_outcome>
    <measure>Change from baseline score of Nutrition risk screening-2002 (NRS-2002) at end of the trial</measure>
    <time_frame>up to 3 months</time_frame>
    <description>Changes in scores of the NRS-2002 for patients with COVID-19 at the end of the study, from 0 to 7 scores, with those scores &lt; 3 means no risk of malnutrition and &gt;= 3 means malnutrition.</description>
  </primary_outcome>
  <primary_outcome>
    <measure>Change from baseline Serum ferritin level at end of the trial</measure>
    <time_frame>up to 3 months</time_frame>
    <description>Change in serum ferritin at the end of the trial as ferritin is considered as a COVID-19 fatality predictor.</description>
  </primary_outcome>
  <primary_outcome>
    <measure>Change from baseline serum Interleukin-6 concentration at end of the trial</measure>
    <time_frame>up to 3 months</time_frame>
    <description>Change in IL-6 at the end of the trial as it represent the cytokine storm and it is considered as a COVID-19 fatality predictor</description>
  </primary_outcome>
  <primary_outcome>
    <measure>Change from baseline serum C-reactive protein concentration at end of the trial</measure>
    <time_frame>up to 3 months</time_frame>
    <description>Change in C-reactive protein in the serum at the end of the trial which reflect the acute phase</description>
  </primary_outcome>
  <primary_outcome>
    <measure>Change from baseline serum Tumor necrosis factor-α concentration at end of the trial</measure>
    <time_frame>up to 3 months</time_frame>
    <description>Change in the TNF a in the serum at the end of study as it represent severity of the cytokine storm</description>
  </primary_outcome>
  <primary_outcome>
    <measure>Change from baseline serum monocyte chemoattractant protein 1 (MCP-1) at end of the trial</measure>
    <time_frame>up to 3 months</time_frame>
    <description>plasma MCP-1 represent severity of the cytokine storm</description>
  </primary_outcome>
  <secondary_outcome>
    <measure>Change from baseline Weight at end of the trial</measure>
    <time_frame>up to 3 months</time_frame>
    <description>Body weight in Kg</description>
  </secondary_outcome>
  <secondary_outcome>
    <measure>Height</measure>
    <time_frame>up to 1 month</time_frame>
    <description>stature in cm</description>
  </secondary_outcome>
  <secondary_outcome>
    <measure>Change from baseline BMI at end of the trial</measure>
    <time_frame>up to 3 months</time_frame>
    <description>Claculation of BMI according to weight / square Height</description>
  </secondary_outcome>
  <secondary_outcome>
    <measure>Change from baseline mid arm circumference at end of the trial</measure>
    <time_frame>up to 3 months</time_frame>
    <description>changes of MAC in cm</description>
  </secondary_outcome>
  <secondary_outcome>
    <measure>Change from baseline triceps skin-fold thickness at end of the trial</measure>
    <time_frame>up to 3 months</time_frame>
    <description>changes of TSF in mm</description>
  </secondary_outcome>
  <secondary_outcome>
    <measure>Change from baseline MAMA at end of the trial</measure>
    <time_frame>Up to 3 months</time_frame>
    <description>). The mid-arm muscle area (MAMA) will be calculated according to the following equation: {MAMA= (MAC - π x TSF)2 / 4π}.</description>
  </secondary_outcome>
  <secondary_outcome>
    <measure>Change from baseline percentage of peripheral O2 saturation at end of the trial</measure>
    <time_frame>up to 3 months</time_frame>
    <description>changes in the percentage of peripheral O2 saturation by an oximeter</description>
  </secondary_outcome>
  <secondary_outcome>
    <measure>Change from baseline degree of body temperature at end of the trial</measure>
    <time_frame>up to 3 months</time_frame>
    <description>changes in the degree of body temperature by infrared thermometer</description>
  </secondary_outcome>
  <secondary_outcome>
    <measure>Change from baseline count the total leukocyte at end of the trial</measure>
    <time_frame>up to 3 months</time_frame>
    <description>change in the count from complete blood counts</description>
  </secondary_outcome>
  <secondary_outcome>
    <measure>Change from baseline differential lymphocytic count at end of the trial</measure>
    <time_frame>up to 3 months</time_frame>
    <description>change in the count from complete blood counts</description>
  </secondary_outcome>
  <secondary_outcome>
    <measure>Change from baseline Neutrophil count at end of the trial</measure>
    <time_frame>up to 3 months</time_frame>
    <description>change in the count from complete blood counts</description>
  </secondary_outcome>
  <secondary_outcome>
    <measure>Change from baseline neutrophil to lymphocyte ratio at end of the trial</measure>
    <time_frame>up to 3 months</time_frame>
    <description>change in the rations calculated by division of the neutrophil count by the lymphocyte count</description>
  </secondary_outcome>
  <number_of_arms>2</number_of_arms>
  <enrollment type="Anticipated">40</enrollment>
  <condition>COVID-19</condition>
  <arm_group>
    <arm_group_label>Intervention</arm_group_label>
    <arm_group_type>Experimental</arm_group_type>
    <description>the intervention groups will receive daily oral antioxidant supplement enriched in vitamin A, C, E, Selenium and Zinc. The composition of one capsule of the intervention-supplement includes: 1500 mcg vitamin A (as β-carotene), 250 mg Vitamin C, 90 mg vitamin E, 15 ug Selenium, and 7.5 mg Zinc.</description>
  </arm_group>
  <arm_group>
    <arm_group_label>Placebo</arm_group_label>
    <arm_group_type>Placebo Comparator</arm_group_type>
    <description>Placebo group will receive daily intervention in form of cellulose-containing gelatin capsules with the same color and shape.</description>
  </arm_group>
  <intervention>
    <intervention_type>Dietary Supplement</intervention_type>
    <intervention_name>Oral supplement enriched in antioxidants</intervention_name>
    <description>the intervention group will receive a commercially available antioxidant supplement, which will be given to patients with COVID-19 in the morning after breakfast.</description>
    <arm_group_label>Intervention</arm_group_label>
  </intervention>
  <intervention>
    <intervention_type>Dietary Supplement</intervention_type>
    <intervention_name>cellulose-containing placebo capsules</intervention_name>
    <description>The placebo group will receive an oral supplement at the same time in the same shape/size/color.</description>
    <arm_group_label>Placebo</arm_group_label>
  </intervention>
  <eligibility>
    <criteria>
      <textblock>
        Inclusion Criteria:&#xD;
&#xD;
          -  Confirmed SARS-CoV-2 infection&#xD;
&#xD;
          -  COVID-19 patient in stable condition (i.e., not requiring ICU admission).&#xD;
&#xD;
        Exclusion Criteria:&#xD;
&#xD;
          -  Tube feeding or parenteral nutrition.&#xD;
&#xD;
          -  Pregnant or lactating women&#xD;
&#xD;
          -  Admission to ICU &gt; 24 hours&#xD;
&#xD;
          -  participation in another study including any forms of supplementation or disease&#xD;
             specific ONS.&#xD;
      </textblock>
    </criteria>
    <gender>All</gender>
    <minimum_age>18 Years</minimum_age>
    <maximum_age>65 Years</maximum_age>
    <healthy_volunteers>No</healthy_volunteers>
  </eligibility>
  <overall_contact>
    <last_name>Mahmoud M.A. Abulmeaty, M.D., FACN</last_name>
    <phone>00966548155983</phone>
    <email>mabulmeaty@ksu.edu.sa</email>
  </overall_contact>
  <location>
    <facility>
      <name>Prince Mohamed BinAbdulaziz Hospital</name>
      <address>
        <city>Riyadh</city>
        <zip>14214</zip>
        <country>Saudi Arabia</country>
      </address>
    </facility>
    <status>Recruiting</status>
    <contact>
      <last_name>Abdulla Abdulsalam, MD</last_name>
      <phone>00966112616462</phone>
      <email>research-dept@pmah.com</email>
    </contact>
  </location>
  <location_countries>
    <country>Saudi Arabia</country>
  </location_countries>
  <link>
    <url>https://books.google.com.sa/books?id=d2HvAgAAQBAJ&amp;pg=PA17&amp;lpg=PA17&amp;dq=immunonutrition+virus&amp;source=bl&amp;ots=VUneSrxucb&amp;sig=ACfU3U0bKU0mAdShOEvzIAMifj7SNE47Lw&amp;hl=en&amp;sa=X&amp;redir_esc=y#v=onepage&amp;q=immunonutrition%20virus&amp;f=false</url>
    <description>Immunonutrition: Interactions of Diet, Genetics, and Inflammation - Google Books. In Immunonutrition: Interactions of Diet, Genetics, and Inflammation</description>
  </link>
  <link>
    <url>https://www.thelancet.com/journals/lancet/article/PIIS0140-6736(20)30628-0/fulltext</url>
    <description>COVID-19: consider cytokine storm syndromes and immunosuppression</description>
  </link>
  <reference>
    <citation>Abulmeaty MM, Almajwal AM, Almadani NK, Aldosari MS, Alnajim AA, Ali SB, Hassan HM, Elkatawy HA. Anthropometric and central obesity indices as predictors of long-term cardiometabolic risk among Saudi young and middle-aged men and women. Saudi Med J. 2017 Apr;38(4):372-380. doi: 10.15537/smj.2017.4.18758.</citation>
    <PMID>28397943</PMID>
  </reference>
  <reference>
    <citation>Grimm H, Calder PC. Immunonutrition. Br J Nutr. 2002 Jan;87 Suppl 1:S1.</citation>
    <PMID>11895145</PMID>
  </reference>
  <reference>
    <citation>Calder PC. Immunonutrition in surgical and critically ill patients. Br J Nutr. 2007 Oct;98 Suppl 1:S133-9. Review.</citation>
    <PMID>17922951</PMID>
  </reference>
  <reference>
    <citation>Cascella M, Rajnik M, Cuomo A, Dulebohn SC, Di Napoli R. Features, Evaluation, and Treatment of Coronavirus (COVID-19). 2021 Mar 1. StatPearls [Internet]. Treasure Island (FL): StatPearls Publishing; 2021 Jan-. Available from http://www.ncbi.nlm.nih.gov/books/NBK554776/</citation>
    <PMID>32150360</PMID>
  </reference>
  <reference>
    <citation>Das SK, Chisti MJ, Sarker MHR, Das J, Ahmed S, Shahunja KM, Nahar S, Gibbons N, Ahmed T, Faruque ASG, Rahman M, J Fuchs G 3rd, Al Mamun A, John Baker P. Long-term impact of changing childhood malnutrition on rotavirus diarrhoea: Two decades of adjusted association with climate and socio-demographic factors from urban Bangladesh. PLoS One. 2017 Sep 6;12(9):e0179418. doi: 10.1371/journal.pone.0179418. eCollection 2017.</citation>
    <PMID>28877163</PMID>
  </reference>
  <reference>
    <citation>Harada K, Minami H, Ferdous T, Kato Y, Umeda H, Horinaga D, Uchida K, Park SC, Hanazawa H, Takahashi S, Ohota M, Matsumoto H, Maruta J, Kakutani H, Aritomi S, Shibuya K, Mishima K. The Elental(®) elemental diet for chemoradiotherapy-induced oral mucositis: A prospective study in patients with oral squamous cell carcinoma. Mol Clin Oncol. 2019 Jan;10(1):159-167. doi: 10.3892/mco.2018.1769. Epub 2018 Nov 16.</citation>
    <PMID>30655992</PMID>
  </reference>
  <reference>
    <citation>Huang C, Wang Y, Li X, Ren L, Zhao J, Hu Y, Zhang L, Fan G, Xu J, Gu X, Cheng Z, Yu T, Xia J, Wei Y, Wu W, Xie X, Yin W, Li H, Liu M, Xiao Y, Gao H, Guo L, Xie J, Wang G, Jiang R, Gao Z, Jin Q, Wang J, Cao B. Clinical features of patients infected with 2019 novel coronavirus in Wuhan, China. Lancet. 2020 Feb 15;395(10223):497-506. doi: 10.1016/S0140-6736(20)30183-5. Epub 2020 Jan 24. Erratum in: Lancet. 2020 Jan 30;:.</citation>
    <PMID>31986264</PMID>
  </reference>
  <reference>
    <citation>Kim H. Glutamine as an immunonutrient. Yonsei Med J. 2011 Nov;52(6):892-7. doi: 10.3349/ymj.2011.52.6.892. Review.</citation>
    <PMID>22028151</PMID>
  </reference>
  <reference>
    <citation>Kondrup J, Allison SP, Elia M, Vellas B, Plauth M; Educational and Clinical Practice Committee, European Society of Parenteral and Enteral Nutrition (ESPEN). ESPEN guidelines for nutrition screening 2002. Clin Nutr. 2003 Aug;22(4):415-21.</citation>
    <PMID>12880610</PMID>
  </reference>
  <reference>
    <citation>McCowen KC, Bistrian BR. Immunonutrition: problematic or problem solving? Am J Clin Nutr. 2003 Apr;77(4):764-70. Review.</citation>
    <PMID>12663270</PMID>
  </reference>
  <reference>
    <citation>Mariette C. Immunonutrition. J Visc Surg. 2015 Aug;152 Suppl 1:S14-7. doi: 10.1016/S1878-7886(15)30005-9. Review. Erratum in: J Visc Surg. 2016 Feb;153(1):83.</citation>
    <PMID>26315574</PMID>
  </reference>
  <reference>
    <citation>McCarthy MS, Martindale RG. Immunonutrition in Critical Illness: What Is the Role? Nutr Clin Pract. 2018 Jun;33(3):348-358. doi: 10.1002/ncp.10102.</citation>
    <PMID>29878555</PMID>
  </reference>
  <reference>
    <citation>Ruan Q, Yang K, Wang W, Jiang L, Song J. Clinical predictors of mortality due to COVID-19 based on an analysis of data of 150 patients from Wuhan, China. Intensive Care Med. 2020 May;46(5):846-848. doi: 10.1007/s00134-020-05991-x. Epub 2020 Mar 3. Erratum in: Intensive Care Med. 2020 Apr 6;:.</citation>
    <PMID>32125452</PMID>
  </reference>
  <reference>
    <citation>Tisoncik JR, Korth MJ, Simmons CP, Farrar J, Martin TR, Katze MG. Into the eye of the cytokine storm. Microbiol Mol Biol Rev. 2012 Mar;76(1):16-32. doi: 10.1128/MMBR.05015-11. Review.</citation>
    <PMID>22390970</PMID>
  </reference>
  <reference>
    <citation>Teo BW, Toh QC, Chan XW, Xu H, Li JL, Lee EJ. Assessment of muscle mass and its association with protein intake in a multi-ethnic Asian population: relevance in chronic kidney disease. Asia Pac J Clin Nutr. 2014;23(4):619-25. doi: 10.6133/apjcn.2014.23.4.01.</citation>
    <PMID>25516320</PMID>
  </reference>
  <verification_date>September 2020</verification_date>
  <study_first_submitted>March 23, 2020</study_first_submitted>
  <study_first_submitted_qc>March 24, 2020</study_first_submitted_qc>
  <study_first_posted type="Actual">March 26, 2020</study_first_posted>
  <last_update_submitted>September 18, 2020</last_update_submitted>
  <last_update_submitted_qc>September 18, 2020</last_update_submitted_qc>
  <last_update_posted type="Actual">September 22, 2020</last_update_posted>
  <responsible_party>
    <responsible_party_type>Principal Investigator</responsible_party_type>
    <investigator_affiliation>King Saud University</investigator_affiliation>
    <investigator_full_name>Mahmoud Abulmeaty, M.D., FACN.</investigator_full_name>
    <investigator_title>Associate Professor</investigator_title>
  </responsible_party>
  <keyword>COVID-19</keyword>
  <keyword>Antioxidant ONS</keyword>
  <keyword>Cytokine storm</keyword>
  <intervention_browse>
    <!-- CAUTION:  The following MeSH terms are assigned with an imperfect algorithm            -->
    <mesh_term>Antioxidants</mesh_term>
  </intervention_browse>
  <patient_data>
    <sharing_ipd>Yes</sharing_ipd>
    <ipd_description>all IPD that underlie results in a publication will be shared</ipd_description>
    <ipd_info_type>Study Protocol</ipd_info_type>
    <ipd_info_type>Statistical Analysis Plan (SAP)</ipd_info_type>
    <ipd_info_type>Clinical Study Report (CSR)</ipd_info_type>
    <ipd_time_frame>starting 6 months after publication.</ipd_time_frame>
    <ipd_access_criteria>Access will be available for any researcher interested in this type of research on considerable consent.</ipd_access_criteria>
  </patient_data>
  <!-- Results have not yet been posted for this study                                          -->
</clinical_study>

