<?xml version="1.0" encoding="UTF-8"?>
<clinical_study rank="5321">
  <!-- This xml conforms to an XML Schema at:
    https://clinicaltrials.gov/ct2/html/images/info/public.xsd -->
  <required_header>
    <download_date>ClinicalTrials.gov processed this data on April 14, 2021</download_date>
    <link_text>Link to the current ClinicalTrials.gov record.</link_text>
    <url>https://clinicaltrials.gov/show/NCT04293887</url>
  </required_header>
  <id_info>
    <org_study_id>Zhaojp</org_study_id>
    <nct_id>NCT04293887</nct_id>
  </id_info>
  <brief_title>Efficacy and Safety of IFN-α2β in the Treatment of Novel Coronavirus Patients</brief_title>
  <official_title>Randomized, Open, Blank Control Study on the Efficacy and Safety of Recombinant Human Interferon α1β in the Treatment of Patients With New Type of Coronavirus Infection in Wuhan</official_title>
  <sponsors>
    <lead_sponsor>
      <agency>Tongji Hospital</agency>
      <agency_class>Other</agency_class>
    </lead_sponsor>
  </sponsors>
  <source>Tongji Hospital</source>
  <oversight_info>
    <has_dmc>Yes</has_dmc>
    <is_fda_regulated_drug>No</is_fda_regulated_drug>
    <is_fda_regulated_device>No</is_fda_regulated_device>
  </oversight_info>
  <brief_summary>
    <textblock>
      New coronavirus infection is an important cause of public health emergencies at home and&#xD;
      abroad, which seriously affects people's health and social stability. The outbreak of&#xD;
      SRAR-COV in China in 2003 caused serious social impact. From January 2002 to August 7, 2003,&#xD;
      there were a total of 8,422 cases worldwide, involving 32 countries and regions, of which 919&#xD;
      cases were fatal, with a fatality rate of nearly 11%. The fatality rate of elderly patients&#xD;
      and patients with underlying diseases was even more high.There is no precise and effective&#xD;
      treatment for coronavirus infection. In vitro, IFN-α2β has inhibitory effects on MERS-CoV and&#xD;
      closely related coronavirus severe acute respiratory syndrome (SARS) -CoV. A study showed the&#xD;
      effects of interferon-α2β and ribavirin on the replication of nCoV isolates hCoV-EMC / 2012&#xD;
      in Vero and LLC-MK2 cells. The combined application may be useful for the management of&#xD;
      patients with nCoV infection in the future. At present, the combination therapy of interferon&#xD;
      α2β and ribavirin has been successfully applied in the initial treatment and prevention of&#xD;
      SARS and MERS.The purpose of this study was to evaluate the efficacy and safety of&#xD;
      recombinant human interferon α1β in treating patients with new coronavirus infection in&#xD;
      Wuhan.&#xD;
    </textblock>
  </brief_summary>
  <detailed_description>
    <textblock>
      This study is a multi-center, randomized, open, blank-controlled, multi-stage clinical study.&#xD;
      As there are no effective treatments, the project team will evaluate possible treatments&#xD;
      (including but not limited to interferon α) based on actual conditions. , Lopinavir /&#xD;
      ritonavir, remdesivir, single / polyclonal antibodies against coronavirus), explore the most&#xD;
      effective antiviral treatment options.&#xD;
&#xD;
      The first phase will assess the efficacy and safety of interferon alpha compared to standard&#xD;
      treatment for approximately 328 hospitalized adult patients diagnosed with a new coronavirus&#xD;
      infection in Wuhan.&#xD;
&#xD;
      Patients with COVID-19 within 7 days of onset of symptoms were screened and randomly assigned&#xD;
      as soon as possible after screening (within 24 hours). Patients will be allocated in a 1: 1&#xD;
      ratio, receiving the interferon alpha treatment group or only the standard treatment group.&#xD;
      Patients who do not meet the inclusion and exclusion criteria are only allowed to be&#xD;
      re-screened once, provided that the time from symptom onset to randomization remains within 7&#xD;
      days.&#xD;
&#xD;
      This study planned to randomize approximately 328 adult subjects. It will be stratified&#xD;
      according to whether the onset time is ≤ 3 days, and randomly divided into groups of 1: 1,&#xD;
      receiving standard treatment or interferon alpha atomization twice a day, 1 stick (10ug) each&#xD;
      time, treatment course For 10 days. Subjects and all research center staff were not blinded.&#xD;
&#xD;
      The primary endpoint of this study was the incidence of side effects within 14 days of&#xD;
      enrollment. Therefore, a 14-day visit is essential for the data needed for this endpoint.&#xD;
      Every effort should be made to ensure that this study visit is completed in a timely manner.&#xD;
&#xD;
      Out-of-hospital treatment or discharge will reach the discharge standard on the day of&#xD;
      implementation and will be implemented in accordance with the Health and Medical Commission's&#xD;
      &quot;Unknown Viral Pneumonia Diagnosis and Treatment Plan (Trial)&quot;. For patients treated outside&#xD;
      the hospital or who have been discharged, final assessments are performed by phone and using&#xD;
      a questionnaire (if applicable).&#xD;
    </textblock>
  </detailed_description>
  <overall_status>Not yet recruiting</overall_status>
  <start_date type="Anticipated">March 1, 2020</start_date>
  <completion_date type="Anticipated">June 30, 2020</completion_date>
  <primary_completion_date type="Anticipated">May 30, 2020</primary_completion_date>
  <phase>Early Phase 1</phase>
  <study_type>Interventional</study_type>
  <has_expanded_access>No</has_expanded_access>
  <study_design_info>
    <allocation>Randomized</allocation>
    <intervention_model>Parallel Assignment</intervention_model>
    <primary_purpose>Treatment</primary_purpose>
    <masking>None (Open Label)</masking>
  </study_design_info>
  <primary_outcome>
    <measure>The incidence of side effects</measure>
    <time_frame>Within 14 days after enrollment</time_frame>
    <description>dyspnea</description>
  </primary_outcome>
  <primary_outcome>
    <measure>The incidence of side effects</measure>
    <time_frame>Within 14 days after enrollment</time_frame>
    <description>SPO2≤94%</description>
  </primary_outcome>
  <primary_outcome>
    <measure>The incidence of side effects</measure>
    <time_frame>Within 14 days after enrollment</time_frame>
    <description>respiratory rate ≥24 breaths/min in oxygen state)</description>
  </primary_outcome>
  <secondary_outcome>
    <measure>Time from patient enrollment to clinical remission</measure>
    <time_frame>Within 14 days after enrollment</time_frame>
    <description>the patient had a normal body temperature of &gt; for 24 hours (without taking antipyretic drugs or hormones) without self-consciousness Dyspnea or reduced dyspnea;</description>
  </secondary_outcome>
  <secondary_outcome>
    <measure>Proportion of patients with normal body</measure>
    <time_frame>Within 14 days after enrollment</time_frame>
    <description>Proportion of patients with normal body</description>
  </secondary_outcome>
  <secondary_outcome>
    <measure>Proportion of patients without dyspnea</measure>
    <time_frame>Within 14 days after enrollment</time_frame>
    <description>Proportion of patients without dyspnea</description>
  </secondary_outcome>
  <secondary_outcome>
    <measure>Proportion of patients without cough</measure>
    <time_frame>Within 14 days after enrollment</time_frame>
    <description>Proportion of patients without cough</description>
  </secondary_outcome>
  <secondary_outcome>
    <measure>Proportion</measure>
    <time_frame>Within 14 days after enrollment</time_frame>
    <description>Proportion of patients without oxygen treatment</description>
  </secondary_outcome>
  <secondary_outcome>
    <measure>The negative conversion rate of new coronavirus nucleic acid</measure>
    <time_frame>Within 14 days after enrollment</time_frame>
    <description>The negative conversion rate of new coronavirus nucleic acid</description>
  </secondary_outcome>
  <secondary_outcome>
    <measure>Proportion</measure>
    <time_frame>within 28 days after enrollment</time_frame>
    <description>Proportion of patients hospitalized/hospitalized in ICU</description>
  </secondary_outcome>
  <secondary_outcome>
    <measure>Frequency of serious adverse drug events.</measure>
    <time_frame>within 28 days after enrollment</time_frame>
    <description>Frequency of serious adverse drug events.</description>
  </secondary_outcome>
  <number_of_arms>2</number_of_arms>
  <enrollment type="Anticipated">328</enrollment>
  <condition>COVID-19</condition>
  <condition>Recombinant Human Interferon α1β</condition>
  <arm_group>
    <arm_group_label>Standard therapy + interferon therapy</arm_group_label>
    <arm_group_type>Experimental</arm_group_type>
    <description>Standard treatment + recombinant human interferon α1β 10ug Bid was administered by nebulization for 10 days.</description>
  </arm_group>
  <arm_group>
    <arm_group_label>Standard therapy + blank therapy</arm_group_label>
    <arm_group_type>No Intervention</arm_group_type>
    <description>Standard therapy</description>
  </arm_group>
  <intervention>
    <intervention_type>Drug</intervention_type>
    <intervention_name>Recombinant human interferon α1β</intervention_name>
    <description>Saline needle 2ml + recombinant human interferon α1β10ug bid nebulization inhalation</description>
    <arm_group_label>Standard therapy + interferon therapy</arm_group_label>
  </intervention>
  <eligibility>
    <criteria>
      <textblock>
        Inclusion Criteria:&#xD;
&#xD;
          1. Age ≥ 18 years;&#xD;
&#xD;
          2. Clinically diagnosed patients with new type of coronavirus pneumonia, including: in&#xD;
             accordance with the criteria for suspected cases, have one of the following etiology&#xD;
             evidence:&#xD;
&#xD;
             ① Real-time fluorescence RT-PCR of respiratory specimens or blood specimens for&#xD;
             detection of new coronavirus nucleic acid;&#xD;
&#xD;
             ② Sequencing of viral genes in respiratory specimens or blood specimens, highly&#xD;
             homologous to known new coronavirus&#xD;
&#xD;
          3. The time interval between the onset of symptoms and random enrollment is within 7&#xD;
             days. The onset of symptoms is mainly based on fever. If there is no fever, cough,&#xD;
             diarrhea or other related symptoms can be used.&#xD;
&#xD;
        Exclusion Criteria:&#xD;
&#xD;
          1. Any situation where the programme cannot be carried out safely;&#xD;
&#xD;
          2. Patients who have used interferon or remedesivir;&#xD;
&#xD;
          3. No clinical manifestations and chest imaging findings&#xD;
&#xD;
          4. Known allergy or hypersensitivity to interferon (including asthma);&#xD;
&#xD;
          5. Disabled in patients with uncontrolled autoimmune diseases;&#xD;
&#xD;
          6. Patients with severe heart disease, decompensated liver disease, renal insufficiency&#xD;
             (CrCL &lt;50ml / min), and those with abnormal bone marrow function are prohibited;&#xD;
&#xD;
          7. Epilepsy and impaired central nervous system function;&#xD;
&#xD;
          8. Pregnancy: Positive pregnancy test for women of childbearing age;&#xD;
&#xD;
          9. Breastfeeding women have not stopped breastfeeding;&#xD;
&#xD;
         10. The patient may be transferred to a non-participating hospital within 72 hours.&#xD;
      </textblock>
    </criteria>
    <gender>All</gender>
    <minimum_age>18 Years</minimum_age>
    <maximum_age>N/A</maximum_age>
    <healthy_volunteers>No</healthy_volunteers>
  </eligibility>
  <overall_contact>
    <last_name>Jianping Zhao, Ph.D.</last_name>
    <phone>13507138234</phone>
    <email>Zhaojp88@126.com</email>
  </overall_contact>
  <overall_contact_backup>
    <last_name>Huilan Zhang, Ph.D.</last_name>
    <phone>15391532171</phone>
    <email>huilanz_76@163.com</email>
  </overall_contact_backup>
  <link>
    <url>http://www.who.int/csr/disease/coronavirus_infections/case-management-ipc/en/</url>
    <description>Related Info</description>
  </link>
  <reference>
    <citation>Ksiazek TG, Erdman D, Goldsmith CS, Zaki SR, Peret T, Emery S, Tong S, Urbani C, Comer JA, Lim W, Rollin PE, Dowell SF, Ling AE, Humphrey CD, Shieh WJ, Guarner J, Paddock CD, Rota P, Fields B, DeRisi J, Yang JY, Cox N, Hughes JM, LeDuc JW, Bellini WJ, Anderson LJ; SARS Working Group. A novel coronavirus associated with severe acute respiratory syndrome. N Engl J Med. 2003 May 15;348(20):1953-66. Epub 2003 Apr 10.</citation>
    <PMID>12690092</PMID>
  </reference>
  <reference>
    <citation>Drosten C, Günther S, Preiser W, van der Werf S, Brodt HR, Becker S, Rabenau H, Panning M, Kolesnikova L, Fouchier RA, Berger A, Burguière AM, Cinatl J, Eickmann M, Escriou N, Grywna K, Kramme S, Manuguerra JC, Müller S, Rickerts V, Stürmer M, Vieth S, Klenk HD, Osterhaus AD, Schmitz H, Doerr HW. Identification of a novel coronavirus in patients with severe acute respiratory syndrome. N Engl J Med. 2003 May 15;348(20):1967-76. Epub 2003 Apr 10.</citation>
    <PMID>12690091</PMID>
  </reference>
  <reference>
    <citation>Fehr AR, Channappanavar R, Perlman S. Middle East Respiratory Syndrome: Emergence of a Pathogenic Human Coronavirus. Annu Rev Med. 2017 Jan 14;68:387-399. doi: 10.1146/annurev-med-051215-031152. Epub 2016 Aug 26. Review.</citation>
    <PMID>27576010</PMID>
  </reference>
  <reference>
    <citation>Zhu N, Zhang D, Wang W, Li X, Yang B, Song J, Zhao X, Huang B, Shi W, Lu R, Niu P, Zhan F, Ma X, Wang D, Xu W, Wu G, Gao GF, Tan W; China Novel Coronavirus Investigating and Research Team. A Novel Coronavirus from Patients with Pneumonia in China, 2019. N Engl J Med. 2020 Feb 20;382(8):727-733. doi: 10.1056/NEJMoa2001017. Epub 2020 Jan 24.</citation>
    <PMID>31978945</PMID>
  </reference>
  <reference>
    <citation>Al-Tawfiq JA, Momattin H, Dib J, Memish ZA. Ribavirin and interferon therapy in patients infected with the Middle East respiratory syndrome coronavirus: an observational study. Int J Infect Dis. 2014 Mar;20:42-6. doi: 10.1016/j.ijid.2013.12.003. Epub 2014 Jan 6.</citation>
    <PMID>24406736</PMID>
  </reference>
  <reference>
    <citation>Falzarano D, de Wit E, Martellaro C, Callison J, Munster VJ, Feldmann H. Inhibition of novel β coronavirus replication by a combination of interferon-α2b and ribavirin. Sci Rep. 2013;3:1686. doi: 10.1038/srep01686.</citation>
    <PMID>23594967</PMID>
  </reference>
  <results_reference>
    <citation>Falzarano D, de Wit E, Rasmussen AL, Feldmann F, Okumura A, Scott DP, Brining D, Bushmaker T, Martellaro C, Baseler L, Benecke AG, Katze MG, Munster VJ, Feldmann H. Treatment with interferon-α2b and ribavirin improves outcome in MERS-CoV-infected rhesus macaques. Nat Med. 2013 Oct;19(10):1313-7. doi: 10.1038/nm.3362. Epub 2013 Sep 8.</citation>
    <PMID>24013700</PMID>
  </results_reference>
  <results_reference>
    <citation>Kim UJ, Won EJ, Kee SJ, Jung SI, Jang HC. Combination therapy with lopinavir/ritonavir, ribavirin and interferon-α for Middle East respiratory syndrome. Antivir Ther. 2016;21(5):455-9. doi: 10.3851/IMP3002. Epub 2015 Oct 22.</citation>
    <PMID>26492219</PMID>
  </results_reference>
  <results_reference>
    <citation>Shalhoub S, Farahat F, Al-Jiffri A, Simhairi R, Shamma O, Siddiqi N, Mushtaq A. IFN-α2a or IFN-β1a in combination with ribavirin to treat Middle East respiratory syndrome coronavirus pneumonia: a retrospective study. J Antimicrob Chemother. 2015 Jul;70(7):2129-32. doi: 10.1093/jac/dkv085. Epub 2015 Apr 21.</citation>
    <PMID>25900158</PMID>
  </results_reference>
  <results_reference>
    <citation>Min CK, Cheon S, Ha NY, Sohn KM, Kim Y, Aigerim A, Shin HM, Choi JY, Inn KS, Kim JH, Moon JY, Choi MS, Cho NH, Kim YS. Comparative and kinetic analysis of viral shedding and immunological responses in MERS patients representing a broad spectrum of disease severity. Sci Rep. 2016 May 5;6:25359. doi: 10.1038/srep25359.</citation>
    <PMID>27146253</PMID>
  </results_reference>
  <verification_date>March 2020</verification_date>
  <study_first_submitted>February 15, 2020</study_first_submitted>
  <study_first_submitted_qc>March 2, 2020</study_first_submitted_qc>
  <study_first_posted type="Actual">March 3, 2020</study_first_posted>
  <last_update_submitted>March 2, 2020</last_update_submitted>
  <last_update_submitted_qc>March 2, 2020</last_update_submitted_qc>
  <last_update_posted type="Actual">March 3, 2020</last_update_posted>
  <responsible_party>
    <responsible_party_type>Principal Investigator</responsible_party_type>
    <investigator_affiliation>Tongji Hospital</investigator_affiliation>
    <investigator_full_name>Zhao Jianping</investigator_full_name>
    <investigator_title>Director of Respiratory and Critical Care Medicine , Tongji Hospital of Tongji Medical College, Huazhong University of Science and Technology</investigator_title>
  </responsible_party>
  <condition_browse>
    <!-- CAUTION:  The following MeSH terms are assigned with an imperfect algorithm            -->
    <mesh_term>Coronavirus Infections</mesh_term>
  </condition_browse>
  <intervention_browse>
    <!-- CAUTION:  The following MeSH terms are assigned with an imperfect algorithm            -->
    <mesh_term>Interferons</mesh_term>
  </intervention_browse>
  <patient_data>
    <sharing_ipd>No</sharing_ipd>
  </patient_data>
  <!-- Results have not yet been posted for this study                                          -->
</clinical_study>

