<?xml version="1.0" encoding="UTF-8"?>
<clinical_study rank="5607">
  <!-- This xml conforms to an XML Schema at:
    https://clinicaltrials.gov/ct2/html/images/info/public.xsd -->
  <required_header>
    <download_date>ClinicalTrials.gov processed this data on April 14, 2021</download_date>
    <link_text>Link to the current ClinicalTrials.gov record.</link_text>
    <url>https://clinicaltrials.gov/show/NCT03193866</url>
  </required_header>
  <id_info>
    <org_study_id>COMBAT-MS</org_study_id>
    <nct_id>NCT03193866</nct_id>
  </id_info>
  <brief_title>COMparison Between All immunoTherapies for Multiple Sclerosis.</brief_title>
  <acronym>COMBAT-MS</acronym>
  <official_title>COMparison Between All immunoTherapies for Multiple Sclerosis. An Observational Long-term Prospective Cohort Study of Safety, Efficacy and Patient's Satisfaction of MS Disease Modulatory Treatments in Relapsing-remitting Multiple Sclerosis</official_title>
  <sponsors>
    <lead_sponsor>
      <agency>Karolinska Institutet</agency>
      <agency_class>Other</agency_class>
    </lead_sponsor>
    <collaborator>
      <agency>Patient-Centered Outcomes Research Institute</agency>
      <agency_class>Other</agency_class>
    </collaborator>
    <collaborator>
      <agency>Kaiser Foundation Research Institute</agency>
      <agency_class>Other</agency_class>
    </collaborator>
  </sponsors>
  <source>Karolinska Institutet</source>
  <oversight_info>
    <has_dmc>Yes</has_dmc>
    <is_fda_regulated_drug>Yes</is_fda_regulated_drug>
    <is_fda_regulated_device>No</is_fda_regulated_device>
    <is_us_export>No</is_us_export>
  </oversight_info>
  <brief_summary>
    <textblock>
      The overarching goal of this study is to determine whether rituximab (RTX) offers&#xD;
      effectiveness and safety advantages over other commonly used approved Disease-Modifying Drugs&#xD;
      (DMT) in the largest real-world population-based structured prospective follow-up cohort of&#xD;
      Relapsing-Remitting Multiple Sclerosis (RRMS) patients. The study will include both treatment&#xD;
      naïve patients starting their first DMT and patients switching from a previous first line DMT&#xD;
      (escalation/second-line).&#xD;
    </textblock>
  </brief_summary>
  <detailed_description>
    <textblock>
      This is a prospective non-intervention observational prospective cohort study assessing the&#xD;
      long-term safety and efficacy of RTX treatment in MS compared with other common MS DMTs&#xD;
      regarding both clinical and radiological parameters in a real-life population of patients&#xD;
      with MS.&#xD;
&#xD;
      A number of parameters will be assessed annually. These include baseline demographics,&#xD;
      previous drug history and reasons for discontinuation, disability status (expanded disability&#xD;
      status scale), relapses, safety and adverse events (AE), contrast enhancing T1 and newly&#xD;
      appearing T2 lesions on magnetic resonance imaging, as well as a panel of patient reported&#xD;
      outcome measures: Symbol Digit Modalities Test (SDMT); MS impact scale-29 (MSIS-29) Fatigue&#xD;
      Scale for Motor and Cognitive Functions (FSMC), EuroQol-5 Dimensions (EQ-5D), the MS check&#xD;
      scale and Treatment Satisfaction Questionnaire 9 (TSQM-9).&#xD;
&#xD;
      Retrospective data entered in medical charts and the Swedish MS registry will be included&#xD;
      together with prospective annual structured follow up from inclusion into the study for a&#xD;
      minimum of three years (three to nine years).&#xD;
&#xD;
      In a substudy - Covid Enhancement study - analyses will be performed regarding the effect of&#xD;
      COVID-19 on people with MS as compared to non-MS individuals and also if there is any&#xD;
      indication that a particular DMD is associated with a risk to contract a more severe&#xD;
      COVID-19. The analyses will primarily be performed in official health care databases.&#xD;
    </textblock>
  </detailed_description>
  <overall_status>Active, not recruiting</overall_status>
  <start_date type="Actual">February 1, 2017</start_date>
  <completion_date type="Anticipated">December 31, 2022</completion_date>
  <primary_completion_date type="Anticipated">June 30, 2022</primary_completion_date>
  <study_type>Observational [Patient Registry]</study_type>
  <has_expanded_access>No</has_expanded_access>
  <study_design_info>
    <observational_model>Cohort</observational_model>
    <time_perspective>Other</time_perspective>
  </study_design_info>
  <target_duration>3 Years</target_duration>
  <primary_outcome>
    <measure>Confirmed disease progression in patients with Expanded Disability Status Scale (EDSS) ≤2.5 at baseline</measure>
    <time_frame>3 years</time_frame>
    <description>- Proportion of patients with baseline EDSS ≤2.5 progressing to 12 months confirmed EDSS ≥3 among those over 3 years of follow up</description>
  </primary_outcome>
  <primary_outcome>
    <measure>Confirmed disease progression in patients with EDSS ≥2.5 at baseline</measure>
    <time_frame>3 years</time_frame>
    <description>- Proportion of patients with baseline EDSS ≥2.5 experiencing 6 months confirmed EDSS increase of 1 point among those over 3 years of follow up</description>
  </primary_outcome>
  <primary_outcome>
    <measure>Disease-related impact on daily life</measure>
    <time_frame>3 years</time_frame>
    <description>- Change in MSIS-29 over 3 years of follow up (change from baseline; mean value ±SD)</description>
  </primary_outcome>
  <secondary_outcome>
    <measure>Risk and side effect assessments</measure>
    <time_frame>3-9 years</time_frame>
    <description>- Rate of malignancy, cardiovascular disease, serious infections and all-cause mortality in populations on therapy and ever treated, respectively</description>
  </secondary_outcome>
  <secondary_outcome>
    <measure>Occurence of Serious Adverse Reactions</measure>
    <time_frame>3-9 years</time_frame>
    <description>- The occurrence of serious adverse events (SAE) of all types that are possibly or likely related to DMT treatment</description>
  </secondary_outcome>
  <secondary_outcome>
    <measure>Annual relapse rate</measure>
    <time_frame>3-9 years</time_frame>
    <description>- Comparison of mean number of relapses per year between the different treatments</description>
  </secondary_outcome>
  <secondary_outcome>
    <measure>Number of Contrast-enhancing lesions (CEL)</measure>
    <time_frame>3-9 years</time_frame>
    <description>- Comparison of mean number of CEL on yearly MRI between the different treatments</description>
  </secondary_outcome>
  <secondary_outcome>
    <measure>Increase in EDSS</measure>
    <time_frame>3-9 years</time_frame>
    <description>- Comparison of yearly increase in mean and median EDSS between the different treatments</description>
  </secondary_outcome>
  <secondary_outcome>
    <measure>Proportion of patients with at least 1 step increase in EDSS</measure>
    <time_frame>3-9 years</time_frame>
    <description>- Comparison of yearly proportion of patients with at least 1 step increase in EDSS between the different treatments</description>
  </secondary_outcome>
  <secondary_outcome>
    <measure>Proportion of patients with No Evidence of Disease Activity (NEDA) -2</measure>
    <time_frame>3-9 years</time_frame>
    <description>- Comparison of early proportion of patients with No Evidence of Disease Activity (NEDA) -2 (free of exacerbations, new/enlarged T2-lesions and occurrence of CEL) between the treatments</description>
  </secondary_outcome>
  <secondary_outcome>
    <measure>Proportion of patients with NEDA-3</measure>
    <time_frame>3-9 years</time_frame>
    <description>- Comparison of early proportion of patients with NEDA-3 (NEDA-2 plus no worsening of EDSS from baseline) between the treatments</description>
  </secondary_outcome>
  <secondary_outcome>
    <measure>Levels of Neurofilament-Light chain (NFL) in serum</measure>
    <time_frame>3-9 years</time_frame>
    <description>- Comparison of mean levels of Neurofilament-Light chain (NFL) in serum between the different treatments</description>
  </secondary_outcome>
  <secondary_outcome>
    <measure>Brain atrophy rate</measure>
    <time_frame>3-9 years</time_frame>
    <description>- Comparison of yearly brain atrophy rate measured as per cent brain parenchymal fraction (BPF) loss in relation to baseline values between the different treatments</description>
  </secondary_outcome>
  <secondary_outcome>
    <measure>Time on drug</measure>
    <time_frame>3-9 years</time_frame>
    <description>- Comparison of time to drug discontinuation between the different treatments. Separate analyses will be performed depending on reason to drug discontinuation, mainly side effects and lack of efficacy</description>
  </secondary_outcome>
  <secondary_outcome>
    <measure>Treatment satisfaction</measure>
    <time_frame>3-9 years</time_frame>
    <description>Comparison of patient satisfaction with their treatment using the Treatment Satisfaction Questionnaire (TSQ) between the treatments</description>
  </secondary_outcome>
  <secondary_outcome>
    <measure>Quality of life assessments</measure>
    <time_frame>3-9 years</time_frame>
    <description>- Comparison of health related QoL measured by EQ-5D between the treatments</description>
  </secondary_outcome>
  <secondary_outcome>
    <measure>Fatigue</measure>
    <time_frame>3-9 years</time_frame>
    <description>Comparison of fatigue measured by the Fatigue Scale for Motor and Cognitive Functions (FSMC) between the treatments</description>
  </secondary_outcome>
  <secondary_outcome>
    <measure>Health economy</measure>
    <time_frame>3-9 years</time_frame>
    <description>- Estimation of total societal costs per year after initiating treatment</description>
  </secondary_outcome>
  <secondary_outcome>
    <measure>Occurrence of Anti-drug antibodies (ADA)</measure>
    <time_frame>3-9 years</time_frame>
    <description>- Proportion of patients treated with RTX developing high-titer anti-RTX ADA</description>
  </secondary_outcome>
  <secondary_outcome>
    <measure>Employment rate</measure>
    <time_frame>3-9 years</time_frame>
    <description>- Comparison of mean number of working hours per week between the treatments.</description>
  </secondary_outcome>
  <secondary_outcome>
    <measure>Severity assessments of COVID-19 in MS</measure>
    <time_frame>1-2 years after COVID-19 epidemic</time_frame>
    <description>Number of hospital and ICU admittance in people with MS compared to population</description>
  </secondary_outcome>
  <secondary_outcome>
    <measure>Severity assessments of COVID-19 in MS in relation to DMD</measure>
    <time_frame>1-2 years after COVID-19 epidemic</time_frame>
    <description>Number of hospital and ICU admittance in people with MS in relation to DMD</description>
  </secondary_outcome>
  <enrollment type="Actual">3526</enrollment>
  <condition>Relapsing-remitting Multiple Sclerosis</condition>
  <intervention>
    <intervention_type>Drug</intervention_type>
    <intervention_name>Rituximab</intervention_name>
    <description>Comparisons of efficacy and safety between rituximab and all other frequently used immunomodulating drugs against multiple sclerosis</description>
    <other_name>Natalizumab</other_name>
    <other_name>Fingolimod</other_name>
    <other_name>Alemtuzumab</other_name>
    <other_name>Interferon-beta</other_name>
    <other_name>Glatiramer acetate</other_name>
    <other_name>Dimethyl Fumarate</other_name>
  </intervention>
  <biospec_retention>Samples Without DNA</biospec_retention>
  <biospec_descr>
    <textblock>
      Serum samples will be taken yearly for analysis of anti-drug antibodies. These samples will&#xD;
      be saved in biobank.&#xD;
&#xD;
      Additional blood samples will be taken for analyses of SARS-CoV-2 serologic response.&#xD;
    </textblock>
  </biospec_descr>
  <eligibility>
    <study_pop>
      <textblock>
        All patients initiated at their first or second disease-modifying drug between January 1&#xD;
        2011 and June 30 2018 will be included in the trial. Up to present date, study-related data&#xD;
        will be retrospectively controlled via individual study of patient records. Patients will&#xD;
        be identified through the Swedish MS registry. Inclusion into the COMBAT-MS core study will&#xD;
        be subject to written informed consent. Given the non-intervention design of the study and&#xD;
        very limited study-specific procedures outside of clinical practise, we expect&#xD;
        participation rates to be very high. Based on preliminary calculations from the MS registry&#xD;
        the projected number of participants will be 3700 patients, out of which at least 1000 are&#xD;
        treated with rituximab first or second-line.&#xD;
      </textblock>
    </study_pop>
    <sampling_method>Non-Probability Sample</sampling_method>
    <criteria>
      <textblock>
        INCLUSION CRITERIA:&#xD;
&#xD;
        The study population consists of all patients with Clinically Isolated Syndrome (CIS) or&#xD;
        RRMS who;&#xD;
&#xD;
          -  Initiate a first MS DMT (treatment naïve), or Initiate a second ever DMT, of a&#xD;
             different drug class than the first, regardless of time between drugs or reason for&#xD;
             discontinuation(&quot;switchers&quot;) from 1st Jan 2011 to 30st June 2018, and&#xD;
&#xD;
          -  Are followed at any of the University clinics of Sweden, and&#xD;
&#xD;
          -  Consent to participation in COMBAT-MS core, and&#xD;
&#xD;
          -  Are expected to be capable to follow study assessments.&#xD;
&#xD;
        EXCLUSION CRITERIA:&#xD;
&#xD;
        - Patients with progressive forms of MS at start of therapy are not eligible&#xD;
      </textblock>
    </criteria>
    <gender>All</gender>
    <minimum_age>18 Years</minimum_age>
    <maximum_age>N/A</maximum_age>
    <healthy_volunteers>No</healthy_volunteers>
  </eligibility>
  <overall_official>
    <last_name>Fredrik Piehl, MD, PhD</last_name>
    <role>Principal Investigator</role>
    <affiliation>Karolinska Institutet, Stockholm, Sweden</affiliation>
  </overall_official>
  <overall_official>
    <last_name>Anders Svenningsson, MD, PhD</last_name>
    <role>Principal Investigator</role>
    <affiliation>Karolinska Institutet, Stockholm, Sweden</affiliation>
  </overall_official>
  <overall_official>
    <last_name>Anna Fogdell-Hahn, PhD</last_name>
    <role>Principal Investigator</role>
    <affiliation>Karolinska Institutet, Stockholm, Sweden</affiliation>
  </overall_official>
  <overall_official>
    <last_name>Ingrid Kockum, PhD</last_name>
    <role>Principal Investigator</role>
    <affiliation>Karolinska Institutet, Stockholm, Sweden</affiliation>
  </overall_official>
  <overall_official>
    <last_name>Thomas Frisell, PhD</last_name>
    <role>Principal Investigator</role>
    <affiliation>Karolinska Institutet, Stockholm, Sweden</affiliation>
  </overall_official>
  <overall_official>
    <last_name>Annette Langer-Gould, MD, PhD</last_name>
    <role>Principal Investigator</role>
    <affiliation>Kaiser Permanent Southern California, Los Angeles, USA</affiliation>
  </overall_official>
  <location>
    <facility>
      <name>Fredrik Piehl</name>
      <address>
        <city>Stockholm</city>
        <country>Sweden</country>
      </address>
    </facility>
  </location>
  <location_countries>
    <country>Sweden</country>
  </location_countries>
  <verification_date>October 2020</verification_date>
  <study_first_submitted>April 20, 2017</study_first_submitted>
  <study_first_submitted_qc>June 18, 2017</study_first_submitted_qc>
  <study_first_posted type="Actual">June 21, 2017</study_first_posted>
  <last_update_submitted>October 19, 2020</last_update_submitted>
  <last_update_submitted_qc>October 19, 2020</last_update_submitted_qc>
  <last_update_posted type="Actual">October 22, 2020</last_update_posted>
  <responsible_party>
    <responsible_party_type>Principal Investigator</responsible_party_type>
    <investigator_affiliation>Karolinska Institutet</investigator_affiliation>
    <investigator_full_name>Fredrik Piehl</investigator_full_name>
    <investigator_title>Professor</investigator_title>
  </responsible_party>
  <keyword>Immunomodulating treatment</keyword>
  <keyword>Cohort study</keyword>
  <keyword>Dimethyl fumarate</keyword>
  <keyword>Fingolimod</keyword>
  <keyword>Interferon-beta</keyword>
  <keyword>Natalizumab</keyword>
  <keyword>Rituximab</keyword>
  <keyword>Glatiramer acetate</keyword>
  <condition_browse>
    <!-- CAUTION:  The following MeSH terms are assigned with an imperfect algorithm            -->
    <mesh_term>Multiple Sclerosis</mesh_term>
    <mesh_term>Multiple Sclerosis, Relapsing-Remitting</mesh_term>
    <mesh_term>Sclerosis</mesh_term>
  </condition_browse>
  <intervention_browse>
    <!-- CAUTION:  The following MeSH terms are assigned with an imperfect algorithm            -->
    <mesh_term>Interferons</mesh_term>
    <mesh_term>Interferon-beta</mesh_term>
    <mesh_term>Rituximab</mesh_term>
    <mesh_term>Alemtuzumab</mesh_term>
    <mesh_term>Glatiramer Acetate</mesh_term>
    <mesh_term>Dimethyl Fumarate</mesh_term>
    <mesh_term>Natalizumab</mesh_term>
    <mesh_term>(T,G)-A-L</mesh_term>
    <mesh_term>Fingolimod Hydrochloride</mesh_term>
  </intervention_browse>
  <patient_data>
    <sharing_ipd>No</sharing_ipd>
  </patient_data>
  <!-- Results have not yet been posted for this study                                          -->
</clinical_study>

