<?xml version="1.0" encoding="UTF-8"?>
<clinical_study rank="1207">
  <!-- This xml conforms to an XML Schema at:
    https://clinicaltrials.gov/ct2/html/images/info/public.xsd -->
  <required_header>
    <download_date>ClinicalTrials.gov processed this data on April 14, 2021</download_date>
    <link_text>Link to the current ClinicalTrials.gov record.</link_text>
    <url>https://clinicaltrials.gov/show/NCT04292327</url>
  </required_header>
  <id_info>
    <org_study_id>KY-2020-24.01</org_study_id>
    <nct_id>NCT04292327</nct_id>
  </id_info>
  <brief_title>Clinical Progressive Characteristics and Treatment Effects of 2019-novel Coronavirus</brief_title>
  <acronym>2019-nCoV</acronym>
  <official_title>Clinical Progressive Characteristics and Treatment Effects of 2019-novel Coronavirus(2019-nCoV)</official_title>
  <sponsors>
    <lead_sponsor>
      <agency>Fujian Provincial Hospital</agency>
      <agency_class>Other</agency_class>
    </lead_sponsor>
  </sponsors>
  <source>Fujian Provincial Hospital</source>
  <oversight_info>
    <has_dmc>No</has_dmc>
    <is_fda_regulated_drug>No</is_fda_regulated_drug>
    <is_fda_regulated_device>No</is_fda_regulated_device>
  </oversight_info>
  <brief_summary>
    <textblock>
      Objects: The purpose of this study was to observe the characteristics of morbidity, disease&#xD;
      progression and therapeutic effects of 2019-novel coronavirus pneumonia patients with&#xD;
      different clinical types.&#xD;
&#xD;
      Method: A single center, retrospective and observational study was used to collect COVID-19&#xD;
      patients admitted to Wuhan Infectious Diseases Hospital (Wuhan JinYinTan Hospital) from&#xD;
      January 2020 to March 2020. The general information, first clinical symptoms, hospitalization&#xD;
      days, laboratory examination, CT examination, antiviral drugs, immune enhancers, traditional&#xD;
      Chinese medicine treatment and other clinical intervention measures were recorded, and the&#xD;
      nutritional status and prognosis of the patients were recorded. confirm COVID-19 's disease&#xD;
      progression, clinical characteristics, disease severity and treatment effects. To compare the&#xD;
      characteristics of disease progression, clinical features, disease severity and therapeutic&#xD;
      effect of different types of COVID-19.&#xD;
&#xD;
      Outcomes: The characteristics of disease progression, clinical features, disease severity and&#xD;
      therapeutic effect of different types of COVID-19.&#xD;
&#xD;
      Conclusion: The characteristics of disease progression, clinical features and therapeutic&#xD;
      effect of different types of COVID-19.&#xD;
    </textblock>
  </brief_summary>
  <detailed_description>
    <textblock>
      Since December 2019, patients with unexplained pneumonia have appeared in some medical&#xD;
      institutions in Wuhan, China. Nucleic acid testing was completed on January 10, 2020, which&#xD;
      was confirmed to be caused by 2019-novel coronavirus. In 2020, the World Health&#xD;
      Organization(WHO) named the virus 2019-novel coronavirus(2019-nCoV). The WHO announced that&#xD;
      the pneumonia caused by 2019-nCoV is officially called COVID-19. Today, more than 70,000&#xD;
      cases have been confirmed and more than 2,000 patients have died.&#xD;
&#xD;
      At present, the epidemiological characteristics, laboratory indicators, imaging features and&#xD;
      clinical treatment effects of COVID-19 should be reported, but the sample size is small.&#xD;
      Large sample studies are still needed to further confirm COVID-19 's disease progression,&#xD;
      clinical characteristics, disease severity and treatment effects, so as to provide a&#xD;
      scientific basis for future clinical treatment. Therefore, it is particularly important to&#xD;
      further review the relationship between the characteristics and prognosis of such patients.&#xD;
    </textblock>
  </detailed_description>
  <overall_status>Active, not recruiting</overall_status>
  <start_date type="Actual">January 1, 2020</start_date>
  <completion_date type="Anticipated">July 31, 2020</completion_date>
  <primary_completion_date type="Anticipated">April 30, 2020</primary_completion_date>
  <study_type>Observational</study_type>
  <has_expanded_access>No</has_expanded_access>
  <study_design_info>
    <observational_model>Other</observational_model>
    <time_perspective>Retrospective</time_perspective>
  </study_design_info>
  <primary_outcome>
    <measure>Mortality</measure>
    <time_frame>28 day</time_frame>
    <description>The mortality of COVID-19 in 28 days</description>
  </primary_outcome>
  <primary_outcome>
    <measure>The time interval of Nucleic acid detection become negative</measure>
    <time_frame>28 day</time_frame>
    <description>The time interval of COVID-19 form nucleic acid confirmed to the nucleic acid detection turn into negative.</description>
  </primary_outcome>
  <number_of_groups>3</number_of_groups>
  <enrollment type="Anticipated">400</enrollment>
  <condition>Pneumonia Caused by Human Coronavirus</condition>
  <arm_group>
    <arm_group_label>The ordinary COVID-19</arm_group_label>
    <description>Consistent with the diagnosis of ordinary COVID-19.</description>
  </arm_group>
  <arm_group>
    <arm_group_label>The heavy COVID-19.</arm_group_label>
    <description>Consistent with the diagnosis of heavy COVID-19.</description>
  </arm_group>
  <arm_group>
    <arm_group_label>The critical COVID-19</arm_group_label>
    <description>Consistent with the diagnosis of critical COVID-19</description>
  </arm_group>
  <eligibility>
    <study_pop>
      <textblock>
        Collect COVID-19 patients admitted to Wuhan Infectious Diseases Hospital (Wuhan JinYinTan&#xD;
        Hospital) from January 2020 to March 2020&#xD;
      </textblock>
    </study_pop>
    <sampling_method>Non-Probability Sample</sampling_method>
    <criteria>
      <textblock>
        Inclusion criteria.&#xD;
&#xD;
          1. 2019-nCov (SARA-Cov-2) nucleic acid positive detected by PCR.&#xD;
&#xD;
          2. Older than 18 years old and younger than 75 years old.&#xD;
&#xD;
          3. Meet the diagnostic criteria of COVID-19 for different types (including ordinary type,&#xD;
             heavy type and critical type)&#xD;
&#xD;
        Exclusion criteria.&#xD;
&#xD;
          1. the age is less than 18 years old;&#xD;
&#xD;
          2. pregnant or lactating women;&#xD;
&#xD;
          3. severe underlying diseases, such as advanced malignant tumor, end-stage lung disease,&#xD;
             etc.&#xD;
      </textblock>
    </criteria>
    <gender>All</gender>
    <minimum_age>18 Years</minimum_age>
    <maximum_age>75 Years</maximum_age>
    <healthy_volunteers>No</healthy_volunteers>
  </eligibility>
  <overall_official>
    <last_name>Xiuling Shang</last_name>
    <role>Principal Investigator</role>
    <affiliation>Fujian Provincial Hospital</affiliation>
  </overall_official>
  <location>
    <facility>
      <name>Fujian Provincial Hospital</name>
      <address>
        <city>Fuzhou</city>
        <state>Fujian</state>
        <zip>350000</zip>
        <country>China</country>
      </address>
    </facility>
  </location>
  <location_countries>
    <country>China</country>
  </location_countries>
  <verification_date>February 2020</verification_date>
  <study_first_submitted>February 23, 2020</study_first_submitted>
  <study_first_submitted_qc>February 29, 2020</study_first_submitted_qc>
  <study_first_posted type="Actual">March 3, 2020</study_first_posted>
  <last_update_submitted>February 29, 2020</last_update_submitted>
  <last_update_submitted_qc>February 29, 2020</last_update_submitted_qc>
  <last_update_posted type="Actual">March 3, 2020</last_update_posted>
  <responsible_party>
    <responsible_party_type>Principal Investigator</responsible_party_type>
    <investigator_affiliation>Fujian Provincial Hospital</investigator_affiliation>
    <investigator_full_name>Xiuling Shang</investigator_full_name>
    <investigator_title>associate chief physician</investigator_title>
  </responsible_party>
  <keyword>2019-novel coronavirus</keyword>
  <keyword>Pneumonia</keyword>
  <condition_browse>
    <!-- CAUTION:  The following MeSH terms are assigned with an imperfect algorithm            -->
    <mesh_term>Coronavirus Infections</mesh_term>
    <mesh_term>Pneumonia</mesh_term>
  </condition_browse>
  <patient_data>
    <sharing_ipd>Undecided</sharing_ipd>
  </patient_data>
  <!-- Results have not yet been posted for this study                                          -->
</clinical_study>

