<?xml version="1.0" encoding="UTF-8"?>
<clinical_study rank="609">
  <!-- This xml conforms to an XML Schema at:
    https://clinicaltrials.gov/ct2/html/images/info/public.xsd -->
  <required_header>
    <download_date>ClinicalTrials.gov processed this data on April 14, 2021</download_date>
    <link_text>Link to the current ClinicalTrials.gov record.</link_text>
    <url>https://clinicaltrials.gov/show/NCT04317040</url>
  </required_header>
  <id_info>
    <org_study_id>7110-007</org_study_id>
    <secondary_id>20200674</secondary_id>
    <secondary_id>CD24Fc-007</secondary_id>
    <nct_id>NCT04317040</nct_id>
  </id_info>
  <brief_title>CD24Fc as a Non-antiviral Immunomodulator in COVID-19 Treatment</brief_title>
  <acronym>SAC-COVID</acronym>
  <official_title>A Randomized, Double-blind, Placebo-controlled, Multi-site, Phase III Study to Evaluate the Safety and Efficacy of CD24Fc in COVID-19 Treatment</official_title>
  <sponsors>
    <lead_sponsor>
      <agency>OncoImmune, Inc.</agency>
      <agency_class>Industry</agency_class>
    </lead_sponsor>
  </sponsors>
  <source>OncoImmune, Inc.</source>
  <oversight_info>
    <has_dmc>Yes</has_dmc>
    <is_fda_regulated_drug>Yes</is_fda_regulated_drug>
    <is_fda_regulated_device>No</is_fda_regulated_device>
  </oversight_info>
  <brief_summary>
    <textblock>
      The study is designed as a randomized, placebo-controlled, double blind, multicenter, Phase&#xD;
      III trial to compare two COVID-19 treatment regimens in hospitalized adult subjects who are&#xD;
      diagnosed with severe and critical COVID 19.&#xD;
&#xD;
      Arm A: CD24Fc/Best Available Treatment; Arm B: placebo/ Best Available Treatment. CD24Fc will&#xD;
      be administered as single dose of 480 mg via IV infusion on Day 1. Total of 270 subjects will&#xD;
      be enrolled and randomized in 1:1 ratio to receive CD24Fc or placebo. All subjects will be&#xD;
      treated with the best available treatment. The follow up period is 28 days.&#xD;
    </textblock>
  </brief_summary>
  <detailed_description>
    <textblock>
      As the newest global medical emergency, the COVID-19 (diagnosed SARS-CoV2 infection with lung&#xD;
      involvement) exhibits features that are unlikely ameliorated by antivirals-based approaches&#xD;
      alone. First, although the new coronavirus (SARS-CoV-2) infect lung and intestine, many&#xD;
      patients suddenly take a turn for the worse even when the viral replication appears to be&#xD;
      under control. Second, patients with serious or critical clinical symptoms show remarked T&#xD;
      cell lymphopenia that are more severe and more acute than human immunodeficiency virus (HIV)&#xD;
      infection. Functional exhaustion of T cells is suggested by high expression of T-cell&#xD;
      exhaustion markers, which again appears more acute than in HIV patients. Third, multiple&#xD;
      cytokines are elevated among patients with severe clinical symptoms, which potentially&#xD;
      explains the multiple organ failure associated with COVID-19. For these reasons, treatment of&#xD;
      COVID-19 likely requires a combination of both antivirals and non-antivirals-based&#xD;
      approaches.&#xD;
&#xD;
      CD24Fc is a biological immunomodulator in Phase II/III clinical trial stage. CD24Fc comprises&#xD;
      the nonpolymorphic regions of CD24 attached to the Fc region of human IgG1. We have shown&#xD;
      that CD24 is an innate checkpoint against the inflammatory response to tissue injuries or&#xD;
      danger-associated molecular patterns (DAMPs). Preclinical and clinical studies have&#xD;
      demonstrated that CD24Fc effectively address the major challenges associated with COVID-19.&#xD;
      First, a Phase I clinical trial on healthy volunteers not only demonstrated safety of CD24Fc,&#xD;
      but also demonstrated its biological activity in suppressing expression of multiple&#xD;
      inflammatory cytokines. Second, in Phase II clinical trial in leukemia patients undergoing&#xD;
      hematopoietic stem cell transplantation (HCT), three doses of CD24Fc effectively eliminated&#xD;
      severe (Grade 3-4) acute graft vs host diseases (GVHD), which is caused by over reacting&#xD;
      immune system and transplanted T cells attacking recipient target tissues. Third, in&#xD;
      preclinical models of HIV/SIV infections, we have shown that CD24Fc ameliorated production of&#xD;
      multiple inflammatory cytokines, reversed the loss of T lymphocytes as well as functional T&#xD;
      cell exhaustion and reduced the leukocyte infiltration of multiple organs. It is particularly&#xD;
      noteworthy that CD24Fc reduced the rate of pneumonia in SIV-infected Chinese rhesus monkey&#xD;
      from 83% to 33%. Therefore, CD24Fc maybe a prime candidate for non-antiviral biological&#xD;
      modifier for COVID-19 therapy. The phase III trial will involve 270 patients randomized into&#xD;
      blinded placebo and CD24Fc arms, with time to clinical improvement from critical or severe to&#xD;
      mild symptom as the primary endpoint.&#xD;
    </textblock>
  </detailed_description>
  <overall_status>Completed</overall_status>
  <start_date type="Actual">April 24, 2020</start_date>
  <completion_date type="Actual">October 20, 2020</completion_date>
  <primary_completion_date type="Actual">October 20, 2020</primary_completion_date>
  <phase>Phase 3</phase>
  <study_type>Interventional</study_type>
  <has_expanded_access>No</has_expanded_access>
  <study_design_info>
    <allocation>Randomized</allocation>
    <intervention_model>Parallel Assignment</intervention_model>
    <primary_purpose>Treatment</primary_purpose>
    <masking>Quadruple (Participant, Care Provider, Investigator, Outcomes Assessor)</masking>
  </study_design_info>
  <primary_outcome>
    <measure>Improvement of COVID-19 disease status</measure>
    <time_frame>29 days</time_frame>
    <description>Time to improve in clinical status: the time (days) required from the start of treatment to the improvement of clinical status &quot;severe&quot; to &quot;moderate/mild&quot;; or improvement from &quot;scale 2, 3, or 4&quot; to &quot;scale 5 or higher&quot; based on NIAID ordinal scales.</description>
  </primary_outcome>
  <secondary_outcome>
    <measure>Proportion of patients who died or had respiratory failure.</measure>
    <time_frame>29 days</time_frame>
    <description>Proportion of patients who died or had respiratory failure, defined as the need for mechanical ventilation, ECMO, non-invasive ventilation, or high flow oxygen devices, at Day 29</description>
  </secondary_outcome>
  <secondary_outcome>
    <measure>Disease progression of COVID-19</measure>
    <time_frame>29 days</time_frame>
    <description>Time for disease progression from NIAID scale 3 or 4 to need to be on invasive mechanical ventilation, or ESMO, or death, or from NIAID scale 2 to death.</description>
  </secondary_outcome>
  <secondary_outcome>
    <measure>All cause of death</measure>
    <time_frame>15 days and 29 days</time_frame>
    <description>All cause of death</description>
  </secondary_outcome>
  <secondary_outcome>
    <measure>Proportion of clinical relapse</measure>
    <time_frame>29 days</time_frame>
    <description>Proportion of clinical relapse, as defined by rate of return to oxygen support for more than 1 day within 29 days from randomization after initial recovery</description>
  </secondary_outcome>
  <secondary_outcome>
    <measure>Conversion rate of clinical status at Day 8</measure>
    <time_frame>8 days</time_frame>
    <description>Conversion rate of clinical status on days 8 (proportion of subjects who changed from NIAID ordinal &quot;scale 3 or 4&quot; to &quot;scale 5 or higher&quot;)</description>
  </secondary_outcome>
  <secondary_outcome>
    <measure>Conversion rate of clinical status at Day 15</measure>
    <time_frame>15 days</time_frame>
    <description>Conversion rate of clinical status on days 15 (proportion of subjects who changed from NIAID ordinal &quot;scale 3 or 4&quot; to &quot;scale 5 or higher&quot;)</description>
  </secondary_outcome>
  <secondary_outcome>
    <measure>Hospital discharge time</measure>
    <time_frame>29 days</time_frame>
    <description>The discharge time, calculated after the randomization.</description>
  </secondary_outcome>
  <secondary_outcome>
    <measure>Duration of mechanical ventilation</measure>
    <time_frame>29 days</time_frame>
    <description>Duration of mechanical ventilation (IMV, NIV) (days)</description>
  </secondary_outcome>
  <secondary_outcome>
    <measure>Duration of pressors</measure>
    <time_frame>29 days</time_frame>
    <description>Duration of pressors (days)</description>
  </secondary_outcome>
  <secondary_outcome>
    <measure>Duration of ECMO</measure>
    <time_frame>29 days</time_frame>
    <description>Duration of extracorporeal membrane oxygenation (days)</description>
  </secondary_outcome>
  <secondary_outcome>
    <measure>Duration of high flow oxygen therapy</measure>
    <time_frame>29 days</time_frame>
    <description>Duration of oxygen therapy (oxygen inhalation by high flow nasal cannula or mask) (days)</description>
  </secondary_outcome>
  <secondary_outcome>
    <measure>Absolute lymphocyte count</measure>
    <time_frame>29 days</time_frame>
    <description>Changes of absolute lymphocyte count in peripheral blood</description>
  </secondary_outcome>
  <secondary_outcome>
    <measure>Change of D-dimers</measure>
    <time_frame>15 and 29 days</time_frame>
    <description>The changes of plasma concentration of D-dimers</description>
  </secondary_outcome>
  <number_of_arms>2</number_of_arms>
  <enrollment type="Actual">243</enrollment>
  <condition>Covid19</condition>
  <arm_group>
    <arm_group_label>CD24Fc Treatment</arm_group_label>
    <arm_group_type>Experimental</arm_group_type>
    <description>Single dose at Day 1, CD24Fc, 480mg, diluted to 100ml with normal saline, IV infusion in 60 minutes.</description>
  </arm_group>
  <arm_group>
    <arm_group_label>Placebo</arm_group_label>
    <arm_group_type>Placebo Comparator</arm_group_type>
    <description>Single dose at Day 1, normal saline solution 100ml, IV infusion in 60 minutes.</description>
  </arm_group>
  <intervention>
    <intervention_type>Drug</intervention_type>
    <intervention_name>CD24Fc</intervention_name>
    <description>CD24Fc is given on Day 1.</description>
    <arm_group_label>CD24Fc Treatment</arm_group_label>
    <other_name>Human CD24 and human IgG Fc Fusion Protein</other_name>
  </intervention>
  <intervention>
    <intervention_type>Drug</intervention_type>
    <intervention_name>Placebo</intervention_name>
    <description>Placebo is given on Day 1.</description>
    <arm_group_label>Placebo</arm_group_label>
    <other_name>Saline</other_name>
  </intervention>
  <eligibility>
    <criteria>
      <textblock>
        Inclusion Criteria:&#xD;
&#xD;
          1. Should be at least 18 years of age,&#xD;
&#xD;
          2. Male or female,&#xD;
&#xD;
          3. Diagnosed with COVID-19 and confirmed SARS-coV-2 viral infection.&#xD;
&#xD;
          4. Able to sign the consent form by subject or by legal authorized representative.&#xD;
&#xD;
          5. Severe or critical COVID-19, or NIAID 8-point ordinal score 2, 3 or 4 (Scale 2:&#xD;
             requiring requiring invasive mechanical ventilation or ECMO; Scale 3: non-invasive&#xD;
             ventilation or high flow oxygen devices; Scale 4: supplemental oxygen support; a SpO2&#xD;
             &lt;/= 94% or tachypnea (respiratory rate &gt;/= 24 breaths/min). Intubation should be&#xD;
             within 7 days.&#xD;
&#xD;
        Exclusion Criteria:&#xD;
&#xD;
          1. Patients who are pregnant, breastfeeding, or have a positive pregnancy test result&#xD;
             before enrollment,&#xD;
&#xD;
          2. Patients previously enrolled in the CD24Fc study,&#xD;
&#xD;
          3. Intubation for invasive mechanical ventilation is over 7 days,&#xD;
&#xD;
          4. Documented acute renal or hepatic failure,&#xD;
&#xD;
          5. The investigator believes that participating in the trial is not in the best interests&#xD;
             of the patient, or the investigator considers unsuitable for enrollment (such as&#xD;
             unpredictable risks or subject compliance issues).&#xD;
      </textblock>
    </criteria>
    <gender>All</gender>
    <minimum_age>18 Years</minimum_age>
    <maximum_age>N/A</maximum_age>
    <healthy_volunteers>No</healthy_volunteers>
  </eligibility>
  <overall_official>
    <last_name>Pan Zheng, MD, PhD</last_name>
    <role>Study Director</role>
    <affiliation>OncoImmune, Inc.</affiliation>
  </overall_official>
  <location>
    <facility>
      <name>Baptist Health Research Institute</name>
      <address>
        <city>Jacksonville</city>
        <state>Florida</state>
        <zip>32207</zip>
        <country>United States</country>
      </address>
    </facility>
  </location>
  <location>
    <facility>
      <name>Anne Anundel Medical Center</name>
      <address>
        <city>Annapolis</city>
        <state>Maryland</state>
        <zip>21401</zip>
        <country>United States</country>
      </address>
    </facility>
  </location>
  <location>
    <facility>
      <name>Institute of Human Virology, University of Maryland Baltimore</name>
      <address>
        <city>Baltimore</city>
        <state>Maryland</state>
        <zip>21201</zip>
        <country>United States</country>
      </address>
    </facility>
  </location>
  <location>
    <facility>
      <name>Shady Grove Medical Center</name>
      <address>
        <city>Rockville</city>
        <state>Maryland</state>
        <zip>20850</zip>
        <country>United States</country>
      </address>
    </facility>
  </location>
  <location>
    <facility>
      <name>White Oak Medical Center</name>
      <address>
        <city>Silver Spring</city>
        <state>Maryland</state>
        <zip>20904</zip>
        <country>United States</country>
      </address>
    </facility>
  </location>
  <location>
    <facility>
      <name>Cooper University Hospital</name>
      <address>
        <city>Camden</city>
        <state>New Jersey</state>
        <zip>08103</zip>
        <country>United States</country>
      </address>
    </facility>
  </location>
  <location>
    <facility>
      <name>Atlantic Health System</name>
      <address>
        <city>Morristown</city>
        <state>New Jersey</state>
        <zip>07960</zip>
        <country>United States</country>
      </address>
    </facility>
  </location>
  <location>
    <facility>
      <name>University Hospitals of Cleveland</name>
      <address>
        <city>Cleveland</city>
        <state>Ohio</state>
        <zip>44106</zip>
        <country>United States</country>
      </address>
    </facility>
  </location>
  <location>
    <facility>
      <name>The Ohio State University Medical Center</name>
      <address>
        <city>Columbus</city>
        <state>Ohio</state>
        <zip>43210</zip>
        <country>United States</country>
      </address>
    </facility>
  </location>
  <location>
    <facility>
      <name>University of Texas at Houston</name>
      <address>
        <city>Houston</city>
        <state>Texas</state>
        <zip>77030</zip>
        <country>United States</country>
      </address>
    </facility>
  </location>
  <location_countries>
    <country>United States</country>
  </location_countries>
  <reference>
    <citation>Chen GY, Brown NK, Zheng P, Liu Y. Siglec-G/10 in self-nonself discrimination of innate and adaptive immunity. Glycobiology. 2014 Sep;24(9):800-6. doi: 10.1093/glycob/cwu068. Epub 2014 Jul 4. Review.</citation>
    <PMID>24996822</PMID>
  </reference>
  <reference>
    <citation>Liu Y, Chen GY, Zheng P. Sialoside-based pattern recognitions discriminating infections from tissue injuries. Curr Opin Immunol. 2011 Feb;23(1):41-5. doi: 10.1016/j.coi.2010.10.004. Epub 2011 Jan 3. Review.</citation>
    <PMID>21208791</PMID>
  </reference>
  <reference>
    <citation>Chen GY, Chen X, King S, Cavassani KA, Cheng J, Zheng X, Cao H, Yu H, Qu J, Fang D, Wu W, Bai XF, Liu JQ, Woodiga SA, Chen C, Sun L, Hogaboam CM, Kunkel SL, Zheng P, Liu Y. Amelioration of sepsis by inhibiting sialidase-mediated disruption of the CD24-SiglecG interaction. Nat Biotechnol. 2011 May;29(5):428-35. doi: 10.1038/nbt.1846. Epub 2011 Apr 10. Erratum in: Nat Biotechnol. 2012 Feb;30(2):193.</citation>
    <PMID>21478876</PMID>
  </reference>
  <reference>
    <citation>Chen GY, Tang J, Zheng P, Liu Y. CD24 and Siglec-10 selectively repress tissue damage-induced immune responses. Science. 2009 Mar 27;323(5922):1722-5. doi: 10.1126/science.1168988. Epub 2009 Mar 5.</citation>
    <PMID>19264983</PMID>
  </reference>
  <reference>
    <citation>Tian RR, Zhang MX, Zhang LT, Zhang P, Ma JP, Liu M, Devenport M, Zheng P, Zhang XL, Lian XD, Ye M, Zheng HY, Pang W, Zhang GH, Zhang LG, Liu Y, Zheng YT. CD24 and Fc fusion protein protects SIVmac239-infected Chinese rhesus macaque against progression to AIDS. Antiviral Res. 2018 Sep;157:9-17. doi: 10.1016/j.antiviral.2018.07.004. Epub 2018 Jul 3.</citation>
    <PMID>29983395</PMID>
  </reference>
  <reference>
    <citation>Tian RR, Zhang MX, Liu M, Fang X, Li D, Zhang L, Zheng P, Zheng YT, Liu Y. CD24Fc protects against viral pneumonia in simian immunodeficiency virus-infected Chinese rhesus monkeys. Cell Mol Immunol. 2020 Aug;17(8):887-888. doi: 10.1038/s41423-020-0452-5. Epub 2020 May 7.</citation>
    <PMID>32382131</PMID>
  </reference>
  <verification_date>March 2021</verification_date>
  <study_first_submitted>March 19, 2020</study_first_submitted>
  <study_first_submitted_qc>March 19, 2020</study_first_submitted_qc>
  <study_first_posted type="Actual">March 20, 2020</study_first_posted>
  <last_update_submitted>March 24, 2021</last_update_submitted>
  <last_update_submitted_qc>March 24, 2021</last_update_submitted_qc>
  <last_update_posted type="Actual">March 26, 2021</last_update_posted>
  <responsible_party>
    <responsible_party_type>Sponsor</responsible_party_type>
  </responsible_party>
  <patient_data>
    <sharing_ipd>No</sharing_ipd>
  </patient_data>
  <!-- Results have not yet been posted for this study                                          -->
</clinical_study>

