<?xml version="1.0" encoding="UTF-8"?>
<clinical_study rank="4160">
  <!-- This xml conforms to an XML Schema at:
    https://clinicaltrials.gov/ct2/html/images/info/public.xsd -->
  <required_header>
    <download_date>ClinicalTrials.gov processed this data on April 14, 2021</download_date>
    <link_text>Link to the current ClinicalTrials.gov record.</link_text>
    <url>https://clinicaltrials.gov/show/NCT04302688</url>
  </required_header>
  <id_info>
    <org_study_id>COVID-19 WU1</org_study_id>
    <nct_id>NCT04302688</nct_id>
  </id_info>
  <brief_title>Accurate Classification System for Patients With COVID-19 Pneumonitis</brief_title>
  <official_title>Accurate Classification System for Patients With COVID-19 Based on Prognostic Nomogram</official_title>
  <sponsors>
    <lead_sponsor>
      <agency>Renmin Hospital of Wuhan University</agency>
      <agency_class>Other</agency_class>
    </lead_sponsor>
  </sponsors>
  <source>Renmin Hospital of Wuhan University</source>
  <oversight_info>
    <is_fda_regulated_drug>No</is_fda_regulated_drug>
    <is_fda_regulated_device>No</is_fda_regulated_device>
  </oversight_info>
  <brief_summary>
    <textblock>
      The COVID-19 has a clustering morbidity trend and older people with chronic diseases are more&#xD;
      likely to die, such as chronic renal insufficiency and chronic cardiovascular disease. We set&#xD;
      up a COVID-19 pneumonia grading scale. The COVID-19 score system was validated to predict the&#xD;
      clinical outcome of a patient.&#xD;
    </textblock>
  </brief_summary>
  <detailed_description>
    <textblock>
      1. First we collect the medical records, according to the time sequence, the patients were&#xD;
           divided into two groups, one is the model group, and the other is the validate group.&#xD;
&#xD;
        2. Responsible for the risk factor of regression equation according to the model. The&#xD;
           patients were divided into three groups according to their total score of risk&#xD;
           responsibility.&#xD;
&#xD;
        3. Compared with SEPSIS and CURB-65 grading system with the grading system we established.&#xD;
    </textblock>
  </detailed_description>
  <overall_status>Completed</overall_status>
  <start_date type="Actual">December 10, 2019</start_date>
  <completion_date type="Actual">March 4, 2020</completion_date>
  <primary_completion_date type="Actual">February 10, 2020</primary_completion_date>
  <study_type>Observational</study_type>
  <has_expanded_access>No</has_expanded_access>
  <study_design_info>
    <observational_model>Other</observational_model>
    <time_perspective>Retrospective</time_perspective>
  </study_design_info>
  <primary_outcome>
    <measure>survival status</measure>
    <time_frame>10 December 2019 to 10 February 2020</time_frame>
    <description>survival status as of February 24, 2020</description>
  </primary_outcome>
  <number_of_groups>2</number_of_groups>
  <enrollment type="Actual">669</enrollment>
  <condition>Pneumonitis</condition>
  <arm_group>
    <arm_group_label>modeling cohort</arm_group_label>
    <description>The 445 patients were grouped in chronological order.</description>
  </arm_group>
  <arm_group>
    <arm_group_label>validating colort</arm_group_label>
    <description>The remaining 224 patients.</description>
  </arm_group>
  <eligibility>
    <study_pop>
      <textblock>
        Patients with novel coronavirus pneumonia, and all cases were collected from the People's&#xD;
        Hospital of Wuhan University.&#xD;
      </textblock>
    </study_pop>
    <sampling_method>Non-Probability Sample</sampling_method>
    <criteria>
      <textblock>
        Inclusion Criteria:&#xD;
&#xD;
          -  Patients with novel coronavirus pneumonia should be examined and diagnosed by CT and&#xD;
             swab test of viral nucleic acid.&#xD;
&#xD;
        Exclusion Criteria:&#xD;
&#xD;
          -  Patients who should have died during the course of the disease, but the cause of death&#xD;
             was unrelated to viral pneumonia.&#xD;
&#xD;
          -  Suspected patient review refers to the negative nucleic acid test.&#xD;
      </textblock>
    </criteria>
    <gender>All</gender>
    <minimum_age>N/A</minimum_age>
    <maximum_age>N/A</maximum_age>
    <healthy_volunteers>No</healthy_volunteers>
  </eligibility>
  <overall_official>
    <last_name>Qiong Gong, MD.</last_name>
    <role>Principal Investigator</role>
    <affiliation>Renmin Hospital of Wuhan University</affiliation>
  </overall_official>
  <location>
    <facility>
      <name>Renmin Hospital of Wuhan University</name>
      <address>
        <city>Wuhan</city>
        <state>Hubei</state>
        <zip>430060</zip>
        <country>China</country>
      </address>
    </facility>
  </location>
  <location_countries>
    <country>China</country>
  </location_countries>
  <verification_date>March 2020</verification_date>
  <study_first_submitted>March 7, 2020</study_first_submitted>
  <study_first_submitted_qc>March 7, 2020</study_first_submitted_qc>
  <study_first_posted type="Actual">March 10, 2020</study_first_posted>
  <last_update_submitted>March 7, 2020</last_update_submitted>
  <last_update_submitted_qc>March 7, 2020</last_update_submitted_qc>
  <last_update_posted type="Actual">March 10, 2020</last_update_posted>
  <responsible_party>
    <responsible_party_type>Principal Investigator</responsible_party_type>
    <investigator_affiliation>Renmin Hospital of Wuhan University</investigator_affiliation>
    <investigator_full_name>Gong Qiong</investigator_full_name>
    <investigator_title>Professor</investigator_title>
  </responsible_party>
  <condition_browse>
    <!-- CAUTION:  The following MeSH terms are assigned with an imperfect algorithm            -->
    <mesh_term>Pneumonia</mesh_term>
  </condition_browse>
  <patient_data>
    <sharing_ipd>No</sharing_ipd>
    <ipd_description>Not going to share for the time being.</ipd_description>
  </patient_data>
  <!-- Results have not yet been posted for this study                                          -->
</clinical_study>

