<?xml version="1.0" encoding="UTF-8"?>
<clinical_study rank="3628">
  <!-- This xml conforms to an XML Schema at:
    https://clinicaltrials.gov/ct2/html/images/info/public.xsd -->
  <required_header>
    <download_date>ClinicalTrials.gov processed this data on April 14, 2021</download_date>
    <link_text>Link to the current ClinicalTrials.gov record.</link_text>
    <url>https://clinicaltrials.gov/show/NCT04315870</url>
  </required_header>
  <id_info>
    <org_study_id>5/20</org_study_id>
    <nct_id>NCT04315870</nct_id>
  </id_info>
  <brief_title>Clinical Characteristics of Coronavirus Disease 2019 (COVID-19) in Pregnancy: The Italian Registry on Coronavirus in Pregnancy.</brief_title>
  <acronym>I-COVID</acronym>
  <official_title>Clinical Characteristics of Coronavirus Disease 2019 (COVID-19) in Pregnancy: The Italian Registry on Coronavirus in Pregnancy</official_title>
  <sponsors>
    <lead_sponsor>
      <agency>Federico II University</agency>
      <agency_class>Other</agency_class>
    </lead_sponsor>
  </sponsors>
  <source>Federico II University</source>
  <oversight_info>
    <has_dmc>No</has_dmc>
    <is_fda_regulated_drug>No</is_fda_regulated_drug>
    <is_fda_regulated_device>No</is_fda_regulated_device>
  </oversight_info>
  <brief_summary>
    <textblock>
      The Novel Coronavirus (2019-nCoV), also known as Wuhan coronavirus, causes the 2019-nCoV&#xD;
      acute respiratory disease. The number of patients infected by 2019-nCoV in Italy closely&#xD;
      followed an exponential trend, and Italy reported the highest number of infected patients and&#xD;
      deaths in the world excluding China.&#xD;
    </textblock>
  </brief_summary>
  <detailed_description>
    <textblock>
      Coronaviruses (CoVs) are the largest group of viruses belonging to the Nidovirales order.&#xD;
      They are enveloped, non-segmented positive-sense RNA viruses.1 Coronavirus are believed to&#xD;
      cause a significant proportion of all common colds in adults and children. The Novel&#xD;
      Coronavirus (2019-nCoV), also known as Wuhan coronavirus, causes the 2019-nCoV acute&#xD;
      respiratory disease. The initial cases of 2019-nCoV occurred in Wuahn, China in December&#xD;
      2019.2 A recent review evaluated the potential impact of 2019-nCoV in pregnancy.3 The authors&#xD;
      reported published data on CoVs in pregnant women, including 2019-nCoV, severe acute&#xD;
      respiratory syndrome (SARS-COV) and Middle East respiratory syndrome (MERS-COV). The review&#xD;
      included 12 women with SARS-COV,4 11 women MERS-COV,5 and 9 women with 2019-n-CoV6 in&#xD;
      pregnancy. No cases of vertical trasmission were reported, but the authors showed an high&#xD;
      rate of preterm birth (45.8%), cesarean delivery (70.8%), maternal admission to intensive&#xD;
      care unit (ICU) (63.3%), and maternal death (18.8%).&#xD;
&#xD;
      The number of patients infected in Italy closely followed an exponential trend, and Italy&#xD;
      reported the highest number of infected patients and deaths in the world excluding China.7&#xD;
      Therefore, Italy can be a great source of data, including data on pregnant women.&#xD;
&#xD;
      The aim of this study was to evaluate the pregnancy and perinatal outcomes of pregnant women&#xD;
      with 2019-n-CoV.&#xD;
&#xD;
      This was a multicenter, retrospective, cohort study. Clinical records and compiled data of&#xD;
      all consecutive hospitalized and outpatient pregnant women with laboratory-confirmed&#xD;
      2019-n-CoV Data on recent exposure history, clinical symptoms or signs, laboratory findings,&#xD;
      and maternal and perinatal outcomes were collected. All medical recors were sent to the&#xD;
      coordinator center at University of Naples Federico II. Data were entered into a computerized&#xD;
      database and cross-checked. If the core data were missing, requests for clarification were&#xD;
      sent to the coordinators.&#xD;
    </textblock>
  </detailed_description>
  <overall_status>Recruiting</overall_status>
  <start_date type="Actual">January 1, 2020</start_date>
  <completion_date type="Anticipated">April 30, 2020</completion_date>
  <primary_completion_date type="Anticipated">April 20, 2020</primary_completion_date>
  <study_type>Observational [Patient Registry]</study_type>
  <has_expanded_access>No</has_expanded_access>
  <study_design_info>
    <observational_model>Cohort</observational_model>
    <time_perspective>Other</time_perspective>
  </study_design_info>
  <target_duration>3 Months</target_duration>
  <primary_outcome>
    <measure>Maternal and perinatal outcomes</measure>
    <time_frame>during gestation and at the time of delivery of the baby</time_frame>
    <description>different maternal and perinatal outcomes were evaluated including: admission to ICU, use of mechanical ventilation, maternal death, early pregnany loss, perinatal death, intrauterine growth restriction (IUGR), preterm birth, mode of delivery, LBW, admission to neonatal ICU (NICU), and clinical or serologic evidence of vertical trasmission</description>
  </primary_outcome>
  <enrollment type="Anticipated">20</enrollment>
  <condition>Infection Viral</condition>
  <intervention>
    <intervention_type>Other</intervention_type>
    <intervention_name>pregnant women with laboratory-confirmed 2019-n-CoV</intervention_name>
    <description>Clinical records and compiled data of all consecutive hospitalized and outpatient pregnant women with laboratory-confirmed 2019-n-CoV were included in a merged database</description>
  </intervention>
  <eligibility>
    <study_pop>
      <textblock>
        pregnant women with laboratory-confirmed 2019-n-CoV&#xD;
      </textblock>
    </study_pop>
    <sampling_method>Non-Probability Sample</sampling_method>
    <criteria>
      <textblock>
        Inclusion Criteria:&#xD;
&#xD;
          -  pregnant women with laboratory-confirmed 2019-n-CoV&#xD;
      </textblock>
    </criteria>
    <gender>Female</gender>
    <gender_based>Yes</gender_based>
    <gender_description>pregnant women</gender_description>
    <minimum_age>18 Years</minimum_age>
    <maximum_age>50 Years</maximum_age>
    <healthy_volunteers>No</healthy_volunteers>
  </eligibility>
  <location>
    <facility>
      <name>University of Naples Federico II</name>
      <address>
        <city>Napoli</city>
        <zip>80100</zip>
        <country>Italy</country>
      </address>
    </facility>
    <status>Recruiting</status>
    <contact>
      <last_name>Gabriele Saccone, MD</last_name>
      <phone>0817462202</phone>
      <email>gabriele.saccone@unina.it</email>
    </contact>
  </location>
  <location_countries>
    <country>Italy</country>
  </location_countries>
  <verification_date>March 2020</verification_date>
  <study_first_submitted>March 18, 2020</study_first_submitted>
  <study_first_submitted_qc>March 19, 2020</study_first_submitted_qc>
  <study_first_posted type="Actual">March 20, 2020</study_first_posted>
  <last_update_submitted>March 19, 2020</last_update_submitted>
  <last_update_submitted_qc>March 19, 2020</last_update_submitted_qc>
  <last_update_posted type="Actual">March 20, 2020</last_update_posted>
  <responsible_party>
    <responsible_party_type>Principal Investigator</responsible_party_type>
    <investigator_affiliation>Federico II University</investigator_affiliation>
    <investigator_full_name>Gabriele Saccone</investigator_full_name>
    <investigator_title>principal investigator, medical doctor</investigator_title>
  </responsible_party>
  <condition_browse>
    <!-- CAUTION:  The following MeSH terms are assigned with an imperfect algorithm            -->
    <mesh_term>Coronavirus Infections</mesh_term>
    <mesh_term>Virus Diseases</mesh_term>
  </condition_browse>
  <patient_data>
    <sharing_ipd>Undecided</sharing_ipd>
    <ipd_description>not decided yet</ipd_description>
  </patient_data>
  <!-- Results have not yet been posted for this study                                          -->
</clinical_study>

