<?xml version="1.0" encoding="UTF-8"?>
<clinical_study rank="3626">
  <!-- This xml conforms to an XML Schema at:
    https://clinicaltrials.gov/ct2/html/images/info/public.xsd -->
  <required_header>
    <download_date>ClinicalTrials.gov processed this data on April 14, 2021</download_date>
    <link_text>Link to the current ClinicalTrials.gov record.</link_text>
    <url>https://clinicaltrials.gov/show/NCT04273646</url>
  </required_header>
  <id_info>
    <org_study_id>202001</org_study_id>
    <nct_id>NCT04273646</nct_id>
  </id_info>
  <brief_title>Study of Human Umbilical Cord Mesenchymal Stem Cells in the Treatment of Severe COVID-19</brief_title>
  <official_title>Clinical Study of Human Umbilical Cord Mesenchymal Stem Cells in the Treatment of Severe COVID-19</official_title>
  <sponsors>
    <lead_sponsor>
      <agency>Wuhan Union Hospital, China</agency>
      <agency_class>Other</agency_class>
    </lead_sponsor>
    <collaborator>
      <agency>Wuhan Hamilton Bio-technology Co., Ltd, China.</agency>
      <agency_class>Other</agency_class>
    </collaborator>
  </sponsors>
  <source>Wuhan Union Hospital, China</source>
  <oversight_info>
    <has_dmc>Yes</has_dmc>
    <is_fda_regulated_drug>No</is_fda_regulated_drug>
    <is_fda_regulated_device>No</is_fda_regulated_device>
  </oversight_info>
  <brief_summary>
    <textblock>
      The novel coronavirus pneumonia is a kind of new emerging respiratory infectious disease,&#xD;
      characterized by fever, dry cough, and chest tightness, and caused by the infection of the&#xD;
      2019 novel coronavirus (2019-nCoV). In severe cases, there will be rapid respiratory system&#xD;
      failure. The novel coronavirus pneumonia is extremely contagious and the disease progresses&#xD;
      rapidly. It has become a urgent and serious public health event that threatens human life and&#xD;
      health globally. Among them, severe pneumonia caused by novel coronavirus is characterized by&#xD;
      extensive acute inflammation of the lungs and the patient is critically ill. At present,&#xD;
      there is no effective treatment in clinical practice.Most of them should receive supportive&#xD;
      care to help relieve symptoms. For severe cases, treatment should include care to support&#xD;
      vital organ functions. This clinical trial is to inspect the safety and efficiency of Human&#xD;
      Umbilical Cord Mesenchymal Stem Cells (UC-MSCs) therapy for severe pneumonia patients&#xD;
      infected with 2019-nCoV.&#xD;
    </textblock>
  </brief_summary>
  <detailed_description>
    <textblock>
      Since December 2019, Wuhan has successively found multiple cases of patients with pneumonia&#xD;
      infected by a novel coronavirus. With the spread of the epidemic, other cases in China and&#xD;
      abroad have also found such cases. As of 24:00 on February 1, 2020, a total of 14,380&#xD;
      confirmed cases were reported in China, of which there were 2110 severe cases and 304 death&#xD;
      cases. At present, there is no effective treatment for pneumonia in the clinic against new&#xD;
      coronavirus infection, especially severe and critical cases. Therefore, it is of great&#xD;
      significance to explore more active and effective therapeutic approach to severe pneumonia&#xD;
      patients infected with 2019-nCoV.&#xD;
&#xD;
      Human and animal studies have shown that after infection with coronavirus, the rapid&#xD;
      replication of the virus in the body and the subsequent inflammatory response cause damage to&#xD;
      alveolar epithelial cells and capillary endothelial cells, causing diffuse interstitial and&#xD;
      alveolar edema, and pulmonary function. Impaired, leading to acute hypoxic respiratory&#xD;
      insufficiency. The National Health and Medical Commission recently released the &quot;New&#xD;
      Coronavirus Infected Pneumonia Diagnosis and Treatment Plan (Trial Version 5)&quot;, which pointed&#xD;
      out that the new type of coronavirus severe pneumonia usually has difficulty breathing after&#xD;
      one week, and the severe cases quickly progress to acute respiratory distress syndrome,&#xD;
      Septic shock and metabolic acidosis that is difficult to correct. It can be seen that the key&#xD;
      to the treatment of new coronavirus severe pneumonia is to inhibit the super-inflammatory&#xD;
      immune response caused by the virus, thereby reducing the damage of alveolar epithelial cells&#xD;
      and capillary endothelial cells, and then repairing the structure and function of lung&#xD;
      tissue.&#xD;
&#xD;
      Mesenchymal stem cells (MSCs) are one of the most studied and important adult stem cells. A&#xD;
      large amount of evidence shows that MSCs can migrate to and return to damaged tissues, exert&#xD;
      strong anti-inflammatory and immune regulatory functions, promote the regeneration and repair&#xD;
      of damaged tissues, resist apoptosis and inhibit tissue fibrosis, and reduce tissue damage.&#xD;
      Many studies have shown that the anti-inflammatory effects of MSCs can significantly reduce&#xD;
      virus-induced lung injury and mortality in mice. Studies have shown that MSCs can&#xD;
      significantly reduce acute lung injury in mice caused by H9N2 and H5N1 viruses by reducing&#xD;
      the levels of proinflammatory cytokines and chemokines and reducing the recruitment of&#xD;
      inflammatory cells into the lungs. Compared with MSCs from other sources, human umbilical&#xD;
      cord-derived MSCs (umbilical cord MSCs, UC-MSCs) have been widely used because of their&#xD;
      convenient collection, no ethical controversy, low immunogenicity, fast self-renewal and&#xD;
      strong proliferation ability Research on the treatment of various diseases. Early research in&#xD;
      this laboratory used UC-MSCs to intervene in endotoxin (LPS) -induced acute lung injury in&#xD;
      mice, and confirmed that UC-MSCs can significantly reduce inflammatory cell infiltration in&#xD;
      lung tissue, reduce inflammation in lung tissue, and significantly improve lung The structure&#xD;
      and function of tissues protect mouse lung tissue from endotoxin-induced damage.&#xD;
&#xD;
      The purpose of this study is to investigate efficiency and safety of UC-MSCs in treating&#xD;
      severe pneumonia patients infected with 2019-nCoV. This trial will recruit 48 patients. 24&#xD;
      patients received i.v. transfusion one round (4 times) of 5.0*10E6 cells/kg of UC-MSCs as the&#xD;
      treated group, all of them received the conventional treatment. In addition, the equal 24&#xD;
      patients received conventional treatment were used as control group. The respiratory&#xD;
      function, pulmonary inflammation, clinical symptoms, pulmonary imaging, side effects, 28-days&#xD;
      mortality, immunological characteristics (immune cells, inflammatory factors, etc.) will be&#xD;
      evaluated during the 90 days to 96 weeks follow up.&#xD;
    </textblock>
  </detailed_description>
  <overall_status>Not yet recruiting</overall_status>
  <start_date type="Anticipated">April 20, 2020</start_date>
  <completion_date type="Anticipated">February 15, 2022</completion_date>
  <primary_completion_date type="Anticipated">June 30, 2020</primary_completion_date>
  <phase>N/A</phase>
  <study_type>Interventional</study_type>
  <has_expanded_access>No</has_expanded_access>
  <study_design_info>
    <allocation>Randomized</allocation>
    <intervention_model>Parallel Assignment</intervention_model>
    <intervention_model_description>Parallel Assignment</intervention_model_description>
    <primary_purpose>Treatment</primary_purpose>
    <masking>None (Open Label)</masking>
  </study_design_info>
  <primary_outcome>
    <measure>Pneumonia severity index</measure>
    <time_frame>From Baseline (0W) to 12 week after treatment</time_frame>
    <description>Evaluation of Pneumonia Improvement</description>
  </primary_outcome>
  <primary_outcome>
    <measure>Oxygenation index (PaO2/FiO2)</measure>
    <time_frame>From Baseline (0W) to 12 week after treatment</time_frame>
    <description>Evaluation of Pneumonia Improvement</description>
  </primary_outcome>
  <secondary_outcome>
    <measure>Side effects in the UC-MSCs treatment group</measure>
    <time_frame>From Baseline (0W) to 96 week after treatment</time_frame>
    <description>Incidence of acute and chronic treatment-related adverse events in patients with novel coronavirus severe pneumonia receiving UC-MSCs infusion as assessed.</description>
  </secondary_outcome>
  <secondary_outcome>
    <measure>28-days survival</measure>
    <time_frame>Day 28</time_frame>
    <description>Marker for efficacy of treatment</description>
  </secondary_outcome>
  <secondary_outcome>
    <measure>Sequential organ failure assessment</measure>
    <time_frame>Day 28</time_frame>
    <description>Markers of organ function（Score each criterion on a scale of 0 to 4, and the higher the score, the worse the prognosis.）</description>
  </secondary_outcome>
  <secondary_outcome>
    <measure>C-reactive protein</measure>
    <time_frame>From Baseline (0W) to 12 week after treatment</time_frame>
    <description>Markers of Infection</description>
  </secondary_outcome>
  <secondary_outcome>
    <measure>Procalcitonin</measure>
    <time_frame>From Baseline (0W) to 12 week after treatment</time_frame>
    <description>Markers of Infection</description>
  </secondary_outcome>
  <secondary_outcome>
    <measure>Lymphocyte count</measure>
    <time_frame>From Baseline (0W) to 12 week after treatment</time_frame>
    <description>Marker of Immunological function</description>
  </secondary_outcome>
  <secondary_outcome>
    <measure>CD3+, CD4+ and CD8+ T celll count</measure>
    <time_frame>From Baseline (0W) to 12 week after treatment</time_frame>
    <description>Marker of Immunological function</description>
  </secondary_outcome>
  <secondary_outcome>
    <measure>CD4+/CD8+ratio</measure>
    <time_frame>From Baseline (0W) to 12 week after treatment</time_frame>
    <description>Marker of Immunological function</description>
  </secondary_outcome>
  <number_of_arms>2</number_of_arms>
  <enrollment type="Anticipated">48</enrollment>
  <condition>2019 Novel Coronavirus Pneumonia</condition>
  <condition>COVID-19</condition>
  <arm_group>
    <arm_group_label>UC-MSCs Treatment Group</arm_group_label>
    <arm_group_type>Experimental</arm_group_type>
    <description>Conventional treatment plus UC-MSCs:&#xD;
Participants will receive conventional treatment plus 4 times of UC-MSCs(0.5*10E6 UC-MSCs/kg body weight intravenously at Day 1，Day 3，Day 5，Day7).</description>
  </arm_group>
  <arm_group>
    <arm_group_label>Conventional Control Group</arm_group_label>
    <arm_group_type>Placebo Comparator</arm_group_type>
    <description>Conventional treatment plus Placebo:&#xD;
Without UC-MSCs Therapy but conventional treatment should be received. Participants will receive conventional treatment plus 4 times of Placebo intravenously at Day 1，Day 3，Day 5，Day7).</description>
  </arm_group>
  <intervention>
    <intervention_type>Biological</intervention_type>
    <intervention_name>UC-MSCs</intervention_name>
    <description>4 times of UC-MSCs(0.5*10E6 UC-MSCs/kg body weight intravenously at Day 1, Day 3, Day 5, Day 7).</description>
    <arm_group_label>UC-MSCs Treatment Group</arm_group_label>
  </intervention>
  <intervention>
    <intervention_type>Drug</intervention_type>
    <intervention_name>Placebo</intervention_name>
    <description>4 times of cell-free stem cell suspension (saline containing 1% human albumin) intravenously at Day 1, Day 3, Day 5, Day 7).</description>
    <arm_group_label>Conventional Control Group</arm_group_label>
  </intervention>
  <eligibility>
    <criteria>
      <textblock>
        Inclusion Criteria:&#xD;
&#xD;
          1. CT image is characteristic of viral pneumonia;&#xD;
&#xD;
          2. 2019-ncov infection (positive nucleic acid test) is confirmed by pathogenic test;&#xD;
&#xD;
          3. In compliance with the 2019-nCoV infection severe pneumonia diagnosis standard&#xD;
             (according to the novel coronavirus infection pneumonia diagnosis and treatment&#xD;
             program (Trial Implementation Version 5) issued by the National Health and Medical&#xD;
             Commission, and WHO 2019 new coronavirus guidelines standards). It is severe if it&#xD;
             meets any of the following: (A) Increased breathing rate (≥30 beats / min), difficulty&#xD;
             breathing, cyanosis of the lips; (B) When inhaling, means oxygen saturation ≤93%; (C)&#xD;
             Partial pressure of arterial oxygen (PaO2) / Fraction of inspired oxygen (FiO2) ≤300&#xD;
             mmHg (1mmHg = 0.133kPa);&#xD;
&#xD;
          4. 18 years old ≤ age ≤ 65 years old, regardless of gender;&#xD;
&#xD;
          5. The patient or legal donor agrees to participate in the study and signs the informed&#xD;
             consent.&#xD;
&#xD;
        Exclusion Criteria:&#xD;
&#xD;
          1. Patients with severe allergies or allergies to stem cell preparations and their&#xD;
             components;&#xD;
&#xD;
          2. Patients with serious basic diseases that affect survival, including: blood diseases,&#xD;
             cachexia, active bleeding, severe malnutrition, etc .;&#xD;
&#xD;
          3. Patients with pulmonary obstructive pneumonia, severe pulmonary interstitial fibrosis,&#xD;
             alveolar proteinosis, allergic alveolitis, and other known viral pneumonia or&#xD;
             bacterial pneumonia;&#xD;
&#xD;
          4. Continuous use of immunosuppressive agents or organ transplants in the past 6 months;&#xD;
&#xD;
          5. In vitro life support (ECMO, ECCO2R, RRT);&#xD;
&#xD;
          6. Expected deaths within 48 hours, uncontrolled infections;&#xD;
&#xD;
          7. Patients with malignant blood-borne diseases such as HIV or syphilis;&#xD;
&#xD;
          8. Patient with pregnancy, are planning to become pregnant or breastfeeding;&#xD;
&#xD;
          9. Patients with poor compliance and unable to complete the full study;&#xD;
&#xD;
         10. The investigator determines that there may be increased risk of the subject or other&#xD;
             conditions that interfere with the clinical trial and the judgment of the results&#xD;
             (such as excessive stress, sensitivity or cognitive impairment, etc.);&#xD;
&#xD;
         11. There are other situations that the researchers think are not suitable to participate&#xD;
             in this clinical study.&#xD;
      </textblock>
    </criteria>
    <gender>All</gender>
    <minimum_age>18 Years</minimum_age>
    <maximum_age>65 Years</maximum_age>
    <healthy_volunteers>No</healthy_volunteers>
  </eligibility>
  <overall_contact>
    <last_name>Yang Jin, MD</last_name>
    <phone>+8613554361146</phone>
    <email>whuhjy@sina.com</email>
  </overall_contact>
  <overall_contact_backup>
    <last_name>Yang Jin, MD</last_name>
    <phone>+86027-85726114</phone>
    <email>whuhjy@126.com</email>
  </overall_contact_backup>
  <location>
    <facility>
      <name>Union Hospital, Tongji Medical College, Huazhong University of Science and Technology</name>
      <address>
        <city>Wuhan</city>
        <state>Hubei</state>
        <zip>430000</zip>
        <country>China</country>
      </address>
    </facility>
  </location>
  <location_countries>
    <country>China</country>
  </location_countries>
  <verification_date>April 2020</verification_date>
  <study_first_submitted>February 14, 2020</study_first_submitted>
  <study_first_submitted_qc>February 17, 2020</study_first_submitted_qc>
  <study_first_posted type="Actual">February 18, 2020</study_first_posted>
  <last_update_submitted>April 10, 2020</last_update_submitted>
  <last_update_submitted_qc>April 10, 2020</last_update_submitted_qc>
  <last_update_posted type="Actual">April 14, 2020</last_update_posted>
  <responsible_party>
    <responsible_party_type>Principal Investigator</responsible_party_type>
    <investigator_affiliation>Wuhan Union Hospital, China</investigator_affiliation>
    <investigator_full_name>Yang Jin</investigator_full_name>
    <investigator_title>Principle Investigator, Clinical Professor of Department of Respiratory and Critical Care Medicine,</investigator_title>
  </responsible_party>
  <keyword>2019 Novel Coronavirus Pneumonia</keyword>
  <keyword>Safety</keyword>
  <keyword>Efficiency</keyword>
  <keyword>Cell Therapy</keyword>
  <keyword>UC-MSCs</keyword>
  <condition_browse>
    <!-- CAUTION:  The following MeSH terms are assigned with an imperfect algorithm            -->
    <mesh_term>Coronavirus Infections</mesh_term>
    <mesh_term>Pneumonia</mesh_term>
  </condition_browse>
  <patient_data>
    <sharing_ipd>No</sharing_ipd>
  </patient_data>
  <!-- Results have not yet been posted for this study                                          -->
</clinical_study>

