<?xml version="1.0" encoding="UTF-8"?>
<clinical_study rank="2692">
  <!-- This xml conforms to an XML Schema at:
    https://clinicaltrials.gov/ct2/html/images/info/public.xsd -->
  <required_header>
    <download_date>ClinicalTrials.gov processed this data on April 14, 2021</download_date>
    <link_text>Link to the current ClinicalTrials.gov record.</link_text>
    <url>https://clinicaltrials.gov/show/NCT04327804</url>
  </required_header>
  <id_info>
    <org_study_id>20-002</org_study_id>
    <nct_id>NCT04327804</nct_id>
  </id_info>
  <brief_title>A Longitudinal Study of COVID-19 Positive Patients Testing Nasal Swabs and Collecting Blood Samples for Research</brief_title>
  <official_title>A Longitudinal Study of COVID-19 Positive Patients Testing Nasal Swabs and Collecting Blood Samples for Research</official_title>
  <sponsors>
    <lead_sponsor>
      <agency>Dr. Deneen Vojta</agency>
      <agency_class>Industry</agency_class>
    </lead_sponsor>
    <collaborator>
      <agency>PATH</agency>
      <agency_class>Other</agency_class>
    </collaborator>
    <collaborator>
      <agency>Mayo Clinic</agency>
      <agency_class>Other</agency_class>
    </collaborator>
    <collaborator>
      <agency>Bill and Melinda Gates Foundation</agency>
      <agency_class>Other</agency_class>
    </collaborator>
  </sponsors>
  <source>UnitedHealth Group</source>
  <oversight_info>
    <has_dmc>No</has_dmc>
    <is_fda_regulated_drug>No</is_fda_regulated_drug>
    <is_fda_regulated_device>No</is_fda_regulated_device>
  </oversight_info>
  <brief_summary>
    <textblock>
      Minimal risk research study:&#xD;
&#xD;
        1. Comparing polyester nasal swabs and foam nasal swabs to detect SARS-CoV-2 virus;&#xD;
&#xD;
        2. Quantifying the development and trajectory of the disease through clinic visits and&#xD;
           blood values.&#xD;
    </textblock>
  </brief_summary>
  <detailed_description>
    <textblock>
      This work will serve both the Everett Clinic and broader UnitedHealth Group patient&#xD;
      populations as well as advance the public health emergency response to the community spread&#xD;
      of SARS-CoV-2 virus, especially as the number of cases and deaths continues to rise in many&#xD;
      geographies. A recent study conducted at The Everett Clinic showed that foam nasal swabs were&#xD;
      able to detect SARS-CoV-2 virus at comparable levels to nasopharyngeal (NP) swabs. We now&#xD;
      look to build off this work by comparing polyester foam swabs, which are more readily&#xD;
      available and mass producible, to foam nasal swabs, in their sensitivity for detecting&#xD;
      SARS-CoV-2 virus. We also plan to assess the viability of dry swabbing, where the swab is&#xD;
      stored without saline or viral transport media (VTM) at room temperature for four days, to&#xD;
      calculate the degradation of the viral sample.&#xD;
&#xD;
      Finally, we will collect up to 50 mL/visit of blood longitudinally from patients who have&#xD;
      previously tested positive for SARS-CoV-2 at visit one, two, and four weeks following their&#xD;
      initial COVID-10 diagnosis.The medical professional drawing the blood will determine if the&#xD;
      patient is at an increased risk from a blood draw due to underlying conditions such as&#xD;
      anemia. In these cases, the amount of blood drawn will be left to the discretion of the&#xD;
      medical professional but shall not surpass 10 mL per visit.These longitudinal blood samples&#xD;
      will help us gain a better understanding of the trajectory of COVID-19 (in terms of both&#xD;
      clinical symptomology and viral load) and antibody development. At each visit, nasal swabs&#xD;
      and blood samples will be collected, and the blood samples will be stored in a repository for&#xD;
      future research.&#xD;
    </textblock>
  </detailed_description>
  <overall_status>Recruiting</overall_status>
  <start_date type="Actual">March 25, 2020</start_date>
  <completion_date type="Anticipated">April 10, 2020</completion_date>
  <primary_completion_date type="Anticipated">April 3, 2020</primary_completion_date>
  <study_type>Observational</study_type>
  <has_expanded_access>No</has_expanded_access>
  <study_design_info>
    <observational_model>Case-Only</observational_model>
    <time_perspective>Prospective</time_perspective>
  </study_design_info>
  <primary_outcome>
    <measure>Detection of SARS-CoV-2 virus</measure>
    <time_frame>42 days</time_frame>
    <description>Measure the agreement between the detection of SARS-CoV-2 virus using a foam nasal swab tested directly after collection, a polyester nasal swab tested directly after testing, and a polyester nasal swab stored at room temperature for four days without saline or VTM before being tested.</description>
  </primary_outcome>
  <secondary_outcome>
    <measure>Trajectory of COVID-19 and antibody development</measure>
    <time_frame>2 months</time_frame>
    <description>Longitudinal blood samples from SARS-CoV-2 patients to gain a better understanding of the trajectory of COVID-19 and antibody development</description>
  </secondary_outcome>
  <number_of_groups>2</number_of_groups>
  <enrollment type="Anticipated">120</enrollment>
  <condition>SARS-CoV Infection</condition>
  <arm_group>
    <arm_group_label>Odd numbered birth year</arm_group_label>
    <description>The collection of patient samples will be different as defined by odd/even birth year. Patients born in an odd numbered year will first have their left nostril swabbed by the foam swab followed by their right nostril being swabbed by the two polyester swabs.</description>
  </arm_group>
  <arm_group>
    <arm_group_label>Even numbered birth year</arm_group_label>
    <description>The collection of patient samples will be different as defined by odd/even birth year. Patients born in an even numbered year will first have their left nostril swabbed by the two polyester swabs followed by their right nostril being swabbed by a foam swab.</description>
  </arm_group>
  <intervention>
    <intervention_type>Diagnostic Test</intervention_type>
    <intervention_name>Odd/Even birth year intervention groups</intervention_name>
    <description>The nostril used and order of testing will be different in each arm.</description>
    <arm_group_label>Even numbered birth year</arm_group_label>
    <arm_group_label>Odd numbered birth year</arm_group_label>
  </intervention>
  <biospec_retention>Samples Without DNA</biospec_retention>
  <biospec_descr>
    <textblock>
      Patients will return at the following times to complete the same battery of sample&#xD;
      collection:&#xD;
&#xD;
        -  7-9 days after initially testing positive;&#xD;
&#xD;
        -  14-18 days after initially testing positive;&#xD;
&#xD;
        -  28-42 days after initially testing positive. Additional visits, during which additional&#xD;
           samples could be collected may occur after 42 days if agreeable to the participants and&#xD;
           desired by the study investigators.&#xD;
    </textblock>
  </biospec_descr>
  <eligibility>
    <study_pop>
      <textblock>
        All patients who previously tested positive for SARS-CoV-2 virus at the Everett Clinic&#xD;
        within the last month will be contacted and evaluated based on the inclusion/exclusion&#xD;
        criteria.&#xD;
      </textblock>
    </study_pop>
    <sampling_method>Non-Probability Sample</sampling_method>
    <criteria>
      <textblock>
        Inclusion Criteria:&#xD;
&#xD;
          -  Existing patient of the Everett Clinic (i.e., has previously sought care)&#xD;
&#xD;
          -  Tested positive for SARS-CoV-2 virus (confirmed by RT-PCR) prior to time of enrollment&#xD;
&#xD;
        Exclusion Criteria:&#xD;
&#xD;
          -  Not able to demonstrate understanding of the study&#xD;
&#xD;
          -  Not able to safely travel to the clinic without endangering themselves or risking&#xD;
             exposing others to SARS-CoV-2&#xD;
&#xD;
          -  Medical history evidencing any of the following&#xD;
&#xD;
               -  Active nosebleed in the past 24 hours&#xD;
&#xD;
               -  Nasal surgery in the past two weeks&#xD;
&#xD;
               -  Chemotherapy treatment with low platelet and low white blood cell counts&#xD;
&#xD;
               -  Acute facial trauma&#xD;
&#xD;
          -  Advanced COVID-19 state that would preclude safe and feasible sample collection&#xD;
      </textblock>
    </criteria>
    <gender>All</gender>
    <minimum_age>N/A</minimum_age>
    <maximum_age>N/A</maximum_age>
  </eligibility>
  <overall_official>
    <last_name>Ethan Berke</last_name>
    <role>Principal Investigator</role>
    <affiliation>UnitedHealth Group Research &amp; Development</affiliation>
  </overall_official>
  <overall_official>
    <last_name>Yuan Tu</last_name>
    <role>Principal Investigator</role>
    <affiliation>OptumCare, Everett Clinic</affiliation>
  </overall_official>
  <overall_contact>
    <last_name>Ethan Berke</last_name>
    <phone>603/286-0376</phone>
    <email>ethan.berke@uhg.com</email>
  </overall_contact>
  <location>
    <facility>
      <name>Everett Clinic</name>
      <address>
        <city>Seattle</city>
        <state>Washington</state>
        <zip>98133</zip>
        <country>United States</country>
      </address>
    </facility>
    <status>Recruiting</status>
    <contact>
      <last_name>Yuan Po Tu, MD</last_name>
    </contact>
  </location>
  <location_countries>
    <country>United States</country>
  </location_countries>
  <reference>
    <citation>Coronavirus Disease 2019 (COVID-19) in the US. Centers for Disease Control and Prevention, accessed March 24, 2020. https://www.cdc.gov/coronavirus/2019-ncov/cases-in-us.html</citation>
  </reference>
  <reference>
    <citation>Padilla, Mariel. &quot; 'It feels like a war zone': Doctors and Nurses Plead for Masks on Social Media&quot;. New York Times, March 19, 2020</citation>
  </reference>
  <reference>
    <citation>Frosch, Dan, et al. &quot;Coronavirus Testing Chaos Across America&quot;. Wall Street Journal, March 19, 2020</citation>
  </reference>
  <verification_date>April 2020</verification_date>
  <study_first_submitted>March 26, 2020</study_first_submitted>
  <study_first_submitted_qc>March 26, 2020</study_first_submitted_qc>
  <study_first_posted type="Actual">March 31, 2020</study_first_posted>
  <last_update_submitted>April 10, 2020</last_update_submitted>
  <last_update_submitted_qc>April 10, 2020</last_update_submitted_qc>
  <last_update_posted type="Actual">April 14, 2020</last_update_posted>
  <responsible_party>
    <responsible_party_type>Sponsor-Investigator</responsible_party_type>
    <investigator_affiliation>UnitedHealth Group</investigator_affiliation>
    <investigator_full_name>Dr. Deneen Vojta</investigator_full_name>
    <investigator_title>Executive Vice President and Chief Medical Officer</investigator_title>
  </responsible_party>
  <condition_browse>
    <!-- CAUTION:  The following MeSH terms are assigned with an imperfect algorithm            -->
    <mesh_term>Coronavirus Infections</mesh_term>
    <mesh_term>Severe Acute Respiratory Syndrome</mesh_term>
  </condition_browse>
  <patient_data>
    <sharing_ipd>Yes</sharing_ipd>
    <ipd_description>Four data sources will be recorded for each patient who consents to participate in the study:&#xD;
Electronic medical record (EMR);&#xD;
Results of testing from the foam and polyester nasal swab samples;&#xD;
Results of any blood testing performed on the blood samples;&#xD;
Responses to a set of standard questions posed to each participant.</ipd_description>
    <ipd_info_type>Study Protocol</ipd_info_type>
    <ipd_info_type>Statistical Analysis Plan (SAP)</ipd_info_type>
    <ipd_info_type>Informed Consent Form (ICF)</ipd_info_type>
    <ipd_time_frame>2 months</ipd_time_frame>
    <ipd_access_criteria>The data collected due to this study will be extracted from the medical record and stored for additional research analysis to demonstrate equivalence between location in the two nasal swabs. Blood samples will be delivered to PATH and the Mayo Clinic for storage and analysis. Patients may not have access to these samples or the blood features derived from them after sample collection. Data will be shared between the participating clinics, UHG and collaborating partners performing the analysis of the samples and returning results.</ipd_access_criteria>
  </patient_data>
  <!-- Results have not yet been posted for this study                                          -->
</clinical_study>

