<?xml version="1.0" encoding="UTF-8"?>
<clinical_study rank="2571">
  <!-- This xml conforms to an XML Schema at:
    https://clinicaltrials.gov/ct2/html/images/info/public.xsd -->
  <required_header>
    <download_date>ClinicalTrials.gov processed this data on April 14, 2021</download_date>
    <link_text>Link to the current ClinicalTrials.gov record.</link_text>
    <url>https://clinicaltrials.gov/show/NCT04279899</url>
  </required_header>
  <id_info>
    <org_study_id>CHFudanU_NNICU14</org_study_id>
    <nct_id>NCT04279899</nct_id>
  </id_info>
  <brief_title>The Investigation of the Neonates With or With Risk of COVID-19</brief_title>
  <official_title>A Multicenter Observational Study of the Perinatal-neonatal Population With or With Risk of COVID-19 in China</official_title>
  <sponsors>
    <lead_sponsor>
      <agency>Children's Hospital of Fudan University</agency>
      <agency_class>Other</agency_class>
    </lead_sponsor>
  </sponsors>
  <source>Children's Hospital of Fudan University</source>
  <oversight_info>
    <is_fda_regulated_drug>No</is_fda_regulated_drug>
    <is_fda_regulated_device>No</is_fda_regulated_device>
  </oversight_info>
  <brief_summary>
    <textblock>
      Since December 2019, there has been an outbreak of novel coronavirus pneumonia in China. As&#xD;
      of February 18, 2020, 72,530 cases confirmed with 2019 coronavirus disease(COVID-19) have&#xD;
      been reported and 1,870 deaths were declared. Until now, cases of COVID-19 have been reported&#xD;
      in 26 countries. This observational study aims to analysis the clinical features of neonates&#xD;
      with COVID-19 and the neonates born to mother with COVID-19.&#xD;
    </textblock>
  </brief_summary>
  <detailed_description>
    <textblock>
      Given that severe acute respiratory syndrome coronavirus 2 (SARS-CoV-2) spreads rapidly and&#xD;
      is contagious to the general population, all the suspected or confirmed newborns will be&#xD;
      admitted to the neonatal departments in designated hospitals of China. In this study, the&#xD;
      diagnosis of neonatal SARS-CoV-2 infection is based on the criterion provided by National&#xD;
      Health Commission and the Chinese perinatal-neonatal SARS-CoV-2 Committee. All samples will&#xD;
      be treated as biohazardous material. SARS-CoV-2 will be tested in blood, cord blood, amniotic&#xD;
      fluid, placenta, respiratory tract, stool, urine from mothers or neonates. The medical&#xD;
      information questionnaires are classified into maternal and neonatal version, which include&#xD;
      demographic details, epidemical history, clinical manifestations, tests collected time and&#xD;
      results, imaging performed time and results and therapeutic data. Two researchers&#xD;
      independently checked and recorded the data to ensure the accuracy of the data.&#xD;
    </textblock>
  </detailed_description>
  <overall_status>Recruiting</overall_status>
  <start_date type="Actual">February 1, 2020</start_date>
  <completion_date type="Anticipated">December 31, 2023</completion_date>
  <primary_completion_date type="Anticipated">November 30, 2023</primary_completion_date>
  <study_type>Observational</study_type>
  <has_expanded_access>No</has_expanded_access>
  <study_design_info>
    <observational_model>Case-Only</observational_model>
    <time_perspective>Prospective</time_perspective>
  </study_design_info>
  <primary_outcome>
    <measure>The death of newborns with COVID-19</measure>
    <time_frame>The date of discharge，an average of 4 weeks after the admission</time_frame>
  </primary_outcome>
  <primary_outcome>
    <measure>The SARS-CoV-2 infection of neonates born to mothers with COVID-19</measure>
    <time_frame>within 7days after the admission</time_frame>
    <description>Neonates born to mothers with COVID-19 will be tested for SARS-CoV-2 after birth.Confirmed cases will meet the diagnosed criterion provided by National Health and Health Commission and the Chinese perinatal-neonatal SARS-CoV-2 Committee.</description>
  </primary_outcome>
  <secondary_outcome>
    <measure>The Chinese standardized Denver Developmental Screening Test (DDST) in neonates with or with risk of COVID-19</measure>
    <time_frame>Infants ( ≥35 weeks）are at 6 months after birth;Infants（&lt; 35weeks） are at a corrected age of 6 months.</time_frame>
    <description>The standardized DDST consists of 104 items and covers four areas of development: (a) personal/social, (b) fine motor/adaptive, (c) language, and (d) gross motor. In the present study, three trained professionals examined the children. The results of the DDST could be normal (no delays), suspect (2 or more caution items and/or 1 or more delays), abnormal (2 or more delays) or untestable (refusal of one or more items completely to the left of the age line or more than one item intersected by the age line in the 75-90% area). The children with suspect or abnormal results were retested 2 or 3 weeks later.</description>
  </secondary_outcome>
  <secondary_outcome>
    <measure>The small for gestational age newborns in the neonates born to mothers with COVID-19</measure>
    <time_frame>at birth</time_frame>
    <description>The small for gestational age infant is defined as live-born infants weighting less than the 10th percentile for gestational age (22 weeks+0 day to 36 weeks+6days).</description>
  </secondary_outcome>
  <secondary_outcome>
    <measure>The preterm delivery of neonates born to mothers with COVID-19</measure>
    <time_frame>at birth</time_frame>
    <description>The preterm infant is defined as the gestational age less than 37weeks+0day.The gestational age range is 22 weeks+0 day to 36 weeks+6days</description>
  </secondary_outcome>
  <secondary_outcome>
    <measure>The disease severity of neonates with COVID-19</measure>
    <time_frame>through study completion, estimated an average of 2 weeks</time_frame>
    <description>Infants with SARS-CoV-2 infection are classified into asymptomatic, mild infection and severe infection, according to the expert consensus provided by the Chinese</description>
  </secondary_outcome>
  <enrollment type="Anticipated">100</enrollment>
  <condition>Neonatal Infection</condition>
  <condition>Perinatal Problems</condition>
  <condition>Infectious Disease</condition>
  <eligibility>
    <study_pop>
      <textblock>
        The study participants will be recruited from all the designated hospitals in in 31&#xD;
        provinces/municipalities of the mainland of China during SARS-CoV-2 epidemic.&#xD;
      </textblock>
    </study_pop>
    <sampling_method>Non-Probability Sample</sampling_method>
    <criteria>
      <textblock>
        Inclusion Criteria:&#xD;
&#xD;
          -  The neonates with COVID-19,or neonates born by infected mothers&#xD;
&#xD;
        Exclusion Criteria:&#xD;
&#xD;
          -  The neonates with major anomalies&#xD;
      </textblock>
    </criteria>
    <gender>All</gender>
    <minimum_age>N/A</minimum_age>
    <maximum_age>28 Days</maximum_age>
    <healthy_volunteers>No</healthy_volunteers>
  </eligibility>
  <location>
    <facility>
      <name>Maternal and Child Health Hospital of Hubei Province</name>
      <address>
        <city>Wuhan</city>
        <state>Hubei</state>
        <zip>430070</zip>
        <country>China</country>
      </address>
    </facility>
    <status>Recruiting</status>
    <contact>
      <last_name>Shiwen Xia, M.D.</last_name>
      <phone>18971025669</phone>
      <email>shiwenxia66@163.com</email>
    </contact>
  </location>
  <location>
    <facility>
      <name>Children Hospital of Fudan University</name>
      <address>
        <city>Shanghai</city>
        <state>Shanghai</state>
        <zip>201102</zip>
        <country>China</country>
      </address>
    </facility>
    <status>Not yet recruiting</status>
    <contact>
      <last_name>Wenhao Zhou, Doctor</last_name>
      <phone>(+86)021-64931003</phone>
      <email>zwhchfu@126.com</email>
    </contact>
  </location>
  <location_countries>
    <country>China</country>
  </location_countries>
  <verification_date>March 2021</verification_date>
  <study_first_submitted>February 18, 2020</study_first_submitted>
  <study_first_submitted_qc>February 19, 2020</study_first_submitted_qc>
  <study_first_posted type="Actual">February 21, 2020</study_first_posted>
  <last_update_submitted>March 7, 2021</last_update_submitted>
  <last_update_submitted_qc>March 7, 2021</last_update_submitted_qc>
  <last_update_posted type="Actual">March 9, 2021</last_update_posted>
  <responsible_party>
    <responsible_party_type>Sponsor</responsible_party_type>
  </responsible_party>
  <condition_browse>
    <!-- CAUTION:  The following MeSH terms are assigned with an imperfect algorithm            -->
    <mesh_term>Communicable Diseases</mesh_term>
    <mesh_term>Infection</mesh_term>
  </condition_browse>
  <!-- Results have not yet been posted for this study                                          -->
</clinical_study>

