<?xml version="1.0" encoding="UTF-8"?>
<clinical_study rank="2538">
  <!-- This xml conforms to an XML Schema at:
    https://clinicaltrials.gov/ct2/html/images/info/public.xsd -->
  <required_header>
    <download_date>ClinicalTrials.gov processed this data on April 14, 2021</download_date>
    <link_text>Link to the current ClinicalTrials.gov record.</link_text>
    <url>https://clinicaltrials.gov/show/NCT04273529</url>
  </required_header>
  <id_info>
    <org_study_id>20200214-COVID-19-M-T</org_study_id>
    <nct_id>NCT04273529</nct_id>
  </id_info>
  <brief_title>The Efficacy and Safety of Thalidomide in the Adjuvant Treatment of Moderate New Coronavirus (COVID-19) Pneumonia</brief_title>
  <official_title>The Efficacy and Safety of Thalidomide in the Adjuvant Treatment of Moderate New Coronavirus (COVID-19) Pneumonia: a Prospective, Multicenter, Randomized, Double-blind, Placebo, Parallel Controlled Clinical Study</official_title>
  <sponsors>
    <lead_sponsor>
      <agency>First Affiliated Hospital of Wenzhou Medical University</agency>
      <agency_class>Other</agency_class>
    </lead_sponsor>
    <collaborator>
      <agency>Second Affiliated Hospital of Wenzhou Medical University</agency>
      <agency_class>Other</agency_class>
    </collaborator>
    <collaborator>
      <agency>Wenzhou Central Hospital</agency>
      <agency_class>Other</agency_class>
    </collaborator>
  </sponsors>
  <source>First Affiliated Hospital of Wenzhou Medical University</source>
  <oversight_info>
    <has_dmc>Yes</has_dmc>
    <is_fda_regulated_drug>No</is_fda_regulated_drug>
    <is_fda_regulated_device>No</is_fda_regulated_device>
    <is_us_export>No</is_us_export>
  </oversight_info>
  <brief_summary>
    <textblock>
      In December 2019, Wuhan, in Hubei province, China, became the center of an outbreak of&#xD;
      pneumonia of unknown cause. In a short time, Chinese scientists had shared the genome&#xD;
      information of a novel coronavirus (2019-nCoV) from these pneumonia patients and developed a&#xD;
      real-time reverse transcription PCR (real time RT-PCR) diagnostic assay.&#xD;
&#xD;
      In view of the fact that there is currently no effective antiviral therapy, the prevention or&#xD;
      treatment of lung injury caused by COVID-19 can be an alternative target for current&#xD;
      treatment. Thalidomide has anti-inflammatory, anti-fibrotic, anti-angiogenesis, and immune&#xD;
      regulation effects. This study is the first Prospective, Multicenter, Randomized,&#xD;
      Double-blind, Placebo, Parallel Controlled Clinical Study at home and abroad to use&#xD;
      immunomodulators to treat patients with COVID-19 infection.&#xD;
    </textblock>
  </brief_summary>
  <detailed_description>
    <textblock>
      The new coronavirus (COVID-19) [1] belongs to the new beta coronavirus. Current research&#xD;
      shows that it has 85% homology with bat SARS-like coronavirus (bat-SL-CoVZC45), but its&#xD;
      genetic characteristics are similar to SARSr-CoV. There is a clear difference from MERSr-COV.&#xD;
      Since December 2019, Wuhan City, Hubei Province has successively found multiple cases of&#xD;
      patients with pneumonia infected by a new type of coronavirus. With the spread of the&#xD;
      epidemic, as of 12:00 on February 12, 2020, a total of 44726 confirmed cases nationwide&#xD;
      (Hubei Province) 33,366 cases, accounting for 74.6%), with 1,114 deaths (1068 cases in Hubei&#xD;
      Province), and a mortality rate of 2.49% (3.20% in Hubei Province).&#xD;
&#xD;
      In view of the fact that there is currently no effective antiviral therapy, the prevention or&#xD;
      treatment of lung injury caused by COVID-19 can be an alternative target for current&#xD;
      treatment. Thalidomide has anti-inflammatory, anti-fibrotic, anti-angiogenesis, and immune&#xD;
      regulation effects. In the early clinical practice of treating severe A H1N1, it was&#xD;
      clinically concerned, and combined with hormones and conventional treatment, and achieved&#xD;
      good results.&#xD;
&#xD;
      Although the death rate of COVID-19 infected persons is not high, their rapid infectiousness&#xD;
      and the lack of effective antiviral treatment currently have become the focus of the national&#xD;
      and international epidemic. Thalidomide has been available for more than sixty years, and has&#xD;
      been widely used in clinical applications. It has been proved to be safe and effective in&#xD;
      IPF, severe H1N1 influenza lung injury and paraquat poisoning lung injury, and the mechanism&#xD;
      of anti-inflammatory and anti-fibrosis is relatively clear. As the current research on&#xD;
      COVID-19 at home and abroad mainly focuses on the exploration of antiviral efficacy, this&#xD;
      study intends to find another way to start with host treatment in the case that antiviral is&#xD;
      difficult to overcome in the short term, in order to control or relieve lung inflammation&#xD;
      caused by the virus To improve lung function. This study is the first study at home and&#xD;
      abroad to use immunomodulators to treat patients with COVID-19 infection. It is hoped that&#xD;
      the patients can get out of the bitter sea as soon as possible and provide effective&#xD;
      solutions for the country and society.&#xD;
    </textblock>
  </detailed_description>
  <overall_status>Not yet recruiting</overall_status>
  <start_date type="Anticipated">February 20, 2020</start_date>
  <completion_date type="Anticipated">June 30, 2020</completion_date>
  <primary_completion_date type="Anticipated">May 30, 2020</primary_completion_date>
  <phase>Phase 2</phase>
  <study_type>Interventional</study_type>
  <has_expanded_access>No</has_expanded_access>
  <study_design_info>
    <allocation>Randomized</allocation>
    <intervention_model>Parallel Assignment</intervention_model>
    <primary_purpose>Treatment</primary_purpose>
    <masking>Quadruple (Participant, Care Provider, Investigator, Outcomes Assessor)</masking>
  </study_design_info>
  <primary_outcome>
    <measure>Time to Clinical recoveryTime to Clinical Recovery (TTCR)</measure>
    <time_frame>up to 28 days</time_frame>
    <description>TTCR is defined as the time (in hours) from initiation of study treatment (active or placebo) until normalisation of fever, respiratory rate, and oxygen saturation, and alleviation of cough, sustained for at least 72 hours. Normalisation and alleviation criteria:&#xD;
Fever - ≤36.6°C or -axilla, ≤37.2 °C oral or ≤37.8°C rectal or tympanic, Respiratory rate - ≤24/minute on room air, Oxygen saturation - &gt;94% on room air, Cough - mild or absent on a patient reported scale of severe, moderate, mild, absent.</description>
  </primary_outcome>
  <secondary_outcome>
    <measure>All cause mortality</measure>
    <time_frame>up to 28 days</time_frame>
    <description>baseline SpO2 during screening, PaO2/FiO2 &lt;300mmHg or a respiratory rate ≥ 24 breaths per min without supplemental oxygen</description>
  </secondary_outcome>
  <secondary_outcome>
    <measure>Frequency of respiratory progression</measure>
    <time_frame>up to 28 days</time_frame>
    <description>Defined as SPO2≤ 94% on room air or PaO2/FiO2 &lt;300mmHg and requirement for supplemental oxygen or more advanced ventilator support.</description>
  </secondary_outcome>
  <secondary_outcome>
    <measure>Time to defervescence</measure>
    <time_frame>up to 28 days</time_frame>
    <description>in those with fever at enrolment</description>
  </secondary_outcome>
  <other_outcome>
    <measure>Time to cough reported as mild or absent</measure>
    <time_frame>up to 28 days</time_frame>
    <description>in those with cough at enrolment rated severe or moderate</description>
  </other_outcome>
  <other_outcome>
    <measure>Respiratory improvement time</measure>
    <time_frame>up to 28 days</time_frame>
    <description>patients with moderate / severe dyspnea when enrolled</description>
  </other_outcome>
  <other_outcome>
    <measure>Frequency of requirement for supplemental oxygen or non-invasive ventilation</measure>
    <time_frame>up to 28 days</time_frame>
  </other_outcome>
  <other_outcome>
    <measure>Time to 2019-nCoV RT-PCR negative in upper respiratory tract specimen</measure>
    <time_frame>up to 28 days</time_frame>
  </other_outcome>
  <other_outcome>
    <measure>Change (reduction) in 2019-nCoV viral load in upper respiratory tract specimen as assessed by area under viral load curve</measure>
    <time_frame>up to 28 days</time_frame>
  </other_outcome>
  <other_outcome>
    <measure>Frequency of requirement for mechanical ventilation</measure>
    <time_frame>up to 28 days</time_frame>
  </other_outcome>
  <other_outcome>
    <measure>Frequency of serious adverse events</measure>
    <time_frame>up to 28 days</time_frame>
  </other_outcome>
  <other_outcome>
    <measure>Serum TNF-α, IL-1β, IL-2, IL-6, IL-7, IL-10, GSCF, IP10，MCP1, MIP1α and other cytokine expression levels before and after treatment</measure>
    <time_frame>up to 28 days</time_frame>
  </other_outcome>
  <number_of_arms>2</number_of_arms>
  <enrollment type="Anticipated">100</enrollment>
  <condition>COVID-19 Thalidomide</condition>
  <arm_group>
    <arm_group_label>Control group</arm_group_label>
    <arm_group_type>Placebo Comparator</arm_group_type>
    <description>placebo</description>
  </arm_group>
  <arm_group>
    <arm_group_label>Thalidomide group</arm_group_label>
    <arm_group_type>Experimental</arm_group_type>
    <description>thalidomide</description>
  </arm_group>
  <intervention>
    <intervention_type>Drug</intervention_type>
    <intervention_name>thalidomide</intervention_name>
    <description>100mg，po，qn，for 14 days.</description>
    <arm_group_label>Thalidomide group</arm_group_label>
    <other_name>fanyingting</other_name>
  </intervention>
  <intervention>
    <intervention_type>Drug</intervention_type>
    <intervention_name>placebo</intervention_name>
    <description>100mg，po，qn，for 14 days.</description>
    <arm_group_label>Control group</arm_group_label>
  </intervention>
  <eligibility>
    <criteria>
      <textblock>
        Inclusion Criteria:&#xD;
&#xD;
          1. Age ≥18 years;&#xD;
&#xD;
          2. Laboratory (RT-PCR) diagnosis of common patients infected with COVID-19 (refer to the&#xD;
             fifth edition of the Chinese Guidelines for Diagnosis and Treatment);&#xD;
&#xD;
          3. chest imaging confirmed lung damage;&#xD;
&#xD;
          4. The diagnosis is less than or equal to 8 days;&#xD;
&#xD;
        Exclusion Criteria:&#xD;
&#xD;
          1. Severe liver disease (such as Child Pugh score ≥ C, AST&gt; 5 times the upper limit);&#xD;
             severe renal dysfunction (the glomerulus is 30ml / min / 1.73m2 or less)&#xD;
&#xD;
          2. Positive pregnancy or breastfeeding or pregnancy test;&#xD;
&#xD;
          3. In the 30 days before the screening assessment, have taken any experimental treatment&#xD;
             drugs for COVID-19 (including off-label, informed consent use or trial-related);&#xD;
&#xD;
          4. Those with a history of thromboembolism, except for those caused by PICC.&#xD;
      </textblock>
    </criteria>
    <gender>All</gender>
    <minimum_age>18 Years</minimum_age>
    <maximum_age>N/A</maximum_age>
    <healthy_volunteers>No</healthy_volunteers>
  </eligibility>
  <overall_official>
    <last_name>Jinglin Xia, MD</last_name>
    <role>Principal Investigator</role>
    <affiliation>First Affiliated Hospital of Wenzhou Medical University</affiliation>
  </overall_official>
  <overall_contact>
    <last_name>Jinglin Xia, MD</last_name>
    <phone>0577-55578166</phone>
    <email>xiajinglin@fudan.edu.cn</email>
  </overall_contact>
  <reference>
    <citation>Zhao L, Xiao K, Wang H, Wang Z, Sun L, Zhang F, Zhang X, Tang F, He W. Thalidomide has a therapeutic effect on interstitial lung fibrosis: evidence from in vitro and in vivo studies. Clin Exp Immunol. 2009 Aug;157(2):310-5. doi: 10.1111/j.1365-2249.2009.03962.x.</citation>
    <PMID>19604271</PMID>
  </reference>
  <reference>
    <citation>Russell CD, Millar JE, Baillie JK. Clinical evidence does not support corticosteroid treatment for 2019-nCoV lung injury. Lancet. 2020 Feb 15;395(10223):473-475. doi: 10.1016/S0140-6736(20)30317-2. Epub 2020 Feb 7.</citation>
    <PMID>32043983</PMID>
  </reference>
  <reference>
    <citation>Jin YH, Cai L, Cheng ZS, Cheng H, Deng T, Fan YP, Fang C, Huang D, Huang LQ, Huang Q, Han Y, Hu B, Hu F, Li BH, Li YR, Liang K, Lin LK, Luo LS, Ma J, Ma LL, Peng ZY, Pan YB, Pan ZY, Ren XQ, Sun HM, Wang Y, Wang YY, Weng H, Wei CJ, Wu DF, Xia J, Xiong Y, Xu HB, Yao XM, Yuan YF, Ye TS, Zhang XC, Zhang YW, Zhang YG, Zhang HM, Zhao Y, Zhao MJ, Zi H, Zeng XT, Wang YY, Wang XH; , for the Zhongnan Hospital of Wuhan University Novel Coronavirus Management and Research Team, Evidence-Based Medicine Chapter of China International Exchange and Promotive Association for Medical and Health Care (CPAM). A rapid advice guideline for the diagnosis and treatment of 2019 novel coronavirus (2019-nCoV) infected pneumonia (standard version). Mil Med Res. 2020 Feb 6;7(1):4. doi: 10.1186/s40779-020-0233-6.</citation>
    <PMID>32029004</PMID>
  </reference>
  <reference>
    <citation>Wang D, Hu B, Hu C, Zhu F, Liu X, Zhang J, Wang B, Xiang H, Cheng Z, Xiong Y, Zhao Y, Li Y, Wang X, Peng Z. Clinical Characteristics of 138 Hospitalized Patients With 2019 Novel Coronavirus-Infected Pneumonia in Wuhan, China. JAMA. 2020 Mar 17;323(11):1061-1069. doi: 10.1001/jama.2020.1585. Erratum in: JAMA. 2021 Mar 16;325(11):1113.</citation>
    <PMID>32031570</PMID>
  </reference>
  <reference>
    <citation>Wen H, Ma H, Cai Q, Lin S, Lei X, He B, Wu S, Wang Z, Gao Y, Liu W, Liu W, Tao Q, Long Z, Yan M, Li D, Kelley KW, Yang Y, Huang H, Liu Q. Recurrent ECSIT mutation encoding V140A triggers hyperinflammation and promotes hemophagocytic syndrome in extranodal NK/T cell lymphoma. Nat Med. 2018 Feb;24(2):154-164. doi: 10.1038/nm.4456. Epub 2018 Jan 1.</citation>
    <PMID>29291352</PMID>
  </reference>
  <reference>
    <citation>Kwon HY, Han YJ, Im JH, Baek JH, Lee JS. Two cases of immune reconstitution inflammatory syndrome in HIV patients treated with thalidomide. Int J STD AIDS. 2019 Oct;30(11):1131-1135. doi: 10.1177/0956462419847297. Epub 2019 Sep 19.</citation>
    <PMID>31533530</PMID>
  </reference>
  <reference>
    <citation>Zhu H, Shi X, Ju D, Huang H, Wei W, Dong X. Anti-inflammatory effect of thalidomide on H1N1 influenza virus-induced pulmonary injury in mice. Inflammation. 2014 Dec;37(6):2091-8. doi: 10.1007/s10753-014-9943-9.</citation>
    <PMID>24912813</PMID>
  </reference>
  <results_reference>
    <citation>Bartlett JB, Dredge K, Dalgleish AG. The evolution of thalidomide and its IMiD derivatives as anticancer agents. Nat Rev Cancer. 2004 Apr;4(4):314-22. doi: 10.1038/nrc1323. Review.</citation>
    <PMID>15057291</PMID>
  </results_reference>
  <verification_date>February 2020</verification_date>
  <study_first_submitted>February 14, 2020</study_first_submitted>
  <study_first_submitted_qc>February 14, 2020</study_first_submitted_qc>
  <study_first_posted type="Actual">February 18, 2020</study_first_posted>
  <last_update_submitted>February 19, 2020</last_update_submitted>
  <last_update_submitted_qc>February 19, 2020</last_update_submitted_qc>
  <last_update_posted type="Actual">February 21, 2020</last_update_posted>
  <responsible_party>
    <responsible_party_type>Sponsor</responsible_party_type>
  </responsible_party>
  <condition_browse>
    <!-- CAUTION:  The following MeSH terms are assigned with an imperfect algorithm            -->
    <mesh_term>Pneumonia</mesh_term>
  </condition_browse>
  <intervention_browse>
    <!-- CAUTION:  The following MeSH terms are assigned with an imperfect algorithm            -->
    <mesh_term>Thalidomide</mesh_term>
  </intervention_browse>
  <!-- Results have not yet been posted for this study                                          -->
</clinical_study>

