<?xml version="1.0" encoding="UTF-8"?>
<clinical_study rank="4402">
  <!-- This xml conforms to an XML Schema at:
    https://clinicaltrials.gov/ct2/html/images/info/public.xsd -->
  <required_header>
    <download_date>ClinicalTrials.gov processed this data on April 14, 2021</download_date>
    <link_text>Link to the current ClinicalTrials.gov record.</link_text>
    <url>https://clinicaltrials.gov/show/NCT04325867</url>
  </required_header>
  <id_info>
    <org_study_id>GTP0032</org_study_id>
    <nct_id>NCT04325867</nct_id>
  </id_info>
  <brief_title>Integrated Distance Management Strategy for Patients With Cardiovascular Diseases in the Context of COVID-19</brief_title>
  <acronym>eCardioCovid19</acronym>
  <official_title>Integrated Distance Management Strategy for Patients With Cardiovascular Disease (Ischaemic Coronary Artery Disease, High Blood Pressure, Heart Failure) in the Context of the COVID-19 Pandemic</official_title>
  <sponsors>
    <lead_sponsor>
      <agency>Professor Adrian Covic</agency>
      <agency_class>Other</agency_class>
    </lead_sponsor>
    <collaborator>
      <agency>Medical Sciences Academy - Romania</agency>
      <agency_class>Other</agency_class>
    </collaborator>
    <collaborator>
      <agency>Victor Babes Clinical Hospital of Infectious Diseases - Bucharest</agency>
      <agency_class>Other</agency_class>
    </collaborator>
  </sponsors>
  <source>Grigore T. Popa University of Medicine and Pharmacy</source>
  <oversight_info>
    <has_dmc>Yes</has_dmc>
    <is_fda_regulated_drug>No</is_fda_regulated_drug>
    <is_fda_regulated_device>No</is_fda_regulated_device>
  </oversight_info>
  <brief_summary>
    <textblock>
      Management of known patients with cardiovascular disease (in particular the whole spectrum of&#xD;
      atherosclerotic ischaemic coronary artery disease, essential hypertension under treatment,&#xD;
      and also patients with chronic heart failure under medication) and with other associated&#xD;
      chronic pathologies, with obvious effects on the management of the pandemic with modern /&#xD;
      distance means (e-Health) of patients at high risk of mortality in contact with coronavirus.&#xD;
&#xD;
      Given the Covid-19 Pandemic, all the above complex cardiovascular patients are under the&#xD;
      obligation to stay in the house isolated and can no longer come to standard clinical and&#xD;
      paraclinical monitoring and control visits. Therefore, a remote management solution&#xD;
      (tele-medicine) of these patients must be found.&#xD;
&#xD;
      The Investigators endeavour is to create an electronic platform to communicate with these&#xD;
      patients and offer solutions for their cardiovascular health issues (including psychological&#xD;
      and religious problems due to isolation).&#xD;
&#xD;
      The Investigators intend to create this platform for communicating with a patient and&#xD;
      stratify their complaints in risk levels. A given specialist will sort and classify their&#xD;
      needs on a scale, based on specific algorithms (derived from the clinical European&#xD;
      Cardiovascular Guidelines), and generate specific protocols varying from 911 like emergencies&#xD;
      to cardiological advices or psychological sessions. These could include medication changing&#xD;
      of doses, dietary advices or exercise restrictions. Moreover, in those patients suspected of&#xD;
      COVID infection, special assistance should be provided per protocol.&#xD;
    </textblock>
  </brief_summary>
  <detailed_description>
    <textblock>
      Specific objective 1: Establishing the risk profile of the patient with cardiovascular&#xD;
      disease&#xD;
&#xD;
      Specific objective 2: Development of an electronic (e-HEALTH) framework structure for&#xD;
      management of patients with known cardiovascular disease in COVID19 pandemic social context&#xD;
&#xD;
      (Cardiology specialists, interventional cardiology, cardiovascular surgery, oncology,&#xD;
      infectious diseases, diabetologists, family doctors, psychologists / psychiatrists, priests&#xD;
      and religious advisors).&#xD;
&#xD;
        -  the patient is included in the AngioNET research database and automatically creates an&#xD;
           account on the M platform and gives the consent for the data transfer on the platform or&#xD;
           the patient registers directly on the M platform and uploads his medical data (analysis&#xD;
           and imaging) to his personal account;&#xD;
&#xD;
        -  patients complete the section with data specific to the coronavirus pandemic;&#xD;
&#xD;
        -  the patients select the type of consultation they request and they are redirected to&#xD;
           specific sections with dedicated multidisciplinary teams;&#xD;
&#xD;
        -  patients come into direct contact with the case coordinator, who provides ongoing&#xD;
           assistance, including for connecting to devices that ensure real-time data transmission&#xD;
           and directing to specialist teams that establish stage diagnosis and management /&#xD;
           therapy behavior (including adjustment). doses, decisions to discontinue medication or&#xD;
           to add medication);&#xD;
&#xD;
        -  the classification of patients in emergency categories and the follow-up of specific&#xD;
           trajectories:&#xD;
&#xD;
        -  1 - 911 for transporting patients to the hospital in an emergency (for cardiovascular&#xD;
           emergencies or COVID symptoms);&#xD;
&#xD;
        -  2 - adjusted drug therapy, followed by accelerated monitoring for periodic evaluations&#xD;
           in order to decide to pass in category 1 or 3;&#xD;
&#xD;
        -  3 - establishing drug treatment and monitoring. Over all these categories, specific&#xD;
           protection measures in the case of coronavirus infection overlap&#xD;
&#xD;
        -  monitoring the short and medium term evolution of patients in isolation (vital&#xD;
           parameters, transmitted through the provided wireless devices)&#xD;
&#xD;
        -  Detailed / and largely based protocols will be developed based on the recommendations of&#xD;
           the Guidelines, but also on the experts' opinion and on the local expertise (pandemic,&#xD;
           national emergency) for at least three categories.&#xD;
&#xD;
      Deliverables for specific objectives:&#xD;
&#xD;
        -  functional management platform for patients with cardiovascular disease, bodily and&#xD;
           intangible assets necessary for the functioning of the platform;&#xD;
&#xD;
        -  multidisciplinary teams with the reaction speed adapted to the specific of each case /&#xD;
           emergency category;&#xD;
&#xD;
        -  emergency counseling schemes, including psychological and religious counseling;&#xD;
&#xD;
        -  collection, interpretation and processing conclusions given in management optimization&#xD;
           policies for patients with cardiovascular diseases.&#xD;
&#xD;
      Specific objective 3: Procedures regarding interventions on categories classified by&#xD;
      cardiovascular emergencies&#xD;
&#xD;
      Activities for achieving the objective:&#xD;
&#xD;
        -  elaboration of procedures on categories of emergencies in the presence of coronavirus:&#xD;
           1- urgent interventional / surgical / hybrid therapy; 2- short-term drug treatment for&#xD;
           the subsequent therapeutic intervention; 3 - drug treatment for cardiovascular pathology&#xD;
           doubled by coronavirus treatment&#xD;
&#xD;
        -  follow-up for obtaining medical data, including epidemiological and related to the&#xD;
           environmental parameters at the place where the patient belongs and their processing for&#xD;
           the purpose of optimizing public health measures in patients with cardiovascular&#xD;
           diseases&#xD;
&#xD;
      Specific objective 4: Campaign to promote the distance management method through specific&#xD;
      e-Health methods to mitigate the psychological impact of using the distance diagnosis and&#xD;
      treatment and implementing the procedures&#xD;
&#xD;
      The social pressure brought about by isolation of patients who would otherwise have benefited&#xD;
      from frequent outpatient consultations for various problems, such as: adjusting doses of&#xD;
      antihypertensive treatment, managing sporadic chest pain, managing body weight and diuresis&#xD;
      in patients with heart failure, adjusting the schema, treatment based on heart rate and&#xD;
      diuretic doses, chronic oral anticoagulant treatment or management of supraventricular&#xD;
      tachyarrhythmias or extrasystolys at home.&#xD;
&#xD;
      In addition, isolation at home puts another kind of pressure (psychic in essence) on the&#xD;
      patients who are also suffering from the mentioned chronic pathology. These patients bring&#xD;
      the stress of isolation in relation to their own person, family / contacts, but also with the&#xD;
      medical team in possible digital / wireless contact.&#xD;
&#xD;
      At this time, there are no management protocols for patients with such a degree of&#xD;
      complexity, the telemetry problem being only isolated, as far as local resources and specific&#xD;
      objectives are concerned, in no case viewed in their entirety.&#xD;
&#xD;
      The major problem that arises with the isolation of these patients is that they cannot be&#xD;
      admitted to hospitals for problems of low severity compared to the current territorial&#xD;
      capacities, and at the same time, they cannot be left unattended - by abolishing / blocking&#xD;
      the medical activity in the specialized outpatient clinics. .&#xD;
&#xD;
      It cannot be said that there is similar experience with the current epidemiological situation&#xD;
      and there are no Guides or directions of institutionalized medical practice.&#xD;
&#xD;
      This particular situation more likely makes experts to witness an increase in the&#xD;
      complications of cardiovascular diseases through the lack of direct management (heart failure&#xD;
      compensations), early and long-term complications of tension jumps or uncontrolled tension&#xD;
      values, and possibly acute coronary syndromes).&#xD;
&#xD;
      Moreover, the coronary patients who are instrumented by stenting, see the impossibility to&#xD;
      come to the periodic checks at 1 month, 3 months, 6 months, 9 months and one year after the&#xD;
      coronary stenting, as there is no alternative solution to the closure of the outpatients.&#xD;
&#xD;
      Specific objective 5: Evaluation of the social, environmental and economic impact determined&#xD;
      by the proposed management system&#xD;
&#xD;
        -  impact study: social (physical and mental health, religion contributions and&#xD;
           technological development in the studied patient profile structure, interaction with&#xD;
           public and private health and social institutions) and quantifying the influence of&#xD;
           atmospheric pollution factors on the studied patients, risk maps depending on patient&#xD;
           location;&#xD;
&#xD;
        -  cost management model for the targeted patients, quantification of upstream and&#xD;
           downstream costs reduction, general impact on the costs in the health system, the social&#xD;
           system as well as the budget allocated from own sources by the patients / patients&#xD;
           involved.&#xD;
    </textblock>
  </detailed_description>
  <overall_status>Recruiting</overall_status>
  <start_date type="Actual">March 31, 2020</start_date>
  <completion_date type="Anticipated">October 1, 2020</completion_date>
  <primary_completion_date type="Anticipated">October 1, 2020</primary_completion_date>
  <phase>N/A</phase>
  <study_type>Interventional</study_type>
  <has_expanded_access>No</has_expanded_access>
  <study_design_info>
    <allocation>N/A</allocation>
    <intervention_model>Single Group Assignment</intervention_model>
    <intervention_model_description>All patients with severe cardiovascular disease benefit from this project</intervention_model_description>
    <primary_purpose>Health Services Research</primary_purpose>
    <masking>None (Open Label)</masking>
  </study_design_info>
  <primary_outcome>
    <measure>Providing a special electronic platform (e-health) for remote managing cardiovascular outpatients</measure>
    <time_frame>6 months</time_frame>
    <description>Development of an electronic (e-HEALTH) framework structure for management of patients with known cardiovascular disease in COVID19 pandemic social context</description>
  </primary_outcome>
  <primary_outcome>
    <measure>Number of patients included in this platform</measure>
    <time_frame>6 months</time_frame>
    <description>patients come into direct contact with the case coordinator, who provides ongoing assistance, including for connecting to devices that ensure real-time data transmission and directing to specialist teams that establish stage diagnosis and management / therapy behavior (including adjustment). doses, decisions to discontinue medication or to add medication);</description>
  </primary_outcome>
  <secondary_outcome>
    <measure>Number of consultations/sessions given</measure>
    <time_frame>6 months</time_frame>
    <description>Will be the number of sessions per patient multiplied with the number of patients included</description>
  </secondary_outcome>
  <number_of_arms>1</number_of_arms>
  <enrollment type="Anticipated">200</enrollment>
  <condition>Angina Pectoris</condition>
  <condition>Acute Coronary Syndrome</condition>
  <condition>Coronary Syndrome</condition>
  <condition>Coronary Artery Disease</condition>
  <condition>Angioplasty</condition>
  <condition>Stent Restenosis</condition>
  <condition>Hypertension</condition>
  <condition>Heart Failure, Systolic</condition>
  <condition>Depression, Anxiety</condition>
  <condition>Covid-19</condition>
  <condition>Isolation, Social</condition>
  <arm_group>
    <arm_group_label>All patients with known cardiovascular disease</arm_group_label>
    <arm_group_type>Experimental</arm_group_type>
    <description>All these patients will be provided an electronic account on a dedicated platform were they can be supervised and can call for advice / help.&#xD;
This kind of tele-medical project aims to keep these patients in a so-called proximity, monitoring their vital parameters, checking their medication and providing dedicated advices according to their complaints.&#xD;
Moreover, all these patients will receive digital watches with ecg-recording capabilities, thus a dedicated physician could correlate their symptoms with few clear paraclinical variables.&#xD;
All of these patients' complaints will be stratified according to elaborated protocols based on the European Cardiovascular Guidelines.&#xD;
Moreover, a psychologist and a chaplain will deal with their (new) problems due to social isolation.</description>
  </arm_group>
  <intervention>
    <intervention_type>Other</intervention_type>
    <intervention_name>Tele-medicine platform</intervention_name>
    <description>Electronic counselling of known pathology cardiovascular patients through a complex remote platform and dedicated experts. This project intend remote monitoring through wearable devices (e.g. ECG watches, pulse detectors, oximetry).</description>
    <arm_group_label>All patients with known cardiovascular disease</arm_group_label>
  </intervention>
  <eligibility>
    <criteria>
      <textblock>
        Inclusion Criteria:&#xD;
&#xD;
          -  all known cardiovascular patients from local Cardiology Clinics, with:&#xD;
&#xD;
               1. all spectrum of coronary syndromes (chronic to acute) +/- known coronary&#xD;
                  angioplasties;&#xD;
&#xD;
               2. treated arterial hypertension;&#xD;
&#xD;
               3. known congestive heart failure&#xD;
&#xD;
          -  AND isolated / quarantined recommendations (due to COVID 19 pandemic).&#xD;
&#xD;
        Exclusion Criteria:&#xD;
&#xD;
          -  refusal / denial to create an electronic account on this dedicated platform;&#xD;
&#xD;
          -  refusal to accept wearable devices (ecg watches, oximetry).&#xD;
      </textblock>
    </criteria>
    <gender>All</gender>
    <minimum_age>N/A</minimum_age>
    <maximum_age>N/A</maximum_age>
    <healthy_volunteers>No</healthy_volunteers>
  </eligibility>
  <overall_official>
    <last_name>Alexandru Burlacu, MD, PhD</last_name>
    <role>Principal Investigator</role>
    <affiliation>University of Medicine and Pharmacy &quot;Gr. T. Popa&quot; Iasi, Romania</affiliation>
  </overall_official>
  <overall_official>
    <last_name>Cristina Plesoianu, PhD</last_name>
    <role>Study Director</role>
    <affiliation>Medical Sciences Academy from Romania</affiliation>
  </overall_official>
  <overall_contact>
    <last_name>Alexandru Burlacu, MD, PhD</last_name>
    <phone>0040744488580</phone>
    <email>alexandru.burlacu@umfiasi.ro</email>
  </overall_contact>
  <location>
    <facility>
      <name>Medical Sciences Academy</name>
      <address>
        <city>Bucharest</city>
        <country>Romania</country>
      </address>
    </facility>
    <status>Recruiting</status>
    <contact>
      <last_name>Cristina Plesoianu, PhD</last_name>
      <phone>0040722270066</phone>
      <email>cristina.plesoianu@angionet.ro</email>
    </contact>
  </location>
  <location>
    <facility>
      <name>University of Medicine and Pharmacy Gr T Popa</name>
      <address>
        <city>Iasi</city>
        <zip>700503</zip>
        <country>Romania</country>
      </address>
    </facility>
    <status>Recruiting</status>
    <contact>
      <last_name>Alexandru Burlacu, MD, PhD</last_name>
      <phone>0040744488580</phone>
      <email>alexandru.burlacu@umfiasi.ro</email>
    </contact>
  </location>
  <location_countries>
    <country>Romania</country>
  </location_countries>
  <verification_date>March 2020</verification_date>
  <study_first_submitted>March 21, 2020</study_first_submitted>
  <study_first_submitted_qc>March 27, 2020</study_first_submitted_qc>
  <study_first_posted type="Actual">March 30, 2020</study_first_posted>
  <last_update_submitted>March 30, 2020</last_update_submitted>
  <last_update_submitted_qc>March 30, 2020</last_update_submitted_qc>
  <last_update_posted type="Actual">April 1, 2020</last_update_posted>
  <responsible_party>
    <responsible_party_type>Sponsor-Investigator</responsible_party_type>
    <investigator_affiliation>Grigore T. Popa University of Medicine and Pharmacy</investigator_affiliation>
    <investigator_full_name>Professor Adrian Covic</investigator_full_name>
    <investigator_title>Professor, Vice-rector</investigator_title>
  </responsible_party>
  <keyword>e-Health</keyword>
  <keyword>Tele-Medicine</keyword>
  <keyword>Remote medical surveillance</keyword>
  <keyword>psychological counseling</keyword>
  <condition_browse>
    <!-- CAUTION:  The following MeSH terms are assigned with an imperfect algorithm            -->
    <mesh_term>Heart Failure</mesh_term>
    <mesh_term>Cardiovascular Diseases</mesh_term>
    <mesh_term>Coronary Artery Disease</mesh_term>
    <mesh_term>Myocardial Ischemia</mesh_term>
    <mesh_term>Coronary Disease</mesh_term>
    <mesh_term>Acute Coronary Syndrome</mesh_term>
    <mesh_term>Angina Pectoris</mesh_term>
    <mesh_term>Heart Failure, Systolic</mesh_term>
    <mesh_term>Syndrome</mesh_term>
  </condition_browse>
  <patient_data>
    <sharing_ipd>Yes</sharing_ipd>
    <ipd_description>If this platform will be functional, we are willing to provide the system and protocols and know-how to other centers in Romania.</ipd_description>
    <ipd_info_type>Study Protocol</ipd_info_type>
    <ipd_info_type>Statistical Analysis Plan (SAP)</ipd_info_type>
    <ipd_info_type>Informed Consent Form (ICF)</ipd_info_type>
  </patient_data>
  <!-- Results have not yet been posted for this study                                          -->
</clinical_study>

