<?xml version="1.0" encoding="UTF-8"?>
<clinical_study rank="5409">
  <!-- This xml conforms to an XML Schema at:
    https://clinicaltrials.gov/ct2/html/images/info/public.xsd -->
  <required_header>
    <download_date>ClinicalTrials.gov processed this data on April 14, 2021</download_date>
    <link_text>Link to the current ClinicalTrials.gov record.</link_text>
    <url>https://clinicaltrials.gov/show/NCT04114864</url>
  </required_header>
  <id_info>
    <org_study_id>754702</org_study_id>
    <nct_id>NCT04114864</nct_id>
  </id_info>
  <brief_title>A Primary Prevention Intervention for the Promotion of Psycho-social Wellbeing in Adolescent Young Carers:</brief_title>
  <acronym>ME-WE</acronym>
  <official_title>A Primary Prevention Intervention for the Promotion of Psycho-social Wellbeing in Adolescent Young Carers: a Randomized Control Trial in the Project H2020 ME-WE</official_title>
  <sponsors>
    <lead_sponsor>
      <agency>Valentina Hlebec</agency>
      <agency_class>Other</agency_class>
    </lead_sponsor>
    <collaborator>
      <agency>LINNEUNIVERSITETET (LNU), Sweden (leading the consortium)</agency>
      <agency_class>Other</agency_class>
    </collaborator>
    <collaborator>
      <agency>EUROCARERS-ASSOCIATION EUROPEENNE TRAVAILLANT AVEC ET POUR LES</agency>
      <agency_class>Other</agency_class>
    </collaborator>
    <collaborator>
      <agency>THE UNIVERSITY OF SUSSEX (UoS), UK</agency>
      <agency_class>Other</agency_class>
    </collaborator>
    <collaborator>
      <agency>CARERS TRUST (Carers Trust), UK</agency>
      <agency_class>Other</agency_class>
    </collaborator>
    <collaborator>
      <agency>STIFTUNG KALAIDOS FACHHOCHSCHULE (Kalaidos FH), SW</agency>
      <agency_class>Other</agency_class>
    </collaborator>
    <collaborator>
      <agency>MINISTERIE VAN VOLKSGEZONDHEID, WELZIJN EN SPORT (NLNA), NL</agency>
      <agency_class>Other</agency_class>
    </collaborator>
    <collaborator>
      <agency>STICHTING VILANS (VILANS), NL</agency>
      <agency_class>Other</agency_class>
    </collaborator>
    <collaborator>
      <agency>ISTITUTO NAZIONALE DI RIPOSO E CURA PER ANZIANI INRCA (INRCA), IT</agency>
      <agency_class>Other</agency_class>
    </collaborator>
    <collaborator>
      <agency>ANZIANI E NON SOLO SOCIETA COOPERATIVA SOCIALE (ANZIANI E), IT</agency>
      <agency_class>Other</agency_class>
    </collaborator>
    <collaborator>
      <agency>UNIVERZA V LJUBLJANI (UL), SI</agency>
      <agency_class>Other</agency_class>
    </collaborator>
    <collaborator>
      <agency>Nationellt kompetenscentrum anhöriga (Nka), (Swedish Family Care Competence Centre), Kalmar, Sweden</agency>
      <agency_class>Other</agency_class>
    </collaborator>
  </sponsors>
  <source>University of Ljubljana</source>
  <oversight_info>
    <has_dmc>Yes</has_dmc>
    <is_fda_regulated_drug>No</is_fda_regulated_drug>
    <is_fda_regulated_device>No</is_fda_regulated_device>
  </oversight_info>
  <brief_summary>
    <textblock>
      Adolescent young carers (AYCs) are young people aged 15-17 years old, who take on significant&#xD;
      or substantial caring tasks and assume a level of responsibility that would usually be&#xD;
      associated with an adult. In Europe, the estimated prevalence rate of YCs is around&#xD;
      4-8%.Taking on care responsibilities so early in life may have considerable negative&#xD;
      consequences for YCs' mental and physical health and psychosocial development. Psychosocial&#xD;
      interventions to support YC worldwide are generally quite limited. The H2020 Me-We project&#xD;
      (Psychosocial Support for Promoting Mental Health and Well-being among Adolescent Young&#xD;
      Carers in Europe) aims to develop an innovative framework of primary prevention interventions&#xD;
      for adolescent YCs (AYCs) aged 15-17 to be tested in six European countries (Italy,&#xD;
      Netherlands, Slovenia, Sweden, Switzerland, United Kingdom).&#xD;
&#xD;
      The theoretical framework chosen for the intervention is the DNA-V Model. The DNA-V model is&#xD;
      a psychological intervention, addressed to adolescents and young people, used in educational&#xD;
      and clinical settings. This model has its roots in the contextual and functional science and&#xD;
      it is based on Acceptance and Commitment Therapy, a third-generation cognitive-behavioural&#xD;
      therapy. The intervention programme designed for the ME-WE project builds on the DNA-V model&#xD;
      but it was adapted to fit the specific needs of adolescent young carers (AYCs) and the goals&#xD;
      of the ME-WE project.&#xD;
&#xD;
      The study aim is to evaluate the efficacy of DNA-V based program for AYCs (so-called ME-WE&#xD;
      intervention), using a cluster-randomized controlled trial (C-RCT) design. The evaluation of&#xD;
      the intervention will be carried out using as primary outcome variables: Psychological&#xD;
      flexibility; Mindfulness skills; Resilience; Subjective mental health; Quality of life;&#xD;
      Subjective health complaints; Caring-related quality of life; Cognitive and emotional impact&#xD;
      of caring and Social support. As secondary outcome variables will be included Self-reported&#xD;
      school, training or work experience, performance, and attendance.&#xD;
&#xD;
      COVID-19 Amendment: Recruitment, should be moved to a cluster- based online recruitment or&#xD;
      individual, social media recruitment, face-to-face sessions should be moved to online&#xD;
      sessions using video-conferencing instruments, allowing for visual presentations of&#xD;
      participants and session materials (e.g. ZOOM, Microsoft Teams). Four open-ended items were&#xD;
      added to evaluation questionnaire assessing impact of COVID-19 pandemic.&#xD;
    </textblock>
  </brief_summary>
  <detailed_description>
    <textblock>
      Adolescent young carers (AYCs) are young people aged 15-17 years old, who take on significant&#xD;
      or substantial caring tasks and assume a level of responsibility that would usually be&#xD;
      associated with an adult. Often on a regular basis, they look after family member(s) with a&#xD;
      disability, chronic physical and/or mental health condition or substance use issue and/or&#xD;
      problems related to old age, who require support or supervision. In Europe, the estimated&#xD;
      prevalence rate of YCs is around 4-8%.&#xD;
&#xD;
      Taking on care responsibilities so early in life may have considerable negative consequences&#xD;
      for YCs' mental and physical health and psychosocial development. Furthermore, YCs likely&#xD;
      face difficulties in education that negatively impact their future employability and&#xD;
      socio-economic status and experience constraints in finding and maintaining employment and&#xD;
      pursuing their career aspirations.&#xD;
&#xD;
      Psychosocial interventions to support YC worldwide are generally quite limited. In order to&#xD;
      prevent the entrenched level of caring that results in significant and long-term effects on&#xD;
      YCs' well-being and hinder transitions to adulthood, it has been suggested that a primary&#xD;
      prevention model should be adopted. To prevent adverse mental health, social, and educational&#xD;
      outcomes in YCs, building their resilience would be especially important.&#xD;
&#xD;
      The H2020 Me-We project (Psychosocial Support for Promoting Mental Health and Well-being&#xD;
      among Adolescent Young Carers in Europe) aims to develop an innovative framework of primary&#xD;
      prevention interventions for adolescent YCs (AYCs) aged 15-17 to be tested in six European&#xD;
      countries (Italy, Netherlands, Slovenia, Sweden, Switzerland, United Kingdom).&#xD;
&#xD;
      The theoretical framework chosen for the intervention is the DNA-V Model. The DNA-V model is&#xD;
      a psychological intervention, addressed to adolescents and young people, used in educational&#xD;
      and clinical settings. This model has its roots in the contextual and functional science and&#xD;
      it is based on Acceptance and Commitment Therapy, a third-generation cognitive-behavioural&#xD;
      therapy. The intervention programme designed for the ME-WE project builds on the DNA-V model&#xD;
      but it was adapted to fit the specific needs of adolescent young carers (AYCs) and the goals&#xD;
      of the ME-WE project.&#xD;
&#xD;
      The study aim is to evaluate the efficacy of DNA-V-based program for AYCs, called the ME-WE&#xD;
      support intervention, using a cluster-randomized controlled trial (C-RCT) design. The&#xD;
      evaluation of the intervention will be carried out using as primary outcome variables:&#xD;
      Psychological flexibility; Mindfulness skills; Resilience; Subjective mental health; Quality&#xD;
      of life; Subjective health complaints; Caring-related quality of life; Cognitive and&#xD;
      emotional impact of caring and Social support. As secondary outcome variables Self-reported&#xD;
      school, training or work experience, performance, and attendance will be used. Control&#xD;
      variable will be caring activities; overall amount of caring and likes and dislikes about&#xD;
      caring. Results will be compared of the intervention-group participants relative to the&#xD;
      wait-list control-group participants from baseline (pre-intervention) through&#xD;
      post-intervention and 3-month follow-up (3MFU).&#xD;
&#xD;
      Investigators expect that there will be greater improvements in protective factors targeted&#xD;
      by the ME-WE intervention. Thus, it is hypothesized that, compared to the wait-list control&#xD;
      group, ME-WE participants will report greater improvements in psychological flexibility,&#xD;
      mindfulness, resilience, subjective mental health and quality of life as well as in perceived&#xD;
      emotional impact of caring and social support (primary outcomes), and these effects will be&#xD;
      maintained at the 3MFU. The impact of ME-WE on self-reported school, training or work&#xD;
      experience, performance, and attendance of AYCs (secondary outcomes) will be also explored.&#xD;
      Since the intervention will not address these variables directly, we consider them as&#xD;
      secondary outcomes.&#xD;
&#xD;
      COVID-19 Amendment: Recruitment, should be moved to a cluster- based online recruitment or&#xD;
      individual, social media recruitment, face-to-face sessions should be moved to online&#xD;
      sessions using video-conferencing instruments, allowing for visual presentations of&#xD;
      participants and session materials (e.g. ZOOM, Microsoft Teams). All evaluation self-report&#xD;
      instruments are available online. Five open-ended items were added to evaluation&#xD;
      questionnaire assessing impact of COVID-19 pandemic (how participants were affected by&#xD;
      pandemic, what kind of support and services they received, how their mental and/or physical&#xD;
      health has been affected and how they experience the participation in intervention).&#xD;
    </textblock>
  </detailed_description>
  <overall_status>Recruiting</overall_status>
  <start_date type="Actual">October 20, 2019</start_date>
  <completion_date type="Anticipated">May 31, 2021</completion_date>
  <primary_completion_date type="Anticipated">February 20, 2021</primary_completion_date>
  <phase>Phase 1/Phase 2</phase>
  <study_type>Interventional</study_type>
  <has_expanded_access>No</has_expanded_access>
  <study_design_info>
    <allocation>Randomized</allocation>
    <intervention_model>Parallel Assignment</intervention_model>
    <intervention_model_description>The study is a prospective C-RCT, with a two (group) by three (time) repeated measures factorial design. Both the intervention and the wait-list control group will be assessed at baseline, immediately post-intervention for the intervention group or after 7 weeks for the wait-list control group - and at the 3MFU.</intervention_model_description>
    <primary_purpose>Prevention</primary_purpose>
    <masking>Triple (Participant, Investigator, Outcomes Assessor)</masking>
  </study_design_info>
  <primary_outcome>
    <measure>Change from baseline Psychological flexibility at 5 months</measure>
    <time_frame>baseline, end (after about 7 weeks), follow up after 3 months from completion</time_frame>
    <description>Avoidance and fusion questionnaire for youth (AFQ-Y; Greco, Lambert, &amp; Baer, 2011); 8 items on a 5-point scale (from 'not at all true' to 'very true'), overall total score.</description>
  </primary_outcome>
  <primary_outcome>
    <measure>Change from baseline Mindfulness skills at 5 months</measure>
    <time_frame>baseline, end (after about 7 weeks), follow up after 3 months from completion</time_frame>
    <description>Child and Adolescent Mindfulness Measure (CAMM; Greco, Baer, &amp; Smith, 2011); 10 items on a 5-point scale (from 'never true' to 'always true'), overall total score.</description>
  </primary_outcome>
  <primary_outcome>
    <measure>Change from baseline Resilience at 5 months</measure>
    <time_frame>baseline, end (after about 7 weeks), follow up after 3 months from completion</time_frame>
    <description>Brief Resilience Scale (BRS; Smith 2008); six items on a 5-point Likert scale (from 'strongly disagree' to 'strongly agree'), overall total score.</description>
  </primary_outcome>
  <primary_outcome>
    <measure>Change from baseline Subjective mental health at 5 months</measure>
    <time_frame>baseline, end (after about 7 weeks), follow up after 3 months from completion</time_frame>
    <description>Warwick Edinburgh Mental Well-Being Scale (WEMWBS; Tennant et al., 2007); 14 items on a 5-point Likert scale ('none of the time', 'rarely', 'some of the time', 'often', 'all of the time'), overall total score.</description>
  </primary_outcome>
  <primary_outcome>
    <measure>Change from baseline Quality of life at 5 months</measure>
    <time_frame>baseline, end (after about 7 weeks), follow up after 3 months from completion</time_frame>
    <description>Kidscreen 10 (RavensSieberer, &amp; the KIDSCREEN Group Europe, 2006); 10 items on 5-point Likert scale from 'not at all / never' to 'extremely / always'; one global health-related quality of life score.</description>
  </primary_outcome>
  <primary_outcome>
    <measure>Change from baseline Subjective health complaints at 5 months</measure>
    <time_frame>baseline, end (after about 7 weeks), follow up after 3 months from completion</time_frame>
    <description>HBSC Symptom Checklist (HBSC-SCL); 8 items on a 5-point scale ('rarely or never', 'almost every month', 'more than once par week', 'almost every week', 'almost every day').</description>
  </primary_outcome>
  <primary_outcome>
    <measure>Change from baseline Caring-related quality of life at 5 months</measure>
    <time_frame>baseline, end (after about 7 weeks), follow up after 3 months from completion</time_frame>
    <description>Closed ended, ad hoc questions regarding thoughts about hurting themselves/others; being bullied, teased or made fun of; and experiencing some health-related issues because of their caring role.</description>
  </primary_outcome>
  <primary_outcome>
    <measure>Change from baseline Cognitive and emotional impact of caring at 5 months</measure>
    <time_frame>baseline, end (after about 7 weeks), follow up after 3 months from completion</time_frame>
    <description>Positive and Negative Outcomes of Caring (PANOC; Joseph et al., 2009; Joseph, Becker, &amp; Becker, 2012); 20 items on a 3-point scale: 'never', 'some of the time' and 'a lot of the time'; two scores: positive and negative outcomes.</description>
  </primary_outcome>
  <primary_outcome>
    <measure>Change from baseline Social support at 5 months</measure>
    <time_frame>baseline, end (after about 7 weeks), follow up after 3 months from completion</time_frame>
    <description>: Brief Social Support Questionnaire (BSSQ; Sarason, Sarason, Shearin, &amp; Pierce et al., 1987); 6 items with number of support sources as the response option.</description>
  </primary_outcome>
  <secondary_outcome>
    <measure>Change from baseline Self-reported school, training or work experience, performance, and attendance at 5 months</measure>
    <time_frame>baseline, end (after about 7 weeks), follow up after 3 months from completion</time_frame>
    <description>Closed ended, ad hoc questions regarding current education, training, or work, experiencing difficulties and effect of caring.&#xD;
Two open ended questions with a number of days as a response option (days being late or missed at school, training or work because of caring in the last 2 weeks of term time).</description>
  </secondary_outcome>
  <other_outcome>
    <measure>Control variables: 1) Caring activities</measure>
    <time_frame>baseline, end (after about 7 weeks), follow up after 3 months from completion</time_frame>
    <description>1) Caring activities: Multidimensional Assessment of Caring Activities (MACA-YC18; Joseph, Becker, Becker, &amp; Regel, 2009); 18 items on a 3-point scale: 'never', 'some of the time' and 'a lot of the time'; total score and six subscale scores for domestic tasks, household management, personal care, emotional care, sibling care, and financial/ practical care.</description>
  </other_outcome>
  <other_outcome>
    <measure>2) Overall amount of caring</measure>
    <time_frame>baseline, end (after about 7 weeks), follow up after 3 months from completion</time_frame>
    <description>Two open ended ad hoc questions with a number of hours as a response option (hours or caring per week for a typical day during week and at the weekend)</description>
  </other_outcome>
  <other_outcome>
    <measure>3) Likes and dislikes about caring</measure>
    <time_frame>baseline, end (after about 7 weeks), follow up after 3 months from completion</time_frame>
    <description>Three open ended, ad hoc questions regarding which one of their caring jobs they like the most, dislike the most or it upsets them the most?</description>
  </other_outcome>
  <other_outcome>
    <measure>Process evaluation outcomes (for intervention group only):</measure>
    <time_frame>follow up after 3 months from completion</time_frame>
    <description>- Post Intervention Self-Assessment adapted for the present study (PISA-CT2012; Joseph et al., 2009). Five open ended questions regarding e.g. the help and support they have been getting from the intervention, things that have changed for them because of attending this project, things they liked or didn't like about attending the project.</description>
  </other_outcome>
  <other_outcome>
    <measure>Process evaluation outcomes</measure>
    <time_frame>end (if applicable), follow-up after 3 months from completion</time_frame>
    <description>Four open ended items evaluating COVID-19 impact on participants</description>
  </other_outcome>
  <number_of_arms>2</number_of_arms>
  <enrollment type="Anticipated">600</enrollment>
  <condition>Adolescent - Emotional Problem</condition>
  <condition>Mental Health Wellness 1</condition>
  <condition>Caregivers</condition>
  <condition>Primary Prevention</condition>
  <condition>Cognitive Therapy</condition>
  <arm_group>
    <arm_group_label>Experimental</arm_group_label>
    <arm_group_type>Experimental</arm_group_type>
    <description>This arm will be receiving the 7 ME-WE sessions psycho-educational intervention. The experimental group will involve a blended approach with 'face to face' meetings in three European partner countries and online sessions (via a ME-WE mobile app) and a purely 'f2f' approach in a further three European partner countries.</description>
  </arm_group>
  <arm_group>
    <arm_group_label>Control</arm_group_label>
    <arm_group_type>Placebo Comparator</arm_group_type>
    <description>The control-group will be a wait-list, receiving relaxation exercises during waiting.</description>
  </arm_group>
  <intervention>
    <intervention_type>Behavioral</intervention_type>
    <intervention_name>Psycho-educational sessions</intervention_name>
    <description>Participants of clusters allocated to the ME-WE intervention group will complete a programme based on seven weekly sessions of approximately 2 hours each, plus a follow-up meeting after 3 months from the end of the programme. All sessions maintain a similar structure (objectives, ice-breaker, central activity/ies, and final activity). At the end of some sessions, participants will be asked to do some exercises at home, between one meeting and the next one, in order to keep what has been done during the previous session fresh in their minds.&#xD;
Contents of sessions will be as follows: (1) Getting to know each other; (2) The Advisor: dealing with annoying thoughts; (3) The Noticer: being in connection with our feelings; (4) The Discoverer: growing and thriving; (5) Values: connecting to meaning and vitality; (6) Developing a flexible self-view and self-compassion; (7) Building strong social networks.</description>
    <arm_group_label>Control</arm_group_label>
    <arm_group_label>Experimental</arm_group_label>
    <other_name>Acceptance and Commitment Therapy - Mental Health- Mindfulness</other_name>
  </intervention>
  <eligibility>
    <criteria>
      <textblock>
        Inclusion Criteria:&#xD;
&#xD;
          1. being between 15 and 17 years of age;&#xD;
&#xD;
          2. taking on caring tasks for family member(s) (e.g., parents, siblings, grandparents)&#xD;
             with a disability, chronic physical and/or mental health condition or substance use&#xD;
             issue and/or problems related to old age (Becker, 2000; Metzing-Blau &amp; Schnepp, 2008).&#xD;
&#xD;
        Exclusion Criteria:&#xD;
&#xD;
          1. Concurrently participating in other psychotherapies or mindfulness-based&#xD;
             interventions/ programmes;&#xD;
&#xD;
          2. Having started a new psychotropic medication within the past 30 days or planning on&#xD;
             starting or changing psychotropic medication during the course of the study;&#xD;
&#xD;
          3. limited knowledge of local language (in all countries except Sweden)..&#xD;
      </textblock>
    </criteria>
    <gender>All</gender>
    <minimum_age>15 Years</minimum_age>
    <maximum_age>17 Years</maximum_age>
    <healthy_volunteers>No</healthy_volunteers>
  </eligibility>
  <overall_official>
    <last_name>Elizabeth J Hanson, PhD Nursing</last_name>
    <role>Principal Investigator</role>
    <affiliation>Linneus University, Kalmar, Sweden</affiliation>
  </overall_official>
  <overall_contact>
    <last_name>Valentina Hlebec, PhD</last_name>
    <phone>0038515805248</phone>
    <email>valentina.hlebec@fdv.uni-lj.si</email>
  </overall_contact>
  <overall_contact_backup>
    <last_name>Licia Boccaletti, MSc</last_name>
    <phone>0039059645421</phone>
    <email>progetti@anzianienonsolo.it</email>
  </overall_contact_backup>
  <location>
    <facility>
      <name>Anziani e non solo soc. coop. soc</name>
      <address>
        <city>Carpi</city>
        <country>Italy</country>
      </address>
    </facility>
    <status>Recruiting</status>
    <contact>
      <last_name>Alessandra Manattini, Msc Psych</last_name>
      <phone>0039059645421</phone>
      <email>a.manattini@anzianienonsolo.it</email>
    </contact>
    <investigator>
      <last_name>Licia Boccaletti, Msc Hum</last_name>
      <role>Sub-Investigator</role>
    </investigator>
  </location>
  <location>
    <facility>
      <name>Stichting Vilans</name>
      <address>
        <city>Utrecht</city>
        <country>Netherlands</country>
      </address>
    </facility>
    <status>Recruiting</status>
    <contact>
      <last_name>Yvonne de Jong</last_name>
      <email>y.dejong@vilans.nl</email>
    </contact>
    <investigator>
      <last_name>Frans Van Zoest</last_name>
      <role>Sub-Investigator</role>
    </investigator>
  </location>
  <location>
    <facility>
      <name>University of Ljubljana</name>
      <address>
        <city>Ljubljana</city>
        <country>Slovenia</country>
      </address>
    </facility>
    <status>Recruiting</status>
    <contact>
      <last_name>Karina Sirk, Msc Soc</last_name>
      <phone>+38615805248</phone>
      <email>Karina.Sirk@fdv.uni-lj.si</email>
    </contact>
    <investigator>
      <last_name>Valentina Hlebec, PhD Soc</last_name>
      <role>Sub-Investigator</role>
    </investigator>
  </location>
  <location>
    <facility>
      <name>Linnaeus University, Nationellt kompetenscentrum anhöriga (Nka), (Swedish Family Care Competence Centre)</name>
      <address>
        <city>Kalmar</city>
        <country>Sweden</country>
      </address>
    </facility>
    <status>Not yet recruiting</status>
    <contact>
      <last_name>Lennart Magnusson, PhD Educ</last_name>
      <phone>+46 70630231</phone>
      <email>lennart.magnusson@anhoriga.se</email>
    </contact>
    <contact_backup>
      <phone>+46 703614846</phone>
      <email>elizabeth.hanson@lnu.se</email>
    </contact_backup>
    <investigator>
      <last_name>Elizabeth J Hanson, PhD Nurs</last_name>
      <role>Principal Investigator</role>
    </investigator>
  </location>
  <location>
    <facility>
      <name>Stiftung Kalaidos Fachhochschule (Kalaidos FH)</name>
      <address>
        <city>Zürich</city>
        <country>Switzerland</country>
      </address>
    </facility>
    <status>Not yet recruiting</status>
    <contact>
      <last_name>Elena Guggiari, MSc HCHM</last_name>
      <phone>+41 43 222 64 24</phone>
      <email>Elena.Guggiari@careum-hochschule.ch</email>
    </contact>
    <contact_backup>
      <last_name>Daniel Phelps, BSc. Psych</last_name>
      <phone>+44 75 05669237</phone>
      <email>Daniel.Phelps@careum-hochschule.ch</email>
    </contact_backup>
    <investigator>
      <last_name>Agnes Leu, PhD Law</last_name>
      <role>Sub-Investigator</role>
    </investigator>
  </location>
  <location>
    <facility>
      <name>Carers Trust, Print Rooms, 164-180 Union Street, London, SE1 0LN. Carers Trust will be co-ordinating the completion of the interventions for the clinical trials in the UK. All trials for the ME-WE project will be completed in England.</name>
      <address>
        <city>London</city>
        <country>United Kingdom</country>
      </address>
    </facility>
    <status>Recruiting</status>
    <contact>
      <last_name>Claire Cassidy, Msc SW</last_name>
      <phone>0300 772 9600</phone>
      <email>ccassidy@carers.org</email>
    </contact>
    <investigator>
      <last_name>Eva Jolly, Msc SW</last_name>
      <role>Sub-Investigator</role>
    </investigator>
  </location>
  <location_countries>
    <country>Italy</country>
    <country>Netherlands</country>
    <country>Slovenia</country>
    <country>Sweden</country>
    <country>Switzerland</country>
    <country>United Kingdom</country>
  </location_countries>
  <reference>
    <citation>Acton, J., &amp; Carter, B. (2016). The impact of immersive outdoor activities in local woodlands on young carers emotional literacy and well-being. Comprehensive Child and Adolescent Nursing, 39(2), 94-106.</citation>
  </reference>
  <reference>
    <citation>Aldridge, J. (2018). Where are we now? Twenty-five years of research, policy and practice on young carers. Critical Social Policy, 38(1), 155-165.</citation>
  </reference>
  <reference>
    <citation>Assaf RR, Auf der Springe J, Siskowski C, Ludwig DA, Mathew MS, Belkowitz J. Participation Rates and Perceptions of Caregiving Youth Providing Home Health Care. J Community Health. 2016 Apr;41(2):326-33. doi: 10.1007/s10900-015-0100-7.</citation>
    <PMID>26483035</PMID>
  </reference>
  <reference>
    <citation>Becker, S. (2000). Young carers. In M. Davies (Ed.), The Blackwell encyclopedia of social work (3rd ed.). Oxford: Blackwell.</citation>
  </reference>
  <reference>
    <citation>Becker, S. (2007). Global perspectives on children's unpaid caregiving in the family: Research and policy on 'young carers' in the UK, Australia, the USA and Sub-Saharan Africa. Global Social Policy, 7(1), 23-50.</citation>
  </reference>
  <reference>
    <citation>Campbell MK, Piaggio G, Elbourne DR, Altman DG; CONSORT Group. Consort 2010 statement: extension to cluster randomised trials. BMJ. 2012 Sep 4;345:e5661. doi: 10.1136/bmj.e5661.</citation>
    <PMID>22951546</PMID>
  </reference>
  <reference>
    <citation>Cohen, J. (1988). Statistical Power Analysis for the Behavioral Sciences (2nd ed.). Hillsdale, NJ: Erlbaum.</citation>
  </reference>
  <reference>
    <citation>Cunningham, L. C., Shochet, I. M., Smith, C. L., &amp; Wurfl, A. (2017). A qualitative evaluation of an innovative resilience-building camp for young carers. Child &amp; Family Social Work, 22(2), 700-710.</citation>
  </reference>
  <reference>
    <citation>Daniel, W. W. (1999). Biostatistics: A foundation for analysis in the health sciences (7th ed.). New York: John Wiley and Sons.</citation>
  </reference>
  <reference>
    <citation>Fraser E, Pakenham KI. Evaluation of a resilience-based intervention for children of parents with mental illness. Aust N Z J Psychiatry. 2008 Dec;42(12):1041-50. doi: 10.1080/00048670802512065.</citation>
    <PMID>19016092</PMID>
  </reference>
  <reference>
    <citation>Gettings S, Franco F, Santosh PJ. Facilitating support groups for siblings of children with neurodevelopmental disorders using audio-conferencing: a longitudinal feasibility study. Child Adolesc Psychiatry Ment Health. 2015 Apr 7;9:8. doi: 10.1186/s13034-015-0041-z. eCollection 2015.</citation>
    <PMID>25866558</PMID>
  </reference>
  <reference>
    <citation>Greco LA, Baer RA, Smith GT. Assessing mindfulness in children and adolescents: development and validation of the Child and Adolescent Mindfulness Measure (CAMM). Psychol Assess. 2011 Sep;23(3):606-14. doi: 10.1037/a0022819.</citation>
    <PMID>21480722</PMID>
  </reference>
  <reference>
    <citation>Greco LA, Lambert W, Baer RA. Psychological inflexibility in childhood and adolescence: development and evaluation of the Avoidance and Fusion Questionnaire for Youth. Psychol Assess. 2008 Jun;20(2):93-102. doi: 10.1037/1040-3590.20.2.93.</citation>
    <PMID>18557686</PMID>
  </reference>
  <reference>
    <citation>Schlarmann JG, Metzing S, Schoppmann S, Schnepp W. Germany's First Young Carers Project's Impact on the Children: Relieving the Entire Family. A Qualitative Evaluation. Open Nurs J. 2011;5:86-94. doi: 10.2174/1874434601105010086. Epub 2011 Oct 26.</citation>
    <PMID>22135716</PMID>
  </reference>
  <reference>
    <citation>Halliburton, A. E., &amp; Cooper, L. D. (2015). Applications and adaptations of Acceptance and Commitment Therapy (ACT) for adolescents. Journal of Contextual Behavioral Science, 4(1), 1-11.</citation>
  </reference>
  <reference>
    <citation>Hamilton, M. G., &amp; Adamson, E. (2013). Bounded agency in young carers' lifecourse-stage domains and transitions. Journal of Youth Studies, 16(1), 101-117.</citation>
  </reference>
  <reference>
    <citation>Hamilton, M., &amp; Cass, B. (2017). Capturing the centrality of age and life-course stage in the provision of unpaid care. Journal of Sociology, 53(1), 79-93.</citation>
  </reference>
  <reference>
    <citation>Harris, R. (2009). ACT made simple: An easy-to-read primer on Acceptance and Commitment Therapy. Oakland, CA: New Harbinger.</citation>
  </reference>
  <reference>
    <citation>Hayes, L., &amp; Ciarrochi, J. (2015). The Thriving Adolescent: Using acceptance and commitment therapy and positive psychology to help teens manage emotions, achieve goals, and build positive connections. Oakland, CA: New Harbinger.</citation>
  </reference>
  <reference>
    <citation>Hayes, S., Wilson, K., &amp; Strosahl, K. (1999). Acceptance and commitment therapy: An experiential approach to behavior change. New York: Guilford.</citation>
  </reference>
  <reference>
    <citation>Heyman, A. (2013). Partnership working between young carers project and social services. Social Work and Social Sciences Review, 16(3), 50-64.</citation>
  </reference>
  <reference>
    <citation>Heyman, A., &amp; Heyman, B. (2013). 'The sooner you can change their life course the better': The time-framing of risks in relationship to being a young carer. Health, Risk &amp; Society, 15(6-7), 561-579.</citation>
  </reference>
  <reference>
    <citation>Järkestig-Berggren, U., Bergman, A. S., Eriksson, M., &amp; Priebe, G. (2018). Young carers in Sweden-A pilot study of care activities, view of caring, and psychological well-being. Child &amp; Family Social Work.</citation>
  </reference>
  <reference>
    <citation>Joseph S, Becker S, Becker F, Regel S. Assessment of caring and its effects in young people: development of the Multidimensional Assessment of Caring Activities Checklist (MACA-YC18) and the Positive and Negative Outcomes of Caring Questionnaire (PANOC-YC20) for young carers. Child Care Health Dev. 2009 Jul;35(4):510-20. doi: 10.1111/j.1365-2214.2009.00959.x. Epub 2009 Mar 23.</citation>
    <PMID>19320904</PMID>
  </reference>
  <reference>
    <citation>Joseph S, Kendall C, Toher D, Sempik J, Holland J, Becker S. Young carers in England: Findings from the 2018 BBC survey on the prevalence and nature of caring among young people. Child Care Health Dev. 2019 Jul;45(4):606-612. doi: 10.1111/cch.12674. Epub 2019 May 24.</citation>
    <PMID>30995694</PMID>
  </reference>
  <reference>
    <citation>Kallander, E. K., Weimand, B., Ruud, T., Becker, S., Van Roy, B., &amp; Hanssen-Bauer, K. (2018). Outcomes for children who care for a parent with a severe illness or substance abuse. Child &amp; Youth Services. https://doi.org/10.1080/0145935X.2018.1491302</citation>
  </reference>
  <reference>
    <citation>Kallapiran K, Koo S, Kirubakaran R, Hancock K. Review: Effectiveness of mindfulness in improving mental health symptoms of children and adolescents: a meta-analysis. Child Adolesc Ment Health. 2015 Nov;20(4):182-194. doi: 10.1111/camh.12113. Epub 2015 Sep 8. Review.</citation>
    <PMID>32680348</PMID>
  </reference>
  <reference>
    <citation>Leu, A., Frech, M., Wepf, H., Sempik, J., Joseph, S., Helbling, L., ... &amp; Jung, C. (2018). Counting young carers in Switzerland - A study of prevalence. Children &amp; Society. https://doi.org/10.1111/chso.12296</citation>
  </reference>
  <reference>
    <citation>Leu, A., &amp; Becker, S. (2017). A cross-national and comparative classification of in-country awareness and policy responses to 'young carers'. Journal of Youth Studies, 20(6), 750-762.</citation>
  </reference>
  <reference>
    <citation>Lloyd, K. (2013). Happiness and well-being of young carers: Extent, nature and correlates of caring among 10 and 11 year old school children. Journal of Happiness Studies, 14(1), 67-80.</citation>
  </reference>
  <reference>
    <citation>Merry, S. N., Hetrick, S. E., Cox, G. R., Brudevold-Iversen, T., Bir, J. J. &amp; McDowell, H. (2012) Cochrane Review: Psychological and educational interventions for preventing depression in children and adolescents. Evidence-Based Child Health: A Cochrane Review Journal, 7(5), 1409-1685.</citation>
  </reference>
  <reference>
    <citation>Metzing-Blau S, Schnepp W. Young carers in Germany: to live on as normal as possible - a grounded theory study. BMC Nurs. 2008 Dec 24;7:15. doi: 10.1186/1472-6955-7-15.</citation>
    <PMID>19108719</PMID>
  </reference>
  <reference>
    <citation>Nagl-Cupal M, Daniel M, Koller MM, Mayer H. Prevalence and effects of caregiving on children. J Adv Nurs. 2014 Oct;70(10):2314-25. doi: 10.1111/jan.12388. Epub 2014 Mar 24.</citation>
    <PMID>24660847</PMID>
  </reference>
  <reference>
    <citation>Petts, R. A., Duenas, J. A., &amp; Gaynor, S. T. (2017). Acceptance and Commitment Therapy for adolescent depression: Application with a diverse and predominantly socioeconomically disadvantaged sample. Journal of Contextual Behavioral Science, 6(2), 134-144.</citation>
  </reference>
  <reference>
    <citation>Purcal, C., Hamilton, M., Thomson, C., &amp; Cass, B. (2012). From assistance to prevention: Categorizing young carer support services in Australia, and international implications. Social Policy &amp; Administration, 46(7), 788-806.</citation>
  </reference>
  <reference>
    <citation>Sarason, I. G., Sarason, B. R., Shearin, E. N., &amp; Pierce, G. R. (1987). A brief measure of social support: Practical and theoretical implications. Journal of Social and Personal Relationships, 4(4), 497-510.</citation>
  </reference>
  <reference>
    <citation>Smith BW, Dalen J, Wiggins K, Tooley E, Christopher P, Bernard J. The brief resilience scale: assessing the ability to bounce back. Int J Behav Med. 2008;15(3):194-200. doi: 10.1080/10705500802222972.</citation>
    <PMID>18696313</PMID>
  </reference>
  <reference>
    <citation>Stamatopoulos, V. (2016). Supporting young carers: a qualitative review of young carer services in Canada. International Journal of Adolescence and Youth, 21(2), 178-194.</citation>
  </reference>
  <reference>
    <citation>Swain, J., Hancock, K., Dixon, A., &amp; Bowman, J. (2015). Acceptance and commitment therapy for children: A systematic review of intervention studies. Journal of Contextual Behavioural Science, 4, 73-85.</citation>
  </reference>
  <reference>
    <citation>Swain, J., Hancock, K., Hainsworth, C., &amp; Bowman, J. (2015). Mechanisms of change: Exploratory outcomes from a randomised controlled trial of acceptance and commitment therapy for anxious adolescents. Journal of Contextual Behavioral Science, 1(4), 56-67.</citation>
  </reference>
  <reference>
    <citation>Tennant R, Hiller L, Fishwick R, Platt S, Joseph S, Weich S, Parkinson J, Secker J, Stewart-Brown S. The Warwick-Edinburgh Mental Well-being Scale (WEMWBS): development and UK validation. Health Qual Life Outcomes. 2007 Nov 27;5:63.</citation>
    <PMID>18042300</PMID>
  </reference>
  <verification_date>February 2021</verification_date>
  <study_first_submitted>September 22, 2019</study_first_submitted>
  <study_first_submitted_qc>October 1, 2019</study_first_submitted_qc>
  <study_first_posted type="Actual">October 3, 2019</study_first_posted>
  <last_update_submitted>February 19, 2021</last_update_submitted>
  <last_update_submitted_qc>February 19, 2021</last_update_submitted_qc>
  <last_update_posted type="Actual">February 23, 2021</last_update_posted>
  <responsible_party>
    <responsible_party_type>Sponsor-Investigator</responsible_party_type>
    <investigator_affiliation>University of Ljubljana</investigator_affiliation>
    <investigator_full_name>Valentina Hlebec</investigator_full_name>
    <investigator_title>prof. dr. Valentina Hlebec; wp6 leader</investigator_title>
  </responsible_party>
  <keyword>Adolescent</keyword>
  <keyword>Acceptance and Commitment Therapy, Cognitive therapy</keyword>
  <keyword>Mindfulness</keyword>
  <keyword>Europe</keyword>
  <patient_data>
    <sharing_ipd>Yes</sharing_ipd>
    <ipd_description>Anonymized evaluation data to be stored in data archive with limited access.</ipd_description>
    <ipd_info_type>Study Protocol</ipd_info_type>
    <ipd_time_frame>After the completion of the project, but the date is unknown.</ipd_time_frame>
    <ipd_access_criteria>not yet known</ipd_access_criteria>
  </patient_data>
  <!-- Results have not yet been posted for this study                                          -->
</clinical_study>

