<?xml version="1.0" encoding="UTF-8"?>
<clinical_study rank="1160">
  <!-- This xml conforms to an XML Schema at:
    https://clinicaltrials.gov/ct2/html/images/info/public.xsd -->
  <required_header>
    <download_date>ClinicalTrials.gov processed this data on April 14, 2021</download_date>
    <link_text>Link to the current ClinicalTrials.gov record.</link_text>
    <url>https://clinicaltrials.gov/show/NCT04312243</url>
  </required_header>
  <id_info>
    <org_study_id>NOpreCOVID-19</org_study_id>
    <nct_id>NCT04312243</nct_id>
  </id_info>
  <brief_title>NO Prevention of COVID-19 for Healthcare Providers</brief_title>
  <acronym>NOpreventCOVID</acronym>
  <official_title>Nitric Oxide Gas Inhalation for Prevention of COVID-19 in Healthcare Providers</official_title>
  <sponsors>
    <lead_sponsor>
      <agency>Massachusetts General Hospital</agency>
      <agency_class>Other</agency_class>
    </lead_sponsor>
  </sponsors>
  <source>Massachusetts General Hospital</source>
  <oversight_info>
    <has_dmc>Yes</has_dmc>
    <is_fda_regulated_drug>Yes</is_fda_regulated_drug>
    <is_fda_regulated_device>No</is_fda_regulated_device>
    <is_us_export>No</is_us_export>
  </oversight_info>
  <brief_summary>
    <textblock>
      Thousands of healthcare workers have been infected with SARS-CoV-2 and contracted COVID-19&#xD;
      despite their best efforts to prevent contamination. No proven vaccine is available to&#xD;
      protect healthcare workers against SARS-CoV-2.&#xD;
&#xD;
      This study will enroll 470 healthcare professionals dedicated to care for patients with&#xD;
      proven SARS-CoV-2 infection. Subjects will be randomized either in the observational&#xD;
      (control) group or in the inhaled nitric oxide group. All personnel will observe measures on&#xD;
      strict precaution in accordance with WHO and the CDC regulations.&#xD;
    </textblock>
  </brief_summary>
  <detailed_description>
    <textblock>
      In their efforts to provide care for patients with novel coronavirus (SARS-CoV-2) disease&#xD;
      (COVID-19) infection, many healthcare workers around the globe exposed to SARS-CoV-2 got&#xD;
      infected and died over the past two months. Quarantined nurses and physicians have become the&#xD;
      norm in regions with COVID-19 patients, putting at risk the overall functionality of the&#xD;
      regional healthcare system. Other than strict contact-precautions, no proven vaccination or&#xD;
      targeted therapy is available to prevent COVID-19 in healthcare workers. Inhaled nitric oxide&#xD;
      gas (NO) has shown in a small clinical study to have antiviral activity against a Coronavirus&#xD;
      during the 2003 SARS outbreak. We have designed this study to assess whether intermittent&#xD;
      inhaled NO in healthcare workers might prevent their infection with SARS-CoV-2.&#xD;
&#xD;
      Background: After almost two months of fight against COVID-19 infection, on February 24, more&#xD;
      than 3,000 physicians and nurses were reported as contracting COVID-19 disease in Wuhan&#xD;
      (China). Fatalities among those healthcare workers were reported to be related to SARS-CoV-2&#xD;
      infection. Implementation of strict contact protections for all healthcare personnel is&#xD;
      essential to decrease and contain the risks of exposure. However, despite best efforts,&#xD;
      dozens of thousands of healthcare providers have been quarantined for at least 14 consecutive&#xD;
      days in Wuhan alone. Similarly data have been reported in Italy, several healthcare providers&#xD;
      have been quarantined, developed pneumonia and died. Most recent information from Italy&#xD;
      reported that 12% of healthcare workers are infected.&#xD;
&#xD;
      The shortage of hospital personnel, especially in the critical care and anesthesiology&#xD;
      domains, led many hospitals to postpone indefinitely scheduled surgical procedures, including&#xD;
      cardiac surgery or oncological procedures. Only urgent and emergent cases are performed in&#xD;
      patients without symptoms (i.e., absence of fever, cough or dyspnea), no signs (i.e.,&#xD;
      negative chest CT for consolidations, normal complete blood count) and a negative test on&#xD;
      SARS-CoV-2 reverse transcriptase (rt)-PCR. If time does not allow for thorough screening&#xD;
      (i.e., after traumatic injury), such patients are considered to be infected and medical staff&#xD;
      in the OR are fully protected with third degree protections (i.e., N95 masks, goggles,&#xD;
      protective garments and a gown and double gloving).&#xD;
&#xD;
      Rationale. In 2004 in a collaborative study between the virology laboratory at the University&#xD;
      of Leuven (Belgium), the Clinical Physiology Laboratory of Uppsala University (Sweden) and&#xD;
      the General Airforce Hospital of China (Beijing, China), nitric oxide (NO) donors (e.g.&#xD;
      S-nitroso-N-acetylpenicillamine) greatly increased the survival rate of infected eukaryotic&#xD;
      cells with the coronavirus responsible for SARS (SARS-CoV-1), suggesting direct antiviral&#xD;
      effects of NO. These authors suggest that oxidation is the antiviral mechanism of nitric&#xD;
      oxide. A later work by Akerstrom and colleagues showed that NO or its derivatives reduce&#xD;
      palmitoylation SARS-CoV spike (S) protein affecting its fusion with angiotensin converting&#xD;
      enzyme 2. Furthermore, NO or its derivatives reduce viral RNA synthesis in the infected&#xD;
      cells. Future in-vitro studies should confirm that NO donors are equally effective against&#xD;
      SARS-CoV-2, as the current virus shares 88% of its genome with the SARS-CoV [3]. However, at&#xD;
      present it is reasonable to assess that a high dose of inhaled NO might be anti-viral against&#xD;
      SARS-CoV-2 in the lung. The virus is transmitted by human-to-human contact and occurs&#xD;
      primarily via respiratory droplets from coughs and sneezes within a range of about 1.5&#xD;
      meters. The incubation period ranges from 1 to 14 days with an estimated median incubation&#xD;
      period of 5 to 6 days according to the World Health Organization [1]. COVID-19 disease is&#xD;
      mainly a respiratory system disease, but in the most severe forms can progress to impair also&#xD;
      other organ function (i.e., kidneys, liver, heart). Nitric oxide gas inhalation has been&#xD;
      successfully and safely used for decades (since 1990) in thousands of newborns and adults to&#xD;
      decrease pulmonary artery pressure and improve systemic oxygenation.&#xD;
&#xD;
      Recently at the Massachusetts General Hospital, a high dose of inhaled NO (160 ppm) for 30 -&#xD;
      60 minutes was delivered twice a day to an adolescent with cystic fibrosis and pulmonary&#xD;
      infection due to multi-resistant Burkholderia cepacia. There were no adverse events to this&#xD;
      patient, blood methemoglobin remained below 5% and lung function and overall well-being&#xD;
      improved.&#xD;
&#xD;
      Clinical Gap. Thousands of healthcare workers have been infected with SARS-CoV-2 and&#xD;
      contracted COVID-19 despite their best efforts to prevent contamination. No proven vaccine is&#xD;
      available to protect healthcare workers against SARS-CoV-2.&#xD;
&#xD;
      Hypothesis. Due to genetic similarities with the Coronavirus responsible for SARS, it is&#xD;
      expected that inhaled NO gas retains potent antiviral activity against the SARS-CoV-2&#xD;
      responsible for COVID-19.&#xD;
&#xD;
      Aim. To assess whether intermittent delivery of inhaled NO gas in air at a high dose may&#xD;
      protect healthcare workers from SARS-CoV-2 infection.&#xD;
&#xD;
      Observational group: daily symptoms and body temperature monitoring. SARS-CoV-2 RT-PCR test&#xD;
      will be performed if fever or COVID-19 symptoms.&#xD;
&#xD;
      Treatment group: the subjects will breathe NO at 160 parts per million (ppm) for two cycles&#xD;
      of 15 minutes each at the beginning of each shift and before leaving the hospital. Daily&#xD;
      symptoms and body temperature monitoring. SARS-CoV-2 RT-PCR test will be performed if fever&#xD;
      or COVID-19 symptoms. Safety: Oxygenation and methemoglobin levels will be monitored via a&#xD;
      non-invasive CO-oximeter. If methemoglobin levels rise above 5% at any point of the gas&#xD;
      delivery, inhaled NO will be stopped. NO2 gas will be monitored and maintained below 5 ppm.&#xD;
&#xD;
      Blinding. The treatment is not masked.&#xD;
    </textblock>
  </detailed_description>
  <overall_status>Active, not recruiting</overall_status>
  <start_date type="Actual">April 7, 2020</start_date>
  <completion_date type="Anticipated">April 7, 2022</completion_date>
  <primary_completion_date type="Anticipated">April 7, 2021</primary_completion_date>
  <phase>Phase 2</phase>
  <study_type>Interventional</study_type>
  <has_expanded_access>No</has_expanded_access>
  <study_design_info>
    <allocation>Randomized</allocation>
    <intervention_model>Parallel Assignment</intervention_model>
    <primary_purpose>Prevention</primary_purpose>
    <masking>None (Open Label)</masking>
  </study_design_info>
  <primary_outcome>
    <measure>COVID-19 diagnosis</measure>
    <time_frame>14 days</time_frame>
    <description>Percentage of subjects with COVID-19 diagnosis in the two groups</description>
  </primary_outcome>
  <secondary_outcome>
    <measure>Positive SARS-CoV-2 rt-PCR test</measure>
    <time_frame>14 days</time_frame>
    <description>Percentage of subjects with a positive test in the two groups</description>
  </secondary_outcome>
  <other_outcome>
    <measure>Total number of quarantine days</measure>
    <time_frame>14 days</time_frame>
    <description>Mean/ Median in the two groups</description>
  </other_outcome>
  <other_outcome>
    <measure>Proportion of healthcare providers requiring quarantine</measure>
    <time_frame>14 days</time_frame>
    <description>Percentage in the two groups</description>
  </other_outcome>
  <number_of_arms>2</number_of_arms>
  <enrollment type="Actual">24</enrollment>
  <condition>Coronavirus Infections</condition>
  <condition>Healthcare Associated Infection</condition>
  <arm_group>
    <arm_group_label>Treatment Group</arm_group_label>
    <arm_group_type>Experimental</arm_group_type>
    <description>Inhaled NO (160 ppm) before and after the work shift. Daily monitoring of body temperature and symptoms. SARS-CoV-2 RT-PCR test if fever or COVID-19 symptoms.</description>
  </arm_group>
  <arm_group>
    <arm_group_label>Control Group</arm_group_label>
    <arm_group_type>No Intervention</arm_group_type>
    <description>Daily monitoring of body temperature and symptoms. SARS-CoV-2 RT-PCR test if fever or COVID-19 symptoms.</description>
  </arm_group>
  <intervention>
    <intervention_type>Drug</intervention_type>
    <intervention_name>Inhaled nitric oxide gas</intervention_name>
    <description>Control group: a SARS-CoV2 rt-PCR will be performed if symptoms arise. Treatment group: the subjects will breathe NO at the beginning of the shift and before leaving the hospital. Inspired NO will be delivered at 160 parts per million (ppm) for 15 minutes in each cycle. A SARS-CoV-2 rt-PCR will be performed if symptoms arise. Safety: Oxygenation and methemoglobin levels will be monitored via a non-invasive CO-oximeter. If methemoglobin levels rise above 5% at any point of the gas delivery, inhaled NO will be halvened. NO2 gas will be monitored and maintained below 5 ppm.</description>
    <arm_group_label>Treatment Group</arm_group_label>
  </intervention>
  <eligibility>
    <criteria>
      <textblock>
        Inclusion Criteria:&#xD;
&#xD;
          1. Age ≥18 years&#xD;
&#xD;
          2. Scheduled to work with SARS-CoV-2 infected patients for at least 3 days in a week.&#xD;
&#xD;
        Exclusion Criteria:&#xD;
&#xD;
          1. Previous documented SARS-CoV-2 infections and subsequent negative SARS-CoV-2 rt-PCR&#xD;
             test.&#xD;
&#xD;
          2. Pregnancy&#xD;
&#xD;
          3. Known hemoglobinopathies.&#xD;
&#xD;
          4. Known anemia&#xD;
      </textblock>
    </criteria>
    <gender>All</gender>
    <minimum_age>18 Years</minimum_age>
    <maximum_age>99 Years</maximum_age>
    <healthy_volunteers>Accepts Healthy Volunteers</healthy_volunteers>
  </eligibility>
  <location>
    <facility>
      <name>Massachusetts General Hospital</name>
      <address>
        <city>Boston</city>
        <state>Massachusetts</state>
        <zip>02114</zip>
        <country>United States</country>
      </address>
    </facility>
  </location>
  <location_countries>
    <country>United States</country>
  </location_countries>
  <reference>
    <citation>Akerström S, Gunalan V, Keng CT, Tan YJ, Mirazimi A. Dual effect of nitric oxide on SARS-CoV replication: viral RNA production and palmitoylation of the S protein are affected. Virology. 2009 Dec 5;395(1):1-9. doi: 10.1016/j.virol.2009.09.007. Epub 2009 Oct 1.</citation>
    <PMID>19800091</PMID>
  </reference>
  <reference>
    <citation>Keyaerts E, Vijgen L, Chen L, Maes P, Hedenstierna G, Van Ranst M. Inhibition of SARS-coronavirus infection in vitro by S-nitroso-N-acetylpenicillamine, a nitric oxide donor compound. Int J Infect Dis. 2004 Jul;8(4):223-6.</citation>
    <PMID>15234326</PMID>
  </reference>
  <verification_date>March 2021</verification_date>
  <study_first_submitted>March 15, 2020</study_first_submitted>
  <study_first_submitted_qc>March 16, 2020</study_first_submitted_qc>
  <study_first_posted type="Actual">March 18, 2020</study_first_posted>
  <last_update_submitted>March 8, 2021</last_update_submitted>
  <last_update_submitted_qc>March 8, 2021</last_update_submitted_qc>
  <last_update_posted type="Actual">March 10, 2021</last_update_posted>
  <responsible_party>
    <responsible_party_type>Principal Investigator</responsible_party_type>
    <investigator_affiliation>Massachusetts General Hospital</investigator_affiliation>
    <investigator_full_name>Lorenzo Berra, MD</investigator_full_name>
    <investigator_title>Principal Investigator</investigator_title>
  </responsible_party>
  <condition_browse>
    <!-- CAUTION:  The following MeSH terms are assigned with an imperfect algorithm            -->
    <mesh_term>Infection</mesh_term>
    <mesh_term>Communicable Diseases</mesh_term>
    <mesh_term>Cross Infection</mesh_term>
    <mesh_term>Coronavirus Infections</mesh_term>
    <mesh_term>Severe Acute Respiratory Syndrome</mesh_term>
  </condition_browse>
  <intervention_browse>
    <!-- CAUTION:  The following MeSH terms are assigned with an imperfect algorithm            -->
    <mesh_term>Nitric Oxide</mesh_term>
  </intervention_browse>
  <patient_data>
    <sharing_ipd>No</sharing_ipd>
  </patient_data>
  <!-- Results have not yet been posted for this study                                          -->
</clinical_study>

