<?xml version="1.0" encoding="UTF-8"?>
<clinical_study rank="1917">
  <!-- This xml conforms to an XML Schema at:
    https://clinicaltrials.gov/ct2/html/images/info/public.xsd -->
  <required_header>
    <download_date>ClinicalTrials.gov processed this data on April 14, 2021</download_date>
    <link_text>Link to the current ClinicalTrials.gov record.</link_text>
    <url>https://clinicaltrials.gov/show/NCT04304053</url>
  </required_header>
  <id_info>
    <org_study_id>HCQ4COV19</org_study_id>
    <secondary_id>2020-001031-27</secondary_id>
    <nct_id>NCT04304053</nct_id>
  </id_info>
  <brief_title>Treatment of COVID-19 Cases and Chemoprophylaxis of Contacts as Prevention</brief_title>
  <acronym>HCQ4COV19</acronym>
  <official_title>Treatment of Non-severe Confirmed Cases of COVID-19 and Chemoprophylaxis of Their Contacts as Prevention Strategy: a Cluster Randomized Clinical Trial (PEP CoV-2 Study)</official_title>
  <sponsors>
    <lead_sponsor>
      <agency>Fundación FLS de Lucha Contra el Sida, las Enfermedades Infecciosas y la Promoción de la Salud y la Ciencia</agency>
      <agency_class>Other</agency_class>
    </lead_sponsor>
    <collaborator>
      <agency>Germans Trias i Pujol Hospital</agency>
      <agency_class>Other</agency_class>
    </collaborator>
    <collaborator>
      <agency>Department of Health, Generalitat de Catalunya</agency>
      <agency_class>Other</agency_class>
    </collaborator>
    <collaborator>
      <agency>Laboratorios Gebro Pharma SA</agency>
      <agency_class>Other</agency_class>
    </collaborator>
    <collaborator>
      <agency>Laboratorios Rubió</agency>
      <agency_class>Other</agency_class>
    </collaborator>
    <collaborator>
      <agency>Institut Catala de Salut</agency>
      <agency_class>Other</agency_class>
    </collaborator>
  </sponsors>
  <source>Fundación FLS de Lucha Contra el Sida, las Enfermedades Infecciosas y la Promoción de la Salud y la Ciencia</source>
  <oversight_info>
    <has_dmc>Yes</has_dmc>
    <is_fda_regulated_drug>No</is_fda_regulated_drug>
    <is_fda_regulated_device>No</is_fda_regulated_device>
  </oversight_info>
  <brief_summary>
    <textblock>
      This study is a research project to evaluate the efficacy of hydroxychloroquine for&#xD;
      post-exposure prophylaxis and early treatment of Covid-19. The intervention entails&#xD;
      administering prophylactic hydroxychloroquine to all contacts (Study 1) and treating non&#xD;
      severe confirmed cases with hydroxychloroquine (Study 2).&#xD;
    </textblock>
  </brief_summary>
  <detailed_description>
    <textblock>
      Hydroxychloroquine (HCQ) is a drug that has been extensively used for the prevention of&#xD;
      malaria. HCQ showed excellent in vitro results and strong antiviral effects on SARS-CoV-2&#xD;
      infection of primate cells at low concentration. Empirical data for the efficacy of HCQ in&#xD;
      hospitalized Covid-19 patients became available after the start of this study; HCQ&#xD;
      administration did not result in a significantly higher PCR negative conversion in a RCT&#xD;
      including 150 patients and there was no reduction in the risk of death/intubation in two&#xD;
      large observational studies.&#xD;
&#xD;
      Study 1 -We investigated the efficacy and safety of HCQ to prevent secondary SARS-CoV-2&#xD;
      infection and Covid-19 disease in contacts exposed to a PCR-positive Covid-19 case during.&#xD;
&#xD;
      Study 2- We also conducted a study to test the hypothesis that HCQ treatment would be more&#xD;
      efficacious than no-treatment for patients with mild Covid-19.&#xD;
&#xD;
      Initially, the protocol included the use of combined treatment with a HIV protease inhibidor&#xD;
      (cobicistat-boosted darunavir) for cases (study 2), but it was adapted to HCQ alone after the&#xD;
      recommendation of the pharmaceutical company not to use DRVc for the treatment of Covid-19&#xD;
      due to lack of activity in-vitro.&#xD;
    </textblock>
  </detailed_description>
  <overall_status>Completed</overall_status>
  <start_date type="Actual">March 18, 2020</start_date>
  <completion_date type="Actual">June 15, 2020</completion_date>
  <primary_completion_date type="Actual">June 15, 2020</primary_completion_date>
  <phase>Phase 3</phase>
  <study_type>Interventional</study_type>
  <has_expanded_access>No</has_expanded_access>
  <study_design_info>
    <allocation>Randomized</allocation>
    <intervention_model>Parallel Assignment</intervention_model>
    <intervention_model_description>Primary study: Cluster-randomized clinical trial of Covid-19 contacts&#xD;
Secondary study: Randomized clinical trial of Covid-19 cases</intervention_model_description>
    <primary_purpose>Prevention</primary_purpose>
    <masking>None (Open Label)</masking>
    <masking_description>Open label</masking_description>
  </study_design_info>
  <primary_outcome>
    <measure>Study 1- Clinical and virological outcome in exposed contacts</measure>
    <time_frame>Up to 14 days after start of treatment</time_frame>
    <description>Incidence of secondary PCR confirmed symptomatic Covid-19 episodes among contacts after high risk PCR+ exposure</description>
  </primary_outcome>
  <primary_outcome>
    <measure>Study 1- Transmission of SARS-CoV-2 in exposed contacts</measure>
    <time_frame>Up to 14 days after start of treatment</time_frame>
    <description>Incidence of symptomatically compatible or a PCR-positive result regardless of symptoms</description>
  </primary_outcome>
  <primary_outcome>
    <measure>Study 2- Virological outcome in index cases</measure>
    <time_frame>Up to 7 days after start of treatment</time_frame>
    <description>Reduction of viral RNA load in nasopharyngeal swabs at days 3, and 7 after treatment start.</description>
  </primary_outcome>
  <primary_outcome>
    <measure>Study 2- Clinical outcome in index cases</measure>
    <time_frame>Up to 28 days after start of treatment</time_frame>
    <description>Time from randomization to complete resolution of symptoms at an extended 28-days follow-</description>
  </primary_outcome>
  <number_of_arms>2</number_of_arms>
  <enrollment type="Actual">2300</enrollment>
  <condition>COVID-19</condition>
  <arm_group>
    <arm_group_label>No Intervention- SARS-CoV-2 surveillance</arm_group_label>
    <arm_group_type>Active Comparator</arm_group_type>
    <description>Study 1- Contacts will complete a survey collecting demographic, epidemiological and clinical data and provides a swab for RT-PCR testing at baseline and day 14.&#xD;
Study 2- Index case completes a survey collecting demographic, epidemiological and clinical data and provides a swab for RT-PCR testing at baseline and on days 3 and 7.&#xD;
Isolation of patient and contact tracing as per national guidelines.</description>
  </arm_group>
  <arm_group>
    <arm_group_label>Testing, treatment and prophylaxis of SARS-CoV-2</arm_group_label>
    <arm_group_type>Experimental</arm_group_type>
    <description>Study 1- Contacts receive Hydroxychloroquine prophylaxis. Contacts will complete a survey collecting demographic, epidemiological and clinical and provides a swab for RT-PCR testing at baseline and day 14.&#xD;
Study 2- Index case receives Hydroxychloroquine. Index case completes a survey collecting demographic, epidemiological and clinical data and provides a swab for RT-PCR testing at baseline and on days 3, and 7.&#xD;
Isolation of patient and contact tracing as per national guidelines.</description>
  </arm_group>
  <intervention>
    <intervention_type>Drug</intervention_type>
    <intervention_name>Treatment and prophylaxis</intervention_name>
    <description>Cases will be offered a therapeutic regimen hydroxychloroquine (200mg tablets) 800mg on day 1, and 400mg on days 2-7&#xD;
Contacts will be offered a prophylactic regimen of hydroxychloroquine (200mg tablets) 800mg on day 1, and 400mg on days 2-7.</description>
    <arm_group_label>Testing, treatment and prophylaxis of SARS-CoV-2</arm_group_label>
  </intervention>
  <intervention>
    <intervention_type>Other</intervention_type>
    <intervention_name>Standard Public Health measures</intervention_name>
    <description>Isolation of patient and contact tracing as per national guidelines.</description>
    <arm_group_label>No Intervention- SARS-CoV-2 surveillance</arm_group_label>
    <arm_group_label>Testing, treatment and prophylaxis of SARS-CoV-2</arm_group_label>
  </intervention>
  <eligibility>
    <criteria>
      <textblock>
        Study 1:&#xD;
&#xD;
        Inclusion Criteria for a contact:&#xD;
&#xD;
          1. Asymptomatic individuals exposed to a PCR confirmed COVID19 case within 7 days as&#xD;
             either a healthcare worker or household contact&#xD;
&#xD;
          2. Aged ≥18 years male or female;&#xD;
&#xD;
          3. In women of childbearing potential, negative pregnancy test and commitment to use&#xD;
             contraceptive method throughout the study.&#xD;
&#xD;
          4. Willing to take study medication;&#xD;
&#xD;
          5. Willing to comply with all study procedures;&#xD;
&#xD;
          6. Able to provide oral, informed consent and/or assent.&#xD;
&#xD;
        Exclusion Criteria for a contact:&#xD;
&#xD;
          1. With known history of cardiac arrhythmia (or QT prolongation syndrome);&#xD;
&#xD;
          2. Unable to take drugs by mouth;&#xD;
&#xD;
          3. With significantly abnormal liver function (Child Pugh C)&#xD;
&#xD;
          4. Need of dialysis treatment, or GFR≤30 mL/min/1.73 m2;&#xD;
&#xD;
          5. Participants with psoriasis, myasthenia, haematopoietic and retinal&#xD;
             diseases,CNS-related hearing loss or glucose-6-phosphate dehydrogenase deficit;&#xD;
&#xD;
          6. Persons already treated with any of the study drugs during the last 30 days;&#xD;
&#xD;
          7. Pregnant or lactating women;&#xD;
&#xD;
          8. Any contraindications as per the Data Sheet of Hydroxychloroquine.&#xD;
&#xD;
        Study 2:&#xD;
&#xD;
        Inclusion Criteria for a case:&#xD;
&#xD;
          1. Patients who meet the requirements of the New Coronavirus Infection Diagnosis (Acute&#xD;
             &lt;5 days respiratory infection symptoms, or fever alone, or acute cough alone and&#xD;
             positive PCR)&#xD;
&#xD;
          2. Aged ≥18 years male or female;&#xD;
&#xD;
          3. In women of childbearing potential, negative pregnancy test and commitment to use&#xD;
             contraceptive method throughout the study.&#xD;
&#xD;
          4. Willing to take study medication&#xD;
&#xD;
          5. Willing to comply with all study procedures, including repeat nasal swab at day 3&#xD;
&#xD;
          6. Able to provide oral and written informed consent&#xD;
&#xD;
        Exclusion Criteria for a case:&#xD;
&#xD;
          1. Hospital admission&#xD;
&#xD;
          2. Serious condition meeting one of the following: (1) respiratory distress with&#xD;
             respiratory rate &gt;=30 breaths/min; (2) oxygen saturation&lt;=93% on quiet status; (3)&#xD;
             Arterial partial pressure of oxygen (PaO2)/oxygen concentration&lt;=300mmHg;&#xD;
&#xD;
          3. Critically ill patients meeting one of the following: (1) Experience respiratory&#xD;
             failure and need to receive mechanical ventilation; (2) Experience shock; (3)&#xD;
             Complicated with other organs failure and need intensive care and therapy in ICU;&#xD;
&#xD;
          4. Participants under treatment with medications likely to interfere with experimental&#xD;
             drugs&#xD;
&#xD;
          5. Unable to take drugs by mouth;&#xD;
&#xD;
          6. With significantly abnormal liver function (Child Pugh C)&#xD;
&#xD;
          7. Need of dialysis treatment, or GFR≤30 mL/min/1.73 m2;&#xD;
&#xD;
          8. Participants with psoriasis, myasthenia, haematopoietic and retinal&#xD;
             diseases,CNS-related hearing loss or glucose-6-phosphate dehydrogenase deficit&#xD;
&#xD;
          9. Participants with severe neurological and mental illness;&#xD;
&#xD;
         10. Pregnant or lactating women;&#xD;
&#xD;
         11. Inability to consent and/or comply with study protocol;&#xD;
&#xD;
         12. Individuals with known hypersensitivity to the study drugs.&#xD;
&#xD;
         13. Persons already treated with any of the study drugs during the last 30 days.&#xD;
&#xD;
         14. Any contraindications as per the Data Sheet of Hydroxychloroquine.&#xD;
      </textblock>
    </criteria>
    <gender>All</gender>
    <minimum_age>18 Years</minimum_age>
    <maximum_age>N/A</maximum_age>
    <healthy_volunteers>Accepts Healthy Volunteers</healthy_volunteers>
  </eligibility>
  <location>
    <facility>
      <name>Departament de Salut</name>
      <address>
        <city>Barcelona</city>
        <country>Spain</country>
      </address>
    </facility>
  </location>
  <location_countries>
    <country>Spain</country>
  </location_countries>
  <verification_date>June 2020</verification_date>
  <study_first_submitted>March 5, 2020</study_first_submitted>
  <study_first_submitted_qc>March 7, 2020</study_first_submitted_qc>
  <study_first_posted type="Actual">March 11, 2020</study_first_posted>
  <last_update_submitted>June 26, 2020</last_update_submitted>
  <last_update_submitted_qc>June 26, 2020</last_update_submitted_qc>
  <last_update_posted type="Actual">June 30, 2020</last_update_posted>
  <responsible_party>
    <responsible_party_type>Principal Investigator</responsible_party_type>
    <investigator_affiliation>Fundación FLS de Lucha Contra el Sida, las Enfermedades Infecciosas y la Promoción de la Salud y la Ciencia</investigator_affiliation>
    <investigator_full_name>Oriol Mitja</investigator_full_name>
    <investigator_title>Prof (Ass) Infectious Disease and Global Health</investigator_title>
  </responsible_party>
  <patient_data>
    <sharing_ipd>Yes</sharing_ipd>
    <ipd_description>Open access</ipd_description>
    <ipd_info_type>Study Protocol</ipd_info_type>
    <ipd_info_type>Statistical Analysis Plan (SAP)</ipd_info_type>
    <ipd_info_type>Informed Consent Form (ICF)</ipd_info_type>
    <ipd_info_type>Clinical Study Report (CSR)</ipd_info_type>
    <ipd_info_type>Analytic Code</ipd_info_type>
    <ipd_time_frame>30 days after start of treatment</ipd_time_frame>
    <ipd_access_criteria>Open access for everybody</ipd_access_criteria>
    <ipd_url>http://www.estudicovid19.org</ipd_url>
  </patient_data>
  <!-- Results have not yet been posted for this study                                          -->
</clinical_study>

