<?xml version="1.0" encoding="UTF-8"?>
<clinical_study rank="5709">
  <!-- This xml conforms to an XML Schema at:
    https://clinicaltrials.gov/ct2/html/images/info/public.xsd -->
  <required_header>
    <download_date>ClinicalTrials.gov processed this data on April 14, 2021</download_date>
    <link_text>Link to the current ClinicalTrials.gov record.</link_text>
    <url>https://clinicaltrials.gov/show/NCT04181021</url>
  </required_header>
  <id_info>
    <org_study_id>2019VCAT</org_study_id>
    <nct_id>NCT04181021</nct_id>
  </id_info>
  <brief_title>Evaluation of Values Clarification and Attitude Transformation Workshops on Abortion and Family Planning Service Provision and Client Experience</brief_title>
  <official_title>Evaluation of Values Clarification and Attitude Transformation Workshops on Abortion and Family Planning Service Provision and Client Experience in Socially Franchised Facilities in Ethiopia: A Cluster Randomized Study</official_title>
  <sponsors>
    <lead_sponsor>
      <agency>Ibis Reproductive Health</agency>
      <agency_class>Other</agency_class>
    </lead_sponsor>
    <collaborator>
      <agency>Marie Stopes International</agency>
      <agency_class>Other</agency_class>
    </collaborator>
    <collaborator>
      <agency>Marie Stopes Ethiopia</agency>
      <agency_class>Other</agency_class>
    </collaborator>
  </sponsors>
  <source>Ibis Reproductive Health</source>
  <oversight_info>
    <has_dmc>No</has_dmc>
    <is_fda_regulated_drug>No</is_fda_regulated_drug>
    <is_fda_regulated_device>No</is_fda_regulated_device>
  </oversight_info>
  <brief_summary>
    <textblock>
      Stigma around abortion and other reproductive health care is pervasive in most contexts and&#xD;
      has been documented to have implications for the quality of care. This study aims to assess&#xD;
      how Values Clarification and Attitude Transformation (VCAT) workshops for providers of&#xD;
      abortion and family planning services influences service provision of abortion and family&#xD;
      planning services, including the quality and person-centeredness of care provided. A&#xD;
      secondary aim is to measure how provider attitudes, knowledge, and behavioral intent change&#xD;
      over time as a result of the VCAT workshop.This study will be conducted across multiple&#xD;
      regions in Ethiopia.&#xD;
    </textblock>
  </brief_summary>
  <detailed_description>
    <textblock>
      This two-arm, parallel design stratified cluster randomized control trial aims to assess how&#xD;
      Values Clarification and Attitude Transformation (VCAT) workshops on influences service&#xD;
      provision to clients seeking abortion and family planning services. The study aims to assess&#xD;
      whether the experiences and quality of care of abortion clients of any age and family&#xD;
      planning clients under the age of 20 change as a potential consequence of the VCAT workshop.&#xD;
      A secondary aim is to measure how provider attitudes, knowledge, and behavioral intent change&#xD;
      over time in relation to the VCAT workshops. This study will be conducted at socially&#xD;
      franchised facilities in the Blue Star network in Ethiopia run by Marie Stopes Ethiopia. This&#xD;
      study is a mixed methods study with two concurrent quantitative study designs that account&#xD;
      for the need for different recruitment and data collection strategies for the two target&#xD;
      populations, clients and providers, and a qualitative component for both target populations.&#xD;
&#xD;
      The unit of randomization is the facility. Facilities will be randomized with a 1:1 ratio&#xD;
      between intervention and control within strata defined by eligible client volume, using a&#xD;
      disproportionate allocation by client volume. Facilities will not be blinded to treatment&#xD;
      assignment group after baseline. To measure client experience of person-centered quality&#xD;
      care, cross-sectional surveys with adolescent clients under 20 years old who receive family&#xD;
      planning or abortion services, and with abortion clients of any age will be collected at two&#xD;
      time points (before and after VCAT workshops). Clients will only be recruited from &quot;high&quot;&#xD;
      volume facilities. Providers and promoters will be followed longitudinally for up to 6&#xD;
      months. A subsample of abortion clients who participated in the survey will be interviewed.&#xD;
      Using preliminary analysis of provider responses, semi-structured in-depth interviews (IDI)&#xD;
      with a subset of providers who took part in the VCAT training will be conducted. Providers&#xD;
      from facilities who demonstrated significant change in outcomes of interest and those who did&#xD;
      not will be purposively sample.&#xD;
&#xD;
      Additionally, service volume and referrals of abortion and family planning clients will be&#xD;
      analyzed for all facilities using routine service statistics to assess whether there was a&#xD;
      potential change in volumes related to the VCAT workshops.&#xD;
    </textblock>
  </detailed_description>
  <overall_status>Enrolling by invitation</overall_status>
  <start_date type="Actual">November 25, 2019</start_date>
  <completion_date type="Anticipated">December 2020</completion_date>
  <primary_completion_date type="Anticipated">July 2020</primary_completion_date>
  <phase>N/A</phase>
  <study_type>Interventional</study_type>
  <has_expanded_access>No</has_expanded_access>
  <study_design_info>
    <allocation>Randomized</allocation>
    <intervention_model>Parallel Assignment</intervention_model>
    <primary_purpose>Health Services Research</primary_purpose>
    <masking>None (Open Label)</masking>
  </study_design_info>
  <primary_outcome>
    <measure>Person-centered abortion and family planning scale</measure>
    <time_frame>1.5 months</time_frame>
    <description>A validated scale measuring the dimensions of respectful and supportive care, communication and autonomy, and structural quality. The score is on a scale from 0 to 69 and higher scores represent more person-centered care.</description>
  </primary_outcome>
  <primary_outcome>
    <measure>Percent of clients reporting essential person-centered care components</measure>
    <time_frame>1.5 months</time_frame>
    <description>Percent of clients reporting having received kind and compassionate care from their provider, not feeling like they were treated differently based on age, marital status, or other characteristic, not feeling judged by their provider, having received respectful care, and feeling involved in the decisions around their care</description>
  </primary_outcome>
  <secondary_outcome>
    <measure>Percent of providers that agree they could support a woman having an abortion or using family planning if they didn't agree with their decision</measure>
    <time_frame>6 months</time_frame>
  </secondary_outcome>
  <secondary_outcome>
    <measure>Level of knowledge around interpretation for legal grounds for abortion in Ethiopia</measure>
    <time_frame>6 months</time_frame>
    <description>Proportion knowing the legal indications for abortion in Ethiopia, the legal grounds for denial of abortion services, and the correct interpretation of the law around abortion services for married women, minors, women seeking services under the rape and incest clause, and women requesting an abortion under the grounds that the pregnancy is a risk to their health</description>
  </secondary_outcome>
  <secondary_outcome>
    <measure>Volume of patients</measure>
    <time_frame>1 year</time_frame>
    <description>Volume of abortion and family planning clients under age 20</description>
  </secondary_outcome>
  <secondary_outcome>
    <measure>Patient referrals by promoters</measure>
    <time_frame>1 year</time_frame>
    <description>Number of referrals for safe abortion care and for family planning among clients under the age of 20</description>
  </secondary_outcome>
  <secondary_outcome>
    <measure>Percent of providers who believe that women should have access to safe, comprehensive abortion care regardless of COVID-19 in Ethiopia</measure>
    <time_frame>9 months</time_frame>
  </secondary_outcome>
  <number_of_arms>2</number_of_arms>
  <enrollment type="Anticipated">100</enrollment>
  <condition>Abortion</condition>
  <condition>Contraception</condition>
  <arm_group>
    <arm_group_label>Intervention</arm_group_label>
    <arm_group_type>Experimental</arm_group_type>
    <description>Providers and community-based promoters will participate in the VCAT workshop. Providers and community-based promoters will take part in two different workshops at different times.</description>
  </arm_group>
  <arm_group>
    <arm_group_label>Control</arm_group_label>
    <arm_group_type>No Intervention</arm_group_type>
    <description>Providers and promoters in the control arm will not be invited to participate in the VCAT workshop.</description>
  </arm_group>
  <intervention>
    <intervention_type>Behavioral</intervention_type>
    <intervention_name>Values Clarification and Attitudes Transformation (VCAT) Workshop</intervention_name>
    <description>VCAT is a participatory workshop aimed to provide accurate information about abortion and family planning and space to engage in critical self-reflection, provoke dialogue on beliefs, values and professional ethics and responsibilities around providing abortion and contraceptive care, and provide a deeper understanding of the range of circumstances in which women seek abortion and contraception.</description>
    <arm_group_label>Intervention</arm_group_label>
  </intervention>
  <eligibility>
    <criteria>
      <textblock>
        Eligibility Criteria for clients:&#xD;
&#xD;
          -  Be willing to participate&#xD;
&#xD;
          -  Speak a language that is spoken by a study staff member&#xD;
&#xD;
          -  Be able to give informed consent&#xD;
&#xD;
          -  Have obtained abortion services (any age) or family planning services (&lt;20 years old)&#xD;
             from one of the participating social franchise facilities during one of the study&#xD;
             periods&#xD;
&#xD;
        Eligibility Criteria for providers:&#xD;
&#xD;
          -  Be trained to provide medication abortion and/or surgical abortion or be a&#xD;
             community-based promoter employed by participating Blue Star facilities&#xD;
&#xD;
          -  Speak one of the study languages, including English, Amharic, Oromiffa, and Tigrinya.&#xD;
&#xD;
          -  Be willing to be randomized to either participate in VCAT training or be in the&#xD;
             control arm.&#xD;
&#xD;
          -  Be willing to participate in the study&#xD;
&#xD;
          -  Be able to provide informed consent&#xD;
&#xD;
          -  Have a private space in the clinic for clients to complete the client survey and&#xD;
             in-depth interview&#xD;
&#xD;
          -  Not have participated in 2018 pilot VCAT trainings&#xD;
&#xD;
          -  Work at a facility that has been a part of the social franchise network for at least&#xD;
             six months prior to the study&#xD;
&#xD;
        Eligibility criteria for promoters&#xD;
&#xD;
          -  Speak a language spoken by a study staff member&#xD;
&#xD;
          -  Be willing to participate in the study&#xD;
&#xD;
          -  Be willing to be randomized to participate in the VCAT training for community-based&#xD;
             promoters&#xD;
      </textblock>
    </criteria>
    <gender>Female</gender>
    <minimum_age>N/A</minimum_age>
    <maximum_age>N/A</maximum_age>
    <healthy_volunteers>No</healthy_volunteers>
  </eligibility>
  <overall_official>
    <last_name>Alexandra Wollum</last_name>
    <role>Principal Investigator</role>
    <affiliation>Ibis Reproductive Health</affiliation>
  </overall_official>
  <location>
    <facility>
      <name>Blue Star facilities</name>
      <address>
        <city>Multiple</city>
        <state>Addis Ababa, Oromiya, Tigray, Snnpr, Amhara</state>
        <country>Ethiopia</country>
      </address>
    </facility>
  </location>
  <location_countries>
    <country>Ethiopia</country>
  </location_countries>
  <verification_date>May 2020</verification_date>
  <study_first_submitted>November 26, 2019</study_first_submitted>
  <study_first_submitted_qc>November 26, 2019</study_first_submitted_qc>
  <study_first_posted type="Actual">November 29, 2019</study_first_posted>
  <last_update_submitted>May 27, 2020</last_update_submitted>
  <last_update_submitted_qc>May 27, 2020</last_update_submitted_qc>
  <last_update_posted type="Actual">May 29, 2020</last_update_posted>
  <responsible_party>
    <responsible_party_type>Sponsor</responsible_party_type>
  </responsible_party>
  <patient_data>
    <sharing_ipd>No</sharing_ipd>
  </patient_data>
  <!-- Results have not yet been posted for this study                                          -->
</clinical_study>

