<?xml version="1.0" encoding="UTF-8"?>
<clinical_study rank="2146">
  <!-- This xml conforms to an XML Schema at:
    https://clinicaltrials.gov/ct2/html/images/info/public.xsd -->
  <required_header>
    <download_date>ClinicalTrials.gov processed this data on April 14, 2021</download_date>
    <link_text>Link to the current ClinicalTrials.gov record.</link_text>
    <url>https://clinicaltrials.gov/show/NCT04321421</url>
  </required_header>
  <id_info>
    <org_study_id>IRCCSSanMatteoH</org_study_id>
    <nct_id>NCT04321421</nct_id>
  </id_info>
  <brief_title>Hyperimmune Plasma for Critical Patients With COVID-19</brief_title>
  <acronym>COV19-PLASMA</acronym>
  <official_title>Plasma From Donors Recovered From New Coronavirus 2019 As Therapy For Critical Patients With Covid-19</official_title>
  <sponsors>
    <lead_sponsor>
      <agency>Foundation IRCCS San Matteo Hospital</agency>
      <agency_class>Other</agency_class>
    </lead_sponsor>
    <collaborator>
      <agency>OSPEDALE CARLO POMA ASST MANTOVA</agency>
      <agency_class>Other</agency_class>
    </collaborator>
  </sponsors>
  <source>Foundation IRCCS San Matteo Hospital</source>
  <oversight_info>
    <has_dmc>No</has_dmc>
    <is_fda_regulated_drug>No</is_fda_regulated_drug>
    <is_fda_regulated_device>No</is_fda_regulated_device>
  </oversight_info>
  <brief_summary>
    <textblock>
      The outbreak of severe acute respiratory syndrome coronavirus 2 (SARS-CoV-2), has become&#xD;
      pandemic. To date, no specific treatment has been proven to be effective. Promising results&#xD;
      were obtained in China using Hyperimmune plasma from patients recovered from the disease.The&#xD;
      investigators plan to treat critical Covid-19 patients with hyperimmune plasma.&#xD;
    </textblock>
  </brief_summary>
  <detailed_description>
    <textblock>
      Apheresis from recovered donors will be performed with a cell separator device , with 500-600&#xD;
      mL of plasma obtained from each donor. Donors are males, age 18 yrs or more, evaluated for&#xD;
      transmissible diseases according to the italian law. Adjunctive tests will be for hepatitis A&#xD;
      virus, hepatitis E virus and Parvovirus B-19. All donors will be tested for the Covid-19&#xD;
      neutralizing title. Each plasma bag obtained from plasmapheresis will be immediately divided&#xD;
      in two units and frozen according to the national standards and stored separately.&#xD;
&#xD;
      Based on experience published in literature 250-300 mL of convalescent plasma will be used to&#xD;
      treat each of the recruited patients at most 3 times over 5 days.&#xD;
    </textblock>
  </detailed_description>
  <overall_status>Completed</overall_status>
  <start_date type="Actual">March 17, 2020</start_date>
  <completion_date type="Actual">May 7, 2020</completion_date>
  <primary_completion_date type="Actual">April 28, 2020</primary_completion_date>
  <phase>N/A</phase>
  <study_type>Interventional</study_type>
  <has_expanded_access>No</has_expanded_access>
  <study_design_info>
    <allocation>N/A</allocation>
    <intervention_model>Single Group Assignment</intervention_model>
    <intervention_model_description>Longitudinal assessment of COVID-19 patients treated with hyperimmune plasma</intervention_model_description>
    <primary_purpose>Treatment</primary_purpose>
    <masking>None (Open Label)</masking>
  </study_design_info>
  <primary_outcome>
    <measure>death</measure>
    <time_frame>within 7 days</time_frame>
    <description>death from any cause</description>
  </primary_outcome>
  <secondary_outcome>
    <measure>time to extubation</measure>
    <time_frame>within 7 days</time_frame>
    <description>days since intubation</description>
  </secondary_outcome>
  <secondary_outcome>
    <measure>length of intensive care unit stay</measure>
    <time_frame>within 7 days</time_frame>
    <description>days from entry to exit from ICU</description>
  </secondary_outcome>
  <secondary_outcome>
    <measure>time to CPAP weaning</measure>
    <time_frame>within 7 days</time_frame>
    <description>days since CPAP initiation</description>
  </secondary_outcome>
  <secondary_outcome>
    <measure>viral load</measure>
    <time_frame>at days 1, 3 and 7</time_frame>
    <description>naso-pharyngeal swab, sputum and BAL</description>
  </secondary_outcome>
  <secondary_outcome>
    <measure>immune response</measure>
    <time_frame>at days 1, 3 and 7</time_frame>
    <description>neutralizing title</description>
  </secondary_outcome>
  <number_of_arms>1</number_of_arms>
  <enrollment type="Actual">49</enrollment>
  <condition>COVID-19</condition>
  <arm_group>
    <arm_group_label>treated</arm_group_label>
    <arm_group_type>Experimental</arm_group_type>
    <description>treated with hyperimmune plasma</description>
  </arm_group>
  <intervention>
    <intervention_type>Other</intervention_type>
    <intervention_name>hyperimmune plasma</intervention_name>
    <description>administration of hyperimmune plasma at day 1 and based on clinical response on day 3 and 5</description>
    <arm_group_label>treated</arm_group_label>
  </intervention>
  <eligibility>
    <criteria>
      <textblock>
        Inclusion Criteria:&#xD;
&#xD;
          -  age &gt;=18 yrs&#xD;
&#xD;
          -  positive for reverse transcription polymerase chain reaction (RT-PCR) severe acute&#xD;
             respiratory syndrome (SARS)-CoV-2&#xD;
&#xD;
          -  Acute respiratory distress syndrome (ARDS) moderate to severe, according to Berlin&#xD;
             definition, lasting less than10 days&#xD;
&#xD;
          -  Polymerase chain reaction (PCR) increased by 3.5 with respect to baseline or &gt;1.8&#xD;
             mg/dl&#xD;
&#xD;
          -  need for mechanical ventilation or continuous positive airway pressure (CPAP)&#xD;
&#xD;
          -  signed informed consent unless unfeasible for the critical condition&#xD;
&#xD;
        Exclusion Criteria:&#xD;
&#xD;
          -  Moderate to severe ARDS lasting more than 10 days&#xD;
&#xD;
          -  proven hypersensitivity or allergic reaction to hemoderivatives or immunoglobulins&#xD;
&#xD;
          -  consent denied&#xD;
      </textblock>
    </criteria>
    <gender>All</gender>
    <minimum_age>18 Years</minimum_age>
    <maximum_age>N/A</maximum_age>
    <healthy_volunteers>No</healthy_volunteers>
  </eligibility>
  <overall_official>
    <last_name>Cesare Perotti, MD</last_name>
    <role>Principal Investigator</role>
    <affiliation>Foundation IRCCS San Matteo Hospital</affiliation>
  </overall_official>
  <location>
    <facility>
      <name>Catherine Klersy</name>
      <address>
        <city>Pavia</city>
        <state>PV</state>
        <zip>27100</zip>
        <country>Italy</country>
      </address>
    </facility>
  </location>
  <location>
    <facility>
      <name>Ospedale Asst Carlo Poma Mantova</name>
      <address>
        <city>Mantova</city>
        <zip>46100</zip>
        <country>Italy</country>
      </address>
    </facility>
  </location>
  <location_countries>
    <country>Italy</country>
  </location_countries>
  <reference>
    <citation>Chen L, Xiong J, Bao L, Shi Y. Convalescent plasma as a potential therapy for COVID-19. Lancet Infect Dis. 2020 Apr;20(4):398-400. doi: 10.1016/S1473-3099(20)30141-9. Epub 2020 Feb 27.</citation>
    <PMID>32113510</PMID>
  </reference>
  <reference>
    <citation>WHO. Clinical management of severe acute respiratory infection when novel coronavirus (nCoV) infection is suspected. 2020. https://www.who. int/docs/default-source/coronaviruse/clinical-management-of-novel-cov. pdf (accessed Feb 20, 2020).</citation>
  </reference>
  <reference>
    <citation>Lai ST. Treatment of severe acute respiratory syndrome. Eur J Clin Microbiol Infect Dis. 2005 Sep;24(9):583-91. Review.</citation>
    <PMID>16172857</PMID>
  </reference>
  <reference>
    <citation>WHO. Use of convalescent whole blood or plasma collected from patients recovered from Ebola virus disease for transfusion, as an empirical treatment during outbreaks. 2014. http://apps.who.int/iris/rest/ bitstreams/604045/retrieve (accessed Feb 20, 2020).</citation>
  </reference>
  <reference>
    <citation>Arabi Y, Balkhy H, Hajeer AH, Bouchama A, Hayden FG, Al-Omari A, Al-Hameed FM, Taha Y, Shindo N, Whitehead J, Merson L, AlJohani S, Al-Khairy K, Carson G, Luke TC, Hensley L, Al-Dawood A, Al-Qahtani S, Modjarrad K, Sadat M, Rohde G, Leport C, Fowler R. Feasibility, safety, clinical, and laboratory effects of convalescent plasma therapy for patients with Middle East respiratory syndrome coronavirus infection: a study protocol. Springerplus. 2015 Nov 19;4:709. doi: 10.1186/s40064-015-1490-9. eCollection 2015.</citation>
    <PMID>26618098</PMID>
  </reference>
  <reference>
    <citation>Hung IF, To KK, Lee CK, Lee KL, Chan K, Yan WW, Liu R, Watt CL, Chan WM, Lai KY, Koo CK, Buckley T, Chow FL, Wong KK, Chan HS, Ching CK, Tang BS, Lau CC, Li IW, Liu SH, Chan KH, Lin CK, Yuen KY. Convalescent plasma treatment reduced mortality in patients with severe pandemic influenza A (H1N1) 2009 virus infection. Clin Infect Dis. 2011 Feb 15;52(4):447-56. doi: 10.1093/cid/ciq106. Epub 2011 Jan 19.</citation>
    <PMID>21248066</PMID>
  </reference>
  <reference>
    <citation>Holshue ML, DeBolt C, Lindquist S, Lofy KH, Wiesman J, Bruce H, Spitters C, Ericson K, Wilkerson S, Tural A, Diaz G, Cohn A, Fox L, Patel A, Gerber SI, Kim L, Tong S, Lu X, Lindstrom S, Pallansch MA, Weldon WC, Biggs HM, Uyeki TM, Pillai SK; Washington State 2019-nCoV Case Investigation Team. First Case of 2019 Novel Coronavirus in the United States. N Engl J Med. 2020 Mar 5;382(10):929-936. doi: 10.1056/NEJMoa2001191. Epub 2020 Jan 31.</citation>
    <PMID>32004427</PMID>
  </reference>
  <verification_date>May 2020</verification_date>
  <study_first_submitted>March 23, 2020</study_first_submitted>
  <study_first_submitted_qc>March 23, 2020</study_first_submitted_qc>
  <study_first_posted type="Actual">March 25, 2020</study_first_posted>
  <last_update_submitted>May 27, 2020</last_update_submitted>
  <last_update_submitted_qc>May 27, 2020</last_update_submitted_qc>
  <last_update_posted type="Actual">May 28, 2020</last_update_posted>
  <responsible_party>
    <responsible_party_type>Principal Investigator</responsible_party_type>
    <investigator_affiliation>Foundation IRCCS San Matteo Hospital</investigator_affiliation>
    <investigator_full_name>Cesare Perotti</investigator_full_name>
    <investigator_title>Head, Immunohematology &amp; Transfusion Service</investigator_title>
  </responsible_party>
  <keyword>hyperimmune plasma</keyword>
  <keyword>COVID-19</keyword>
  <patient_data>
    <sharing_ipd>Undecided</sharing_ipd>
    <ipd_description>will be decided</ipd_description>
  </patient_data>
  <!-- Results have not yet been posted for this study                                          -->
</clinical_study>

