<?xml version="1.0" encoding="UTF-8"?>
<clinical_study rank="4290">
  <!-- This xml conforms to an XML Schema at:
    https://clinicaltrials.gov/ct2/html/images/info/public.xsd -->
  <required_header>
    <download_date>ClinicalTrials.gov processed this data on April 14, 2021</download_date>
    <link_text>Link to the current ClinicalTrials.gov record.</link_text>
    <url>https://clinicaltrials.gov/show/NCT04331613</url>
  </required_header>
  <id_info>
    <org_study_id>ChineseASZQ-006</org_study_id>
    <nct_id>NCT04331613</nct_id>
  </id_info>
  <brief_title>Safety and Efficacy of CAStem for Severe COVID-19 Associated With/Without ARDS</brief_title>
  <official_title>Safety and Efficacy Study of Human Embryonic Stem Cells Derived M Cells (CAStem) for the Treatment of Severe COVID-19 Associated With or Without Acute Respiratory Distress Syndrome (ARDS)</official_title>
  <sponsors>
    <lead_sponsor>
      <agency>Chinese Academy of Sciences</agency>
      <agency_class>Other</agency_class>
    </lead_sponsor>
    <collaborator>
      <agency>Beijing YouAn Hospital</agency>
      <agency_class>Other</agency_class>
    </collaborator>
  </sponsors>
  <source>Chinese Academy of Sciences</source>
  <oversight_info>
    <has_dmc>Yes</has_dmc>
    <is_fda_regulated_drug>No</is_fda_regulated_drug>
    <is_fda_regulated_device>No</is_fda_regulated_device>
  </oversight_info>
  <brief_summary>
    <textblock>
      A phase1/2, open label, dose escalation, safety and early efficacy study of CAStem for the&#xD;
      treatment of severe COVID-19 associated with or without ARDS.&#xD;
    </textblock>
  </brief_summary>
  <detailed_description>
    <textblock>
      CAStem is an injectable product composed of immunity- and matrix-regulatory cells (IMRCs),&#xD;
      also named M cells, differentiated from clinical-grade human embryonic stem cells (hESCs)&#xD;
      will be expanded, harvested, and formulated at a concentration of 50 x 10^6 cells/mL. CAStem&#xD;
      will be cryopreserved and transported to clinical site using liquid nitrogen vapor shipping&#xD;
      vessels (&lt; -150ºC). Prior to injection, CAStem will be thawed to liquefy quickly, and then&#xD;
      reconstituted in normal saline.In the present study, the intravenous infusion dose of CAStem&#xD;
      will be 3, 5 or 10 million cells/kg.&#xD;
    </textblock>
  </detailed_description>
  <overall_status>Recruiting</overall_status>
  <start_date type="Actual">January 27, 2020</start_date>
  <completion_date type="Anticipated">December 2020</completion_date>
  <primary_completion_date type="Anticipated">December 2020</primary_completion_date>
  <phase>Phase 1/Phase 2</phase>
  <study_type>Interventional</study_type>
  <has_expanded_access>No</has_expanded_access>
  <study_design_info>
    <allocation>N/A</allocation>
    <intervention_model>Single Group Assignment</intervention_model>
    <primary_purpose>Treatment</primary_purpose>
    <masking>None (Open Label)</masking>
  </study_design_info>
  <primary_outcome>
    <measure>Adverse reaction (AE) and severe adverse reaction (SAE)</measure>
    <time_frame>Within 28 days after treatment</time_frame>
    <description>Frequency of adverse reaction (AE) and severe adverse reaction (SAE) within 28 days after treatment</description>
  </primary_outcome>
  <primary_outcome>
    <measure>Changes of lung imaging examinations</measure>
    <time_frame>Within 28 days after treatment</time_frame>
    <description>Evaluation by chest CT</description>
  </primary_outcome>
  <secondary_outcome>
    <measure>Time to SARS-CoV-2 RT-PCR negative</measure>
    <time_frame>Within 28 days after treatment</time_frame>
    <description>Marker for SARS-CoV-2</description>
  </secondary_outcome>
  <secondary_outcome>
    <measure>Duration of fever (Celsius)</measure>
    <time_frame>Within 28 days after treatment</time_frame>
    <description>The duration of a fever above 37.3 degrees Celsius</description>
  </secondary_outcome>
  <secondary_outcome>
    <measure>Changes of blood oxygen (%)</measure>
    <time_frame>Within 28 days after treatment</time_frame>
    <description>Marker for efficacy</description>
  </secondary_outcome>
  <secondary_outcome>
    <measure>Rate of all-cause mortality within 28 days</measure>
    <time_frame>Within 28 days after treatment</time_frame>
    <description>Marker for efficacy</description>
  </secondary_outcome>
  <secondary_outcome>
    <measure>Lymphocyte count (*10^9/L)</measure>
    <time_frame>Within 28 days after treatment</time_frame>
    <description>Counts of lymphocyte in a litre (L) of blood</description>
  </secondary_outcome>
  <secondary_outcome>
    <measure>Alanine aminotransferase (U/L)</measure>
    <time_frame>Within 28 days after treatment</time_frame>
    <description>Alanine aminotransferase in unit (U)/litre(L)</description>
  </secondary_outcome>
  <secondary_outcome>
    <measure>Creatinine (umol/L)</measure>
    <time_frame>Within 28 days after treatment</time_frame>
    <description>Creatinine in micromole (umol)/litre(L)</description>
  </secondary_outcome>
  <secondary_outcome>
    <measure>Creatine kinase (U/L)</measure>
    <time_frame>Within 28 days after treatment</time_frame>
    <description>Creatine kinase in U/L</description>
  </secondary_outcome>
  <secondary_outcome>
    <measure>C-reactive protein (mg/L)</measure>
    <time_frame>Within 28 days after treatment</time_frame>
    <description>C-reactive in microgram (mg)/litre(L)</description>
  </secondary_outcome>
  <secondary_outcome>
    <measure>Procalcitonin (ng/L)</measure>
    <time_frame>Within 28 days after treatment</time_frame>
    <description>Procalcitonin in nanogram (ng)/litre(L)</description>
  </secondary_outcome>
  <secondary_outcome>
    <measure>Lactate (mmol/L)</measure>
    <time_frame>Within 28 days after treatment</time_frame>
    <description>Lactate in millimole(mmol)/litre(L)</description>
  </secondary_outcome>
  <secondary_outcome>
    <measure>IL-1beta (pg/mL)</measure>
    <time_frame>Within 28 days after treatment</time_frame>
    <description>IL-1beta in picogram(pg)/millilitre(mL)</description>
  </secondary_outcome>
  <secondary_outcome>
    <measure>IL-2 (pg/mL)</measure>
    <time_frame>Within 28 days after treatment</time_frame>
    <description>IL-2 in pg/mL</description>
  </secondary_outcome>
  <secondary_outcome>
    <measure>IL-6 (pg/mL)</measure>
    <time_frame>Within 28 days after treatment</time_frame>
    <description>IL-6 in pg/mL</description>
  </secondary_outcome>
  <secondary_outcome>
    <measure>IL-8 (pg/mL)</measure>
    <time_frame>Within 28 days after treatment</time_frame>
    <description>IL-8 in pg/mL</description>
  </secondary_outcome>
  <number_of_arms>1</number_of_arms>
  <enrollment type="Anticipated">9</enrollment>
  <condition>COVID-19</condition>
  <condition>Acute Respiratory Distress Syndrome</condition>
  <condition>Virus; Pneumonia</condition>
  <condition>Acute Lung Injury</condition>
  <arm_group>
    <arm_group_label>CAStem</arm_group_label>
    <arm_group_type>Experimental</arm_group_type>
    <description>A dose-escalation with 3 cohorts with 3 patients/cohort who receive doses of 3, 5 or 10 million cells/kg. If there is no safety concerns for each cohort, the dose will be escalated from lower dose to next higher dose.</description>
  </arm_group>
  <intervention>
    <intervention_type>Biological</intervention_type>
    <intervention_name>CAStem</intervention_name>
    <description>CAStem will be administered intravenously.</description>
    <arm_group_label>CAStem</arm_group_label>
  </intervention>
  <eligibility>
    <criteria>
      <textblock>
        Inclusion criteria:&#xD;
&#xD;
          1. Chinese patients, aged 18 to 70 years old, males or females;&#xD;
&#xD;
          2. Diagnosis of COVID-19, and confirm by chest CT scan;&#xD;
&#xD;
          3. According to the diagnosis and treatment plan for the novel coronavirus disease&#xD;
             (COVID-19) (trial version 5) issued by the National Health Commission (NHC) on the&#xD;
             diagnostic criteria for severe or critical ill COVID-19 patients including the&#xD;
             patients with acute respiratory distress syndrome (ARDS), the specific diagnostic&#xD;
             criteria are:&#xD;
&#xD;
             Severely ill patients should meet all of the following:&#xD;
&#xD;
               -  1. Respiratory distress, RR ≥ 30 times/min.&#xD;
&#xD;
               -  2. In a resting state (without oxygen supplementation), oxygen saturation ≤ 93%.&#xD;
&#xD;
               -  3. Partial arterial oxygen pressure (PaO2) / oxygen absorption concentration&#xD;
                  (FiO2) ≤ 300 mmHg (1 mmHg = 0.133 kpa). High altitude (above sea level 1000 m)&#xD;
                  area should be calibrated for PaO2/FiO2 according to the following method:&#xD;
                  PaO2/FiO2*[atmospheric pressure (mmHg)/760]. Patients with obvious progress in&#xD;
                  lung lesions by chest CT within 24-48 hours should be counted as the server&#xD;
                  cases.&#xD;
&#xD;
             Critically ill patients should meet one of the following :&#xD;
&#xD;
               -  1. Respiratory failure, the mechanical ventilation required.&#xD;
&#xD;
               -  2. Shock.&#xD;
&#xD;
               -  3. Associated with other organ failure, ICU needed for monitoring and management.&#xD;
&#xD;
          4. Voluntarily participate in the study, agree to comply with the requirements of the&#xD;
             clinical trial protocol, and sign the informed consent.&#xD;
&#xD;
        Exclusion criteria:&#xD;
&#xD;
          1. Patients with a history of transplantation of cells or organ(s).&#xD;
&#xD;
          2. Patients with a history of malignancy or pathology indicating severe atypical&#xD;
             hyperplasia.&#xD;
&#xD;
          3. Patients without life expectancy of 48 hours.&#xD;
&#xD;
          4. Patients with moderate to severe liver failure (Childs Pugh scores &gt; 12).&#xD;
&#xD;
          5. Patients with cardiogenic pulmonary edema.&#xD;
&#xD;
          6. Patients with a history of deep vein thrombosis or pulmonary embolism within 3 months&#xD;
             before the screening.&#xD;
&#xD;
          7. Patients with severe chronic pulmonary diseases, including but not restricted to the&#xD;
             patients with WHO grade III or IV pulmonary hypertension or those with chronic&#xD;
             pulmonary diseases requiring long-term oxygen therapy.&#xD;
&#xD;
          8. Patients with unstable ventricular tachycardia or ventricular fibrillation.&#xD;
&#xD;
          9. Patients with poor coagulation, severe bleeding tendency or active bleeding at&#xD;
             present.&#xD;
&#xD;
         10. Patients with serious dysfunction involved in the major organs or systems (liver,&#xD;
             kidney, gastrointestinal, cardiovascular, blood coagulation, central system, etc.)&#xD;
             besides the respiratory system are not suitable to participate in the present study.&#xD;
&#xD;
         11. Patients with a history of severe conditions in any organs or systems.&#xD;
&#xD;
         12. Patients who are unable to accept other invasive rescue except cardiopulmonary&#xD;
             resuscitation.&#xD;
&#xD;
         13. Patients who are allergic to the main active ingredients or excipients of the&#xD;
             investigational drug.&#xD;
&#xD;
         14. Women who are pregnant, breastfeeding or planning to become pregnant during the study&#xD;
             period. Woman of childbearing age who is not willing to use appropriate contraceptive&#xD;
             methods through the completion of the clinical study.&#xD;
&#xD;
         15. Patients whose participation is considered to bring significant risks to the present&#xD;
             clinical study, cause confusion in analysis, or significantly interfere with the&#xD;
             clinical research results.&#xD;
      </textblock>
    </criteria>
    <gender>All</gender>
    <minimum_age>18 Years</minimum_age>
    <maximum_age>70 Years</maximum_age>
    <healthy_volunteers>No</healthy_volunteers>
  </eligibility>
  <overall_official>
    <last_name>Zhou Qi, Doctor</last_name>
    <role>Principal Investigator</role>
    <affiliation>Institute of zoology, Chinese Academy of Sciences</affiliation>
  </overall_official>
  <overall_contact>
    <last_name>Wang Liu, Doctor</last_name>
    <phone>+86-01064807858</phone>
    <email>wangliu@ioz.ac.cn</email>
  </overall_contact>
  <overall_contact_backup>
    <last_name>Hao Jie, Doctor</last_name>
    <phone>+86-01062558737</phone>
    <email>haojie@ioz.ac.cn</email>
  </overall_contact_backup>
  <location>
    <facility>
      <name>Beijing YouAn Hospital, Capital Medical University</name>
      <address>
        <city>Beijing</city>
        <state>Beijing, China</state>
        <zip>100000</zip>
        <country>China</country>
      </address>
    </facility>
    <status>Recruiting</status>
  </location>
  <location_countries>
    <country>China</country>
  </location_countries>
  <verification_date>January 2020</verification_date>
  <study_first_submitted>February 6, 2020</study_first_submitted>
  <study_first_submitted_qc>March 31, 2020</study_first_submitted_qc>
  <study_first_posted type="Actual">April 2, 2020</study_first_posted>
  <last_update_submitted>March 31, 2020</last_update_submitted>
  <last_update_submitted_qc>March 31, 2020</last_update_submitted_qc>
  <last_update_posted type="Actual">April 2, 2020</last_update_posted>
  <responsible_party>
    <responsible_party_type>Principal Investigator</responsible_party_type>
    <investigator_affiliation>Chinese Academy of Sciences</investigator_affiliation>
    <investigator_full_name>Qi Zhou</investigator_full_name>
    <investigator_title>Director, Institute of Zoology, Chinese Academy of sciences</investigator_title>
  </responsible_party>
  <keyword>CAStem</keyword>
  <keyword>Stem Cells</keyword>
  <keyword>Cell Therapy</keyword>
  <keyword>IMRCs</keyword>
  <condition_browse>
    <!-- CAUTION:  The following MeSH terms are assigned with an imperfect algorithm            -->
    <mesh_term>Pneumonia, Viral</mesh_term>
    <mesh_term>Pneumonia</mesh_term>
    <mesh_term>Respiratory Distress Syndrome, Newborn</mesh_term>
    <mesh_term>Respiratory Distress Syndrome, Adult</mesh_term>
    <mesh_term>Acute Lung Injury</mesh_term>
    <mesh_term>Lung Injury</mesh_term>
    <mesh_term>Syndrome</mesh_term>
  </condition_browse>
  <!-- Results have not yet been posted for this study                                          -->
</clinical_study>

