<?xml version="1.0" encoding="UTF-8"?>
<clinical_study rank="307">
  <!-- This xml conforms to an XML Schema at:
    https://clinicaltrials.gov/ct2/html/images/info/public.xsd -->
  <required_header>
    <download_date>ClinicalTrials.gov processed this data on April 14, 2021</download_date>
    <link_text>Link to the current ClinicalTrials.gov record.</link_text>
    <url>https://clinicaltrials.gov/show/NCT04331574</url>
  </required_header>
  <id_info>
    <org_study_id>SARS-RAS</org_study_id>
    <nct_id>NCT04331574</nct_id>
  </id_info>
  <brief_title>Renin-Angiotensin System Inhibitors and COVID-19</brief_title>
  <acronym>SARS-RAS</acronym>
  <official_title>Phase IV Observational Study to Associate Hypertension and Hypertensinon Treatment to COVID19</official_title>
  <sponsors>
    <lead_sponsor>
      <agency>Societa Italiana dell'Ipertensione Arteriosa</agency>
      <agency_class>Other</agency_class>
    </lead_sponsor>
  </sponsors>
  <source>Societa Italiana dell'Ipertensione Arteriosa</source>
  <oversight_info>
    <has_dmc>Yes</has_dmc>
    <is_fda_regulated_drug>No</is_fda_regulated_drug>
    <is_fda_regulated_device>No</is_fda_regulated_device>
  </oversight_info>
  <brief_summary>
    <textblock>
      Multicentric non-profit observational study, in patients with COVID-19 hospitalized in Italy,&#xD;
      conducted through a pseudonymised survey.&#xD;
    </textblock>
  </brief_summary>
  <detailed_description>
    <textblock>
      The recent SARS-CoV-2 Coronavirus pandemic and subsequent spread of the disease called&#xD;
      COVID-19 brought back to the discussion a topic already highlighted during the SARS-CoV-4&#xD;
      crown-related SARS epidemic of 2002. In particular, the angiotensin converting enzyme 2&#xD;
      (ACE2) has been identified as a functional receptor for coronaviruses, therefore including&#xD;
      SARS-CoV-2. ACE2 is strongly expressed in the heart and lungs. SARS-CoV-2 mainly invades&#xD;
      alveolar epithelial cells, resulting in respiratory symptoms. These symptoms could be made&#xD;
      more severe in the presence of increased expression of ACE2. ACE2 levels can be increased by&#xD;
      the use of renin-angiotensin system inhibitors (RAS). This therapeutic class is particularly&#xD;
      widespread, as it represents the most important pharmacological protection for widespread&#xD;
      diseases such as high blood pressure, heart failure and ischemic heart disease. It is&#xD;
      therefore possible to hypothesize that pharmacological treatment with RAS inhibitors may be&#xD;
      associated with a more severe symptomatology and clinic than COVID-19.&#xD;
&#xD;
      However, several observations from studies on SARSCoV, which are most likely also relevant&#xD;
      for SARS-CoV-2 seem to suggest otherwise. Indeed, it has been shown that the binding of&#xD;
      coronavirus to ACE2 leads to downregulation of ACE2, which in turn causes an ACE / ACE2&#xD;
      imbalance excessive production of angiotensin by the related ACE enzyme. Angiotensin II&#xD;
      receptor 1 (AT1R) stimulated by angiotensin causes an increase in pulmonary vascular&#xD;
      permeability, thereby mediating an increase in lung damage. Therefore, according to this&#xD;
      hypothesis, the upregulation of ACE2, caused by the chronic intake of AT1R and ACE&#xD;
      Inhibitors, could be protective through two mechanisms: the first, that of blocking in the&#xD;
      AT1 receptor; second, increasing ACE2 levels decreases ACE production of angiotensin and&#xD;
      increases ACE2 production of angiotensin 1-7.&#xD;
&#xD;
      The quickest approach to evaluating these two opposing hypotheses is to analyze the medical&#xD;
      records of COVID-19 patients to determine whether patients on RAS antagonist therapy have a&#xD;
      different disease outcome than patients without the above therapy.&#xD;
&#xD;
      This research aims to verify whether the chronic intake of RAS inhibitors modifies the&#xD;
      prevalence and severity of the clinical manifestation of COVID-19.&#xD;
    </textblock>
  </detailed_description>
  <overall_status>Recruiting</overall_status>
  <start_date type="Actual">March 10, 2020</start_date>
  <completion_date type="Anticipated">April 30, 2020</completion_date>
  <primary_completion_date type="Anticipated">April 10, 2020</primary_completion_date>
  <study_type>Observational [Patient Registry]</study_type>
  <has_expanded_access>No</has_expanded_access>
  <study_design_info>
    <observational_model>Case-Only</observational_model>
    <time_perspective>Cross-Sectional</time_perspective>
  </study_design_info>
  <target_duration>3 Months</target_duration>
  <primary_outcome>
    <measure>Numbers of COVID-19 patients enrolled that use ACE inhibitors and/or Angiotensin Receptor Blockers (ARB) as antihypertensive agents</measure>
    <time_frame>3 months</time_frame>
    <description>Using anamnestic data collected from the health record of the hospital or of the general practitioner, we will count the number of COVID-19 patients enrolled that were treated with ACE Inhibitors or ARB.</description>
  </primary_outcome>
  <primary_outcome>
    <measure>Numbers of COVID-19 patients enrolled with no symptoms, with moderate symptoms or with severe symptoms of pneumoni based on the WHO specification for ARDS that also used ACE inhibitors and/or Angiotensin Receptor Blockers (ARB) as antihypertensive agents</measure>
    <time_frame>3 months</time_frame>
    <description>This study want to observe whether the assumption of antihypertensive ACE inhibitors or ARB increases the severity of the clinical manifestation of COVID19</description>
  </primary_outcome>
  <secondary_outcome>
    <measure>Number and type of anthropometric and clinical parameters that associate with COVID19 and COVID-19 severity</measure>
    <time_frame>3 months</time_frame>
    <description>Collecting selected data from the health record and hospital charts of the patients we will assess whether among the recorded parameters there are any that can predict COVID19 prevalence and severity</description>
  </secondary_outcome>
  <number_of_groups>1</number_of_groups>
  <enrollment type="Anticipated">2000</enrollment>
  <condition>COVID-19</condition>
  <condition>Hypertension</condition>
  <condition>Cardiovascular Diseases</condition>
  <arm_group>
    <arm_group_label>covid-19 patients</arm_group_label>
    <description>Patients with certified diagnosis of COVID-19 recruited in Italian hospitals</description>
  </arm_group>
  <eligibility>
    <study_pop>
      <textblock>
        COVID-19 patients enrolled in infectious disease and resuscitation centers in Italy or in&#xD;
        home isolation and health surveillance&#xD;
      </textblock>
    </study_pop>
    <sampling_method>Probability Sample</sampling_method>
    <criteria>
      <textblock>
        Inclusion Criteria:&#xD;
&#xD;
        Patients affected by COVID19 referring to italian outpatient clinics or hospitals&#xD;
&#xD;
        Exclusion Criteria:&#xD;
&#xD;
        -&#xD;
      </textblock>
    </criteria>
    <gender>All</gender>
    <minimum_age>18 Years</minimum_age>
    <maximum_age>120 Years</maximum_age>
    <healthy_volunteers>No</healthy_volunteers>
  </eligibility>
  <overall_official>
    <last_name>Guido Iaccarino, MD</last_name>
    <role>Study Chair</role>
    <affiliation>Federico II University</affiliation>
  </overall_official>
  <overall_official>
    <last_name>Guido Grassi, MD</last_name>
    <role>Study Director</role>
    <affiliation>Inversity of Milan, BICOCCA</affiliation>
  </overall_official>
  <overall_official>
    <last_name>MariaLorenza Muiesan, MD</last_name>
    <role>Principal Investigator</role>
    <affiliation>Università degli Studi di Brescia</affiliation>
  </overall_official>
  <overall_official>
    <last_name>Claudio Borghi, MD</last_name>
    <role>Principal Investigator</role>
    <affiliation>University of Bologna</affiliation>
  </overall_official>
  <overall_official>
    <last_name>Claudio Ferri, MD</last_name>
    <role>Principal Investigator</role>
    <affiliation>University of L'Aquila</affiliation>
  </overall_official>
  <overall_official>
    <last_name>MASSIMO VOLPE, MD</last_name>
    <role>Principal Investigator</role>
    <affiliation>Univerity of Rome &quot;La Sapienza&quot;</affiliation>
  </overall_official>
  <overall_official>
    <last_name>Leonardo Sechi</last_name>
    <role>Principal Investigator</role>
    <affiliation>University of Udine</affiliation>
  </overall_official>
  <overall_contact>
    <last_name>Guido Iaccarino, MD, PhD</last_name>
    <phone>+390817464717</phone>
    <email>guiaccar@unina.it</email>
  </overall_contact>
  <location>
    <facility>
      <name>Spedali Civili di Brescia</name>
      <address>
        <city>Brescia</city>
        <country>Italy</country>
      </address>
    </facility>
    <status>Recruiting</status>
    <contact>
      <last_name>Marialorenza Muiesan</last_name>
    </contact>
  </location>
  <location_countries>
    <country>Italy</country>
  </location_countries>
  <link>
    <url>https://siia.it/notizie-siia/inibitori-del-sistema-renina-angiotensina-e-sars-cov-2-lindagine-della-siia/</url>
    <description>Related Info</description>
  </link>
  <verification_date>April 2020</verification_date>
  <study_first_submitted>March 30, 2020</study_first_submitted>
  <study_first_submitted_qc>April 1, 2020</study_first_submitted_qc>
  <study_first_posted type="Actual">April 2, 2020</study_first_posted>
  <last_update_submitted>April 1, 2020</last_update_submitted>
  <last_update_submitted_qc>April 1, 2020</last_update_submitted_qc>
  <last_update_posted type="Actual">April 2, 2020</last_update_posted>
  <responsible_party>
    <responsible_party_type>Sponsor</responsible_party_type>
  </responsible_party>
  <keyword>risk factors</keyword>
  <keyword>SARS</keyword>
  <keyword>ACE Inibitors</keyword>
  <keyword>ARB</keyword>
  <condition_browse>
    <!-- CAUTION:  The following MeSH terms are assigned with an imperfect algorithm            -->
    <mesh_term>Hypertension</mesh_term>
    <mesh_term>Cardiovascular Diseases</mesh_term>
  </condition_browse>
  <patient_data>
    <sharing_ipd>No</sharing_ipd>
  </patient_data>
  <!-- Results have not yet been posted for this study                                          -->
</clinical_study>

