<?xml version="1.0" encoding="UTF-8"?>
<clinical_study rank="4372">
  <!-- This xml conforms to an XML Schema at:
    https://clinicaltrials.gov/ct2/html/images/info/public.xsd -->
  <required_header>
    <download_date>ClinicalTrials.gov processed this data on April 14, 2021</download_date>
    <link_text>Link to the current ClinicalTrials.gov record.</link_text>
    <url>https://clinicaltrials.gov/show/NCT04326400</url>
  </required_header>
  <id_info>
    <org_study_id>AMADIICH</org_study_id>
    <nct_id>NCT04326400</nct_id>
  </id_info>
  <brief_title>Active Monitoring And Determinants of Incidence Infection of COVDI-19</brief_title>
  <official_title>Active Monitoring And Determinants of Incidence Infection of COVDI-19 in a Hospital Population (AMADIICH) Study Protocol</official_title>
  <sponsors>
    <lead_sponsor>
      <agency>Fundación Teófilo Hernando, Spain</agency>
      <agency_class>Other</agency_class>
    </lead_sponsor>
  </sponsors>
  <source>Fundación Teófilo Hernando, Spain</source>
  <oversight_info>
    <is_fda_regulated_drug>No</is_fda_regulated_drug>
    <is_fda_regulated_device>No</is_fda_regulated_device>
  </oversight_info>
  <brief_summary>
    <textblock>
      7. Objectives To apply e-health methods to perform active monitoring and assess determinants&#xD;
      of incident Infection of COVID-19 in a hospital population.&#xD;
&#xD;
      8. Study design Prospective, Single-centre, observational clinical study. 9. Disease or&#xD;
      disorder under study Healthy people in risk of COVID-19 infection. 10. Main variable.&#xD;
      Symptoms related to infection caused by SARS-Cov2. 11. Study population and total number of&#xD;
      patients Men and women in general god health status aged between 18 and 80 years that&#xD;
      currently are employees of Hospital de La Princesa .&#xD;
&#xD;
      12. Duration of treatment Each subject will be monitored, since its recruitment, for a period&#xD;
      of 12 weeks.&#xD;
&#xD;
      13. Timetable and expected date of completion The overall duration of the study is estimated&#xD;
      at about 6 months, from patient recruitment to the last data recorded by last subject. The&#xD;
      aim is to carry out this study from March 2020 onwards.&#xD;
    </textblock>
  </brief_summary>
  <overall_status>Recruiting</overall_status>
  <start_date type="Actual">March 23, 2020</start_date>
  <completion_date type="Anticipated">September 20, 2020</completion_date>
  <primary_completion_date type="Anticipated">July 20, 2020</primary_completion_date>
  <study_type>Observational</study_type>
  <has_expanded_access>No</has_expanded_access>
  <study_design_info>
    <observational_model>Cohort</observational_model>
    <time_perspective>Prospective</time_perspective>
  </study_design_info>
  <primary_outcome>
    <measure>COVID-19 App-based platform</measure>
    <time_frame>6 months</time_frame>
    <description>The primary objective of this trial is to investigate whether the use of a cell phone App-based platform is a useful tool to monitor the symptoms of a population in risk of SARS-Cov2 infection. The final aim is to assess determinants of incidence of infection of COVID-19 in people working in Hospital during the pandemia of SARS-Cov-2.</description>
  </primary_outcome>
  <secondary_outcome>
    <measure>COVID-19 infection</measure>
    <time_frame>6 months</time_frame>
    <description>To monitor in real-time COVID-19 symptoms in the hospital workforce, which are a proxy of incident infection (Step 1) To identify in real-time clusters of COVID-19 symptoms and to facilitate control measures.&#xD;
To determine the incidence of new infection of COVID-19. To identify the determinants and risk/protective factors associated with this infection, in a workforce hospital population free of COVID-19 at the start of our study.</description>
  </secondary_outcome>
  <number_of_groups>1</number_of_groups>
  <enrollment type="Anticipated">1000</enrollment>
  <condition>Coronavirus Infection</condition>
  <arm_group>
    <arm_group_label>Hospital de la Princesa employees</arm_group_label>
  </arm_group>
  <eligibility>
    <study_pop>
      <textblock>
        The study will be conducted in the maximum number of subjects willing to participate and&#xD;
        able to understand and sign the informed consent form.&#xD;
      </textblock>
    </study_pop>
    <sampling_method>Non-Probability Sample</sampling_method>
    <criteria>
      <textblock>
        Inclusion Criteria:&#xD;
&#xD;
          1. Male or female subject age ≥ 18 years.&#xD;
&#xD;
          2. The subject has no symptoms in last week of COVID-19 infection such as:&#xD;
&#xD;
               -  Body temperature ≤ 37, 1 ºC.&#xD;
&#xD;
               -  Normal lung and breath functions.&#xD;
&#xD;
          3. The subject belongs to the Hospital de La Princesa workforce.&#xD;
&#xD;
        Exclusion Criteria:&#xD;
&#xD;
        1. People with any symptom suspicious of COVID-19 infection.&#xD;
      </textblock>
    </criteria>
    <gender>All</gender>
    <minimum_age>18 Years</minimum_age>
    <maximum_age>80 Years</maximum_age>
    <healthy_volunteers>Accepts Healthy Volunteers</healthy_volunteers>
  </eligibility>
  <overall_official>
    <last_name>Joan Soriano, MD, PhD</last_name>
    <role>Principal Investigator</role>
    <affiliation>Fundación de Investigación Biomédica - Hospital Universitario de La Princesa</affiliation>
  </overall_official>
  <overall_contact>
    <last_name>Artuto García</last_name>
    <phone>+34 911 923 700</phone>
    <email>arturo.garcia@ifth.es</email>
  </overall_contact>
  <overall_contact_backup>
    <last_name>Marcos Maroto</last_name>
    <phone>+34 911 923 700</phone>
    <email>marcos.maroto@ifth.es</email>
  </overall_contact_backup>
  <location>
    <facility>
      <name>Hospital Universitario de la Princesa</name>
      <address>
        <city>Madrid</city>
        <zip>28006</zip>
        <country>Spain</country>
      </address>
    </facility>
    <status>Recruiting</status>
    <contact>
      <last_name>Joan Soriano, MD, PhD</last_name>
      <phone>+34 618867769</phone>
      <email>jbsoriano2@gmail.com</email>
    </contact>
  </location>
  <location_countries>
    <country>Spain</country>
  </location_countries>
  <verification_date>March 2020</verification_date>
  <study_first_submitted>March 26, 2020</study_first_submitted>
  <study_first_submitted_qc>March 27, 2020</study_first_submitted_qc>
  <study_first_posted type="Actual">March 30, 2020</study_first_posted>
  <last_update_submitted>March 30, 2020</last_update_submitted>
  <last_update_submitted_qc>March 30, 2020</last_update_submitted_qc>
  <last_update_posted type="Actual">April 1, 2020</last_update_posted>
  <responsible_party>
    <responsible_party_type>Sponsor</responsible_party_type>
  </responsible_party>
  <condition_browse>
    <!-- CAUTION:  The following MeSH terms are assigned with an imperfect algorithm            -->
    <mesh_term>Infection</mesh_term>
    <mesh_term>Communicable Diseases</mesh_term>
    <mesh_term>Coronavirus Infections</mesh_term>
    <mesh_term>Severe Acute Respiratory Syndrome</mesh_term>
  </condition_browse>
  <!-- Results have not yet been posted for this study                                          -->
</clinical_study>

