<?xml version="1.0" encoding="UTF-8"?>
<clinical_study rank="5374">
  <!-- This xml conforms to an XML Schema at:
    https://clinicaltrials.gov/ct2/html/images/info/public.xsd -->
  <required_header>
    <download_date>ClinicalTrials.gov processed this data on April 14, 2021</download_date>
    <link_text>Link to the current ClinicalTrials.gov record.</link_text>
    <url>https://clinicaltrials.gov/show/NCT03367845</url>
  </required_header>
  <id_info>
    <org_study_id>NotreDame</org_study_id>
    <secondary_id>R01HD087319</secondary_id>
    <nct_id>NCT03367845</nct_id>
  </id_info>
  <brief_title>Efficacy of Family Programs for Improving Child and Family Health and Development</brief_title>
  <official_title>Efficacy of Family Programs for Improving Child and Family Health and Development</official_title>
  <sponsors>
    <lead_sponsor>
      <agency>University of Notre Dame</agency>
      <agency_class>Other</agency_class>
    </lead_sponsor>
    <collaborator>
      <agency>Eunice Kennedy Shriver National Institute of Child Health and Human Development (NICHD)</agency>
      <agency_class>NIH</agency_class>
    </collaborator>
  </sponsors>
  <source>University of Notre Dame</source>
  <oversight_info>
    <has_dmc>No</has_dmc>
    <is_fda_regulated_drug>No</is_fda_regulated_drug>
    <is_fda_regulated_device>No</is_fda_regulated_device>
  </oversight_info>
  <brief_summary>
    <textblock>
      The proposed research is relevant to public health because of the critical importance of&#xD;
      infant attachment and early experiences to the lifetime trajectory of mental health and&#xD;
      socio-emotional functioning. This Randomized Clinical Trial addresses major gaps in available&#xD;
      family-wide programs that can promote healthy development that best serve infants, mothers,&#xD;
      fathers, and inter-parental relationships in cost-effective ways. This study also&#xD;
      systematically tests for which families the interventions are most effective and rigorously&#xD;
      tests the theoretical processes that link changes in mother-infant, father-infant, and&#xD;
      mother-father interactions with infant and parent outcomes.&#xD;
    </textblock>
  </brief_summary>
  <detailed_description>
    <textblock>
      Preventative interventions involving video-feedback programs to promote parenting (VIPP) have&#xD;
      been shown to be successful in improving maternal sensitivity and infant-mother attachment&#xD;
      security. However, interventions might be substantially more effective if broader elements of&#xD;
      family systems were also addressed, including father-child and inter-parental relationships,&#xD;
      particularly given the growing body of evidence that highlights the importance of father&#xD;
      involvement and positive engagement in children's socio-emotional development. Infancy is a&#xD;
      particularly sensitive and vulnerable period not only for the child but also for the parents&#xD;
      who often experience heightened daily stress, parenting demands, work-family role strain, and&#xD;
      inter-parental discord associated with changes in the family.The proposed longitudinal study&#xD;
      addresses major gaps by testing the effectiveness of family-wide preventative interventions&#xD;
      designed to promote healthy development and functioning in infants, mothers, and fathers,&#xD;
      including low-income families. This three-phase study involves a rigorous randomized clinical&#xD;
      trial (RCT) approach and will involve a demographically diverse sample of 400 families. Phase&#xD;
      I involves a lab and home pre-test (infants 6 months of age) and 8-week intervention period;&#xD;
      Phase II (12 months) includes an initial post-test, and Phase III (16-18 months) involves a&#xD;
      second post-test. Families will be randomly assigned to one of four conditions: sensitivity&#xD;
      intervention (SI), couples intervention (CI), both (SI + CI) or control. Specific aims of the&#xD;
      study include: (1) An evaluation of the effectiveness of the SI, CI, and SI+CI interventions&#xD;
      at improving parental sensitivity, parental efficacy, parenting stress, inter-parental&#xD;
      conflict, infant affective development, attachment security, behavior problems, and&#xD;
      socio-emotional competence; (2) A test of the mechanisms through which change in behavior&#xD;
      occurs. For example, relations between SI participation in Phase I and child attachment in&#xD;
      Phase III may be mediated by enhanced parent sensitivity in Phase II.&#xD;
&#xD;
      Relations between CI participation and child outcomes may be mediated by inter-parental&#xD;
      functioning and more effective communication skills; (3) An examination of factors that&#xD;
      moderate the effectiveness of the interventions, determining which families benefit the most.&#xD;
      Potential moderators include demographic characteristics, family (dis)organization, parents'&#xD;
      own caregiving history, parents' depressive and anxious systems, and infant negative&#xD;
      temperament; (4) Mother-father comparisons on direct effects, mediating mechanisms and&#xD;
      moderating processes. This study builds upon past research towards increasing children's&#xD;
      emotional security in multiple family relationships by testing new directions in preventative&#xD;
      interventions in infancy, addressing the mother-child, father-child, and mother-father&#xD;
      relationships. The goal is to foster children's socio-emotional development and security&#xD;
      through cost-effective family-wide interventions in infancy that promote sensitive&#xD;
      parent-infant interactions and improved inter-parental communication.&#xD;
    </textblock>
  </detailed_description>
  <overall_status>Recruiting</overall_status>
  <start_date type="Actual">January 11, 2017</start_date>
  <completion_date type="Anticipated">December 31, 2023</completion_date>
  <primary_completion_date type="Anticipated">December 31, 2021</primary_completion_date>
  <phase>N/A</phase>
  <study_type>Interventional</study_type>
  <has_expanded_access>No</has_expanded_access>
  <study_design_info>
    <allocation>Randomized</allocation>
    <intervention_model>Factorial Assignment</intervention_model>
    <intervention_model_description>2 X 2 factorial design testing two different interventions</intervention_model_description>
    <primary_purpose>Other</primary_purpose>
    <masking>Double (Care Provider, Outcomes Assessor)</masking>
    <masking_description>Care Providers and Assessors represent two different teams of staff. Each is blind to the other status (how families did during assessment and which group families are assigned to). They do not have access to each others' files.</masking_description>
  </study_design_info>
  <primary_outcome>
    <measure>Change in Parental Sensitivity</measure>
    <time_frame>12-months</time_frame>
    <description>Observational measure of parent sensitivity during infant-parent interactions</description>
  </primary_outcome>
  <primary_outcome>
    <measure>Change in Child Care Activities Scale</measure>
    <time_frame>12-months</time_frame>
    <description>Parent-report questionnaire assessing degree of involvement with infants at home, reflecting percent time engaging in each activity. Subscales include: Direct Care, Indirect Care, Play Activities, and Total score all ranging from 0 - 100. Higher values mean higher percentage of time spent in that caretaking activity. Scores are averaged to create the subscales and total score.</description>
  </primary_outcome>
  <primary_outcome>
    <measure>Change in Parenting Stress Index - Short Form Version III</measure>
    <time_frame>12 months</time_frame>
    <description>Parent-report questionnaire assessing degree of stress about roles as a parent. Subscales include: Parental Distress (scale range from 5 - 60; 33 and higher = 85th percentile); Parent-Child Dysfunctional Interaction (scale range 5 - 60; 26 and higher = 85th percentile); Difficult Child (scale range 5 - 60; 33 and higher = 85th percentile); Total Score (scale range 15 - 180; 86 and higher = 85th percentile). Higher values mean greater levels of parenting stress. Scores are summed to create subscales and the total score.</description>
  </primary_outcome>
  <primary_outcome>
    <measure>Change in Parenting Sense of Competence Scale</measure>
    <time_frame>12-months</time_frame>
    <description>Parent-report measure of self-efficacy in their role as a parent. Subscales include Satisfaction (cale range 9 - 54); Efficacy (scale range 8 - 48). Total Score (scale range 17 - 102). Higher values indicate a greater satisfaction, efficacy, and total sense of competence. Scores are summed to create the subscales and total score.</description>
  </primary_outcome>
  <primary_outcome>
    <measure>Change in Spousal Attachment Questionnaire</measure>
    <time_frame>12-months</time_frame>
    <description>Parent report questionnaire assessing parents' security in their relationships with each other. Subscales include Preoccupied Attachment (scale range 1 - 7); Fearful Attachment (scale range 1 - 7); Secure Attachment (scale range 1 - 7). Higher values mean greater levels of that type of attachment to spouse. Scores are averages of item sets.</description>
  </primary_outcome>
  <primary_outcome>
    <measure>Change in Conflict and Problem Solving Scale</measure>
    <time_frame>12-months</time_frame>
    <description>Parent report questionnaire assessing conflict strategies in spousal relationship. Subscales include Cooperation (scale range 0 - 36); Avoidance and Capitulation (scale range 0 - 60); Stonewalling (scale range 0 - 42); Verbal Aggression (scale range 0 - 48); Physical Aggression (scale range 0 - 42); Child Involvement (scale range 0 - 30); Conflict Resolution (scale range 0 - 39). Higher scores indicate greater levels of use of conflict strategies or greater resolution. Item sets are summed to create subscale scores.</description>
  </primary_outcome>
  <primary_outcome>
    <measure>Change in O'Leary Porter Scale</measure>
    <time_frame>12-months</time_frame>
    <description>Parent report questionnaire assessing children's exposure to marital conflict. There is a total score (scale range 0 - 36). Higher values indicate more conflict. Items are summed to create the total score.</description>
  </primary_outcome>
  <primary_outcome>
    <measure>Change in Brief Infant Toddler Emotional Assessment</measure>
    <time_frame>12-months</time_frame>
    <description>Parent questionnaire evaluating children's behavior problems and competence. Subscales include Problems (scale range 0 - 66); Competencies (scale range 0 - 22); Externalizing problems (scale range 0 - 12); Internalizing (scale range 0 - 16); Dysregulation (scale range 0 - 16); Autism Spectrum Disorder (scale range 0 - 17). Higher scores indicate higher levels of each construct or higher screening value for Autism Spectrum Disorder. Scores are summed.</description>
  </primary_outcome>
  <primary_outcome>
    <measure>Mother-Infant Attachment</measure>
    <time_frame>12 months</time_frame>
    <description>Observational ratings of infant attachment security with mothers from the Strange Situation; with COVID-19, we no longer do in-person assessments so we now use a modified version of the Attachment Q-Sort which is an interview with mothers over zoom.</description>
  </primary_outcome>
  <primary_outcome>
    <measure>Father-Infant Attachment</measure>
    <time_frame>10 months</time_frame>
    <description>Observational ratings of infant attachment security with fathers from the Strange Situation; with COVID-19, we no longer do in-person assessments so we now use a modified version of the Attachment Q-Sort which is an interview with fathers over zoom.</description>
  </primary_outcome>
  <primary_outcome>
    <measure>Change in Couples' communication styles</measure>
    <time_frame>12-months</time_frame>
    <description>Observational measure of parents' conflict styles during discussions</description>
  </primary_outcome>
  <primary_outcome>
    <measure>Change in Infant Affect Regulation</measure>
    <time_frame>12-months</time_frame>
    <description>Observational measure of infants' affective and regulatory behaviors during parent-child interactions and during couples' discussions</description>
  </primary_outcome>
  <number_of_arms>4</number_of_arms>
  <enrollment type="Anticipated">1200</enrollment>
  <condition>Behavior, Infant</condition>
  <arm_group>
    <arm_group_label>Control</arm_group_label>
    <arm_group_type>Experimental</arm_group_type>
    <description>Phone contacts with content not focusing on sensitivity or couples' relationships</description>
  </arm_group>
  <arm_group>
    <arm_group_label>Sensitivity Intervention</arm_group_label>
    <arm_group_type>Experimental</arm_group_type>
    <description>Home visits to enhance mother-infant and father-infant parental sensitivity; with COVID-19, we now conduct remote visits using Zoom</description>
  </arm_group>
  <arm_group>
    <arm_group_label>Couples Intervention</arm_group_label>
    <arm_group_type>Experimental</arm_group_type>
    <description>Home visits to enhance constructive couples' communication; with COVID-19, we now conduct remote visits using Zoom</description>
  </arm_group>
  <arm_group>
    <arm_group_label>Sensitivity and Couples Intervention</arm_group_label>
    <arm_group_type>Experimental</arm_group_type>
    <description>Home visits combining sensitivity and couples' interventions; with COVID-19, we now conduct remote visits using Zoom</description>
  </arm_group>
  <intervention>
    <intervention_type>Behavioral</intervention_type>
    <intervention_name>Control</intervention_name>
    <description>Parents receive 8 phone contacts (1 per week) that do not focus on material in the sensitivity and couples communication intervention.</description>
    <arm_group_label>Control</arm_group_label>
  </intervention>
  <intervention>
    <intervention_type>Behavioral</intervention_type>
    <intervention_name>Sensitivity Intervention</intervention_name>
    <description>4 home visits take place. Mothers and fathers are video recorded with their infant (separately) for approximate 10-15 minutes at the beginning of each visit. The recorded situations are natural (e.g., playing together, bathing the baby, mealtime, etc.) and the family coach (interventionist) is not actively involved in the parent-child interaction. A different theme is covered across the four intervention sessions. For each parent-infant interaction recording, the family coach reviews the recordings between visits and provides feedback to parents in the following intervention session. The exception to this is that video of parent-child interactions during the lab pre-test is used for material at the first home visit. Each session takes approximately 90 minutes. Visits occur over an 8 week period with phone contacts between each session. Because of COVID-19, we now conduct remote visits using Zoom.</description>
    <arm_group_label>Sensitivity Intervention</arm_group_label>
    <other_name>Videofeedback to Promote Positive Parenting</other_name>
  </intervention>
  <intervention>
    <intervention_type>Behavioral</intervention_type>
    <intervention_name>Couples' Intervention</intervention_name>
    <description>The psycho-educational inter-parental conflict prevention curriculum is a 4-session program that takes place in the families' homes. Each session lasts approximately 90 minutes and involves discussion and practice of four themes pertinent to improving conflict process, communication, and emotional security in the family: Conflict Overview, Interparental Conflict and Children, Stresses of Parenting, and Emotional Security. The family coach scaffolds and supports the couples' development of constructive conflict behaviors. Visits occur over an 8 week period with phone contacts between each session. Because of COVID-19, we now conduct remote visits using Zoom.</description>
    <arm_group_label>Couples Intervention</arm_group_label>
  </intervention>
  <intervention>
    <intervention_type>Behavioral</intervention_type>
    <intervention_name>Sensitivity and Couples' Intervention</intervention_name>
    <description>This group receives both the Sensitivity and Couples' Intervention in their home. There are 8 home visits (4 for Sensitivity and 4 for Couples Intervention). Because of COVID-19, we now conduct remote visits using Zoom.</description>
    <arm_group_label>Sensitivity and Couples Intervention</arm_group_label>
  </intervention>
  <eligibility>
    <criteria>
      <textblock>
        Inclusion Criteria:&#xD;
&#xD;
          -  Parents cohabiting&#xD;
&#xD;
          -  Both mothers and fathers agree to participate&#xD;
&#xD;
          -  Healthy infants with no known health problems&#xD;
&#xD;
        Exclusion Criteria:&#xD;
&#xD;
          -  Discovery of developmental delays or health problems in infants&#xD;
      </textblock>
    </criteria>
    <gender>All</gender>
    <minimum_age>6 Months</minimum_age>
    <maximum_age>N/A</maximum_age>
    <healthy_volunteers>Accepts Healthy Volunteers</healthy_volunteers>
  </eligibility>
  <overall_official>
    <last_name>Julia Braungart-Rieker, Ph.D.</last_name>
    <role>Principal Investigator</role>
    <affiliation>Colorado State University</affiliation>
  </overall_official>
  <overall_official>
    <last_name>E M Cummings, Ph.D.</last_name>
    <role>Principal Investigator</role>
    <affiliation>University of Notre Dame</affiliation>
  </overall_official>
  <overall_contact>
    <last_name>Cheryl Lee, MA</last_name>
    <phone>5746310950</phone>
    <email>Cheryl.Lee.370@nd.edu</email>
  </overall_contact>
  <location>
    <facility>
      <name>Fort Wayne Center for Children and Families</name>
      <address>
        <city>Fort Wayne</city>
        <state>Indiana</state>
        <zip>46814</zip>
        <country>United States</country>
      </address>
    </facility>
    <status>Recruiting</status>
    <contact>
      <last_name>Kathleen Bergman, PhD</last_name>
      <phone>616-481-2742</phone>
      <email>kbergman@nd.edu</email>
    </contact>
  </location>
  <location>
    <facility>
      <name>William J. Shaw Center for Children and Families</name>
      <address>
        <city>South Bend</city>
        <state>Indiana</state>
        <zip>46535</zip>
        <country>United States</country>
      </address>
    </facility>
    <status>Recruiting</status>
    <contact>
      <last_name>Terri Sweeney, BA</last_name>
      <phone>574-631-0959</phone>
      <email>tweene3@nd.edu</email>
    </contact>
  </location>
  <location_countries>
    <country>United States</country>
  </location_countries>
  <verification_date>August 2020</verification_date>
  <study_first_submitted>November 14, 2017</study_first_submitted>
  <study_first_submitted_qc>December 4, 2017</study_first_submitted_qc>
  <study_first_posted type="Actual">December 11, 2017</study_first_posted>
  <last_update_submitted>August 25, 2020</last_update_submitted>
  <last_update_submitted_qc>August 25, 2020</last_update_submitted_qc>
  <last_update_posted type="Actual">August 27, 2020</last_update_posted>
  <responsible_party>
    <responsible_party_type>Principal Investigator</responsible_party_type>
    <investigator_affiliation>Colorado State University</investigator_affiliation>
    <investigator_full_name>Julia Braungart-Rieker</investigator_full_name>
    <investigator_title>Professor and Head</investigator_title>
  </responsible_party>
  <keyword>Parent sensitivity</keyword>
  <keyword>Fathers</keyword>
  <keyword>Attachment</keyword>
  <keyword>Marital communication</keyword>
  <patient_data>
    <sharing_ipd>No</sharing_ipd>
    <ipd_description>At the close of the study, subject data will be deidentified and individual participant data will no longer be available for further use.</ipd_description>
  </patient_data>
  <!-- Results have not yet been posted for this study                                          -->
</clinical_study>

