<?xml version="1.0" encoding="UTF-8"?>
<clinical_study rank="5608">
  <!-- This xml conforms to an XML Schema at:
    https://clinicaltrials.gov/ct2/html/images/info/public.xsd -->
  <required_header>
    <download_date>ClinicalTrials.gov processed this data on April 14, 2021</download_date>
    <link_text>Link to the current ClinicalTrials.gov record.</link_text>
    <url>https://clinicaltrials.gov/show/NCT01134172</url>
  </required_header>
  <id_info>
    <org_study_id>10-071</org_study_id>
    <nct_id>NCT01134172</nct_id>
  </id_info>
  <brief_title>Ethnic Differences in the Impact of Breast Cancer on Employment Status, Financial Situation, and Quality of Life</brief_title>
  <official_title>Breast Cancer and the Workforce: Ethnic Differences in the Impact of Breast Cancer on Employment Status, Financial Situation, and Quality of Life (BCW)</official_title>
  <sponsors>
    <lead_sponsor>
      <agency>Memorial Sloan Kettering Cancer Center</agency>
      <agency_class>Other</agency_class>
    </lead_sponsor>
    <collaborator>
      <agency>The City College of New York</agency>
      <agency_class>Other</agency_class>
    </collaborator>
    <collaborator>
      <agency>NYC Health &amp; Hospitals/ Lincoln Medical Center</agency>
      <agency_class>Other</agency_class>
    </collaborator>
    <collaborator>
      <agency>New York Presbyterian Queens</agency>
      <agency_class>Other</agency_class>
    </collaborator>
    <collaborator>
      <agency>Ralph Lauren Center for Cancer Care and Prevention</agency>
      <agency_class>Other</agency_class>
    </collaborator>
    <collaborator>
      <agency>New York City Health and Hospitals Corporation</agency>
      <agency_class>Other</agency_class>
    </collaborator>
    <collaborator>
      <agency>Queens Medical Associates</agency>
      <agency_class>Other</agency_class>
    </collaborator>
  </sponsors>
  <source>Memorial Sloan Kettering Cancer Center</source>
  <brief_summary>
    <textblock>
      The purpose of this study is to learn more about how being treated for breast cancer affects&#xD;
      patients' employment, financial situation, and quality of life on a short-term basis and on a&#xD;
      long term basis. Most studies of employment after breast cancer have focused on Caucasian&#xD;
      women.This study will evaluate the impact of breast cancer on the lives of women from&#xD;
      different ethnic groups.&#xD;
    </textblock>
  </brief_summary>
  <overall_status>Active, not recruiting</overall_status>
  <start_date type="Actual">May 2010</start_date>
  <completion_date type="Anticipated">May 2021</completion_date>
  <primary_completion_date type="Anticipated">May 2021</primary_completion_date>
  <study_type>Observational</study_type>
  <has_expanded_access>No</has_expanded_access>
  <study_design_info>
    <observational_model>Case-Control</observational_model>
    <time_perspective>Prospective</time_perspective>
  </study_design_info>
  <primary_outcome>
    <measure>To compare the impact of breast cancer on (a) employment status, (b) financial situation, and (c) QoL.</measure>
    <time_frame>3 years</time_frame>
  </primary_outcome>
  <secondary_outcome>
    <measure>To identify barriers to employment and correlates of employment status, financial situation, and QoL.</measure>
    <time_frame>3 years</time_frame>
  </secondary_outcome>
  <secondary_outcome>
    <measure>To develop the methodology to evaluate discrimination in the labor market using a validated instrument and to determine whether or not labor market discrimination is exacerbated by a diagnosis of breast cancer.</measure>
    <time_frame>3 years</time_frame>
  </secondary_outcome>
  <number_of_groups>2</number_of_groups>
  <enrollment type="Actual">935</enrollment>
  <condition>Breast Cancer</condition>
  <arm_group>
    <arm_group_label>Breast cancer survivors</arm_group_label>
    <description>Women being treated for stage I-III breast cancer who were employed prior to this diagnosis will be recruited in their physicians' offices.</description>
  </arm_group>
  <arm_group>
    <arm_group_label>Comparison group</arm_group_label>
    <description>Peer controls will be nominated by participants in the breast cancer survivor group or recruited by community outreach and matched for age, language, and ethnicity. This cohort is no longer recruiting.</description>
  </arm_group>
  <intervention>
    <intervention_type>Behavioral</intervention_type>
    <intervention_name>survey web-based or telephone interview</intervention_name>
    <description>Patients will be asked to complete a questionnaire at baseline, and then one at follow up, 3-4 months after treatment completion. The patient will be contacted one and two years after the completion of their follow up questionnaire for a brief one-question survey regarding current employment status. A member of the study team will call a subset of patients who have completed both baseline and follow-up surveys to clarify responses to previous questions. Patients will be considered lost to follow- up if surveys A or C have not been completed two years from the participant's consent date (participants who enroll but do not complete survey A are not prompted for survey C). Deviations will not be filed until the end of the study, as there are opportunities over the course of study follow- up to collect previously missing information.</description>
    <arm_group_label>Breast cancer survivors</arm_group_label>
  </intervention>
  <intervention>
    <intervention_type>Behavioral</intervention_type>
    <intervention_name>survey web-based or telephone interview</intervention_name>
    <description>Patients will be asked to complete a questionnaire at baseline, and then one at follow up, 3-4 months after treatment completion. All three follow-up contact methods (email, postcard, call) contain the same question regarding current employment status with minor modifications in formatting. However, the employment question asked in all three follow-up contact methods is shown in the Postcard_Template document. Due to the recent COVID-19 pandemic study staff will be working from home. Therefore, calls will be made via MSK-approved platforms (e.g. Jabber, etc.). Participants who express concerns or request assistance related to COVID-19 will be referred to publicly available resources as needed (e.g., call 311 for access to health care or food panties, etc.) and will be noted in internal tracking logs. The data collected for these internal tracking logs will be managed through a REDCap database.</description>
    <arm_group_label>Comparison group</arm_group_label>
  </intervention>
  <eligibility>
    <study_pop>
      <textblock>
        We will recruit participants from Memorial Sloan-Kettering Cancer Center (MSKCC), four of&#xD;
        its community-based outpatient treatment centers, and four urban community hospitals and&#xD;
        clinics that serve large populations of ethnic minorities in New York City. The MSKCC&#xD;
        outpatient regional sites are located in New Jersey (Basking Ridge, Monmouth) and New York,&#xD;
        with two in Long Island (Commack and Rockville Centre) and another in Westchester County.&#xD;
      </textblock>
    </study_pop>
    <sampling_method>Non-Probability Sample</sampling_method>
    <criteria>
      <textblock>
        Inclusion Criteria:&#xD;
&#xD;
        Breast cancer survivors&#xD;
&#xD;
          -  Pathologic diagnosis of stage I-III breast cancer&#xD;
&#xD;
          -  Paid employment (full time or part time) at time of consent or in the three months&#xD;
             prior to diagnosis&#xD;
&#xD;
          -  Age 18 to 64 years (inclusive)&#xD;
&#xD;
          -  The ability to give informed consent in Chinese (Mandarin), English, Korean, or&#xD;
             Spanish.at MSK, New York Presbyterian Queens and Queens Medical Associates At NYC&#xD;
             Health &amp; Hospitals/ Lincoln Medical Center, patients must be able to give consent in&#xD;
             English or Spanish.&#xD;
&#xD;
          -  At the time of enrollment, participants must still be undergoing chemotherapy,&#xD;
             undergoing radiation therapy, or planning surgery unless surgery is to be the only&#xD;
             treatment modality. Those for whom treatment consists of surgery alone may have had&#xD;
             their operation no more than 2 months prior to study enrollment. Participants need not&#xD;
             have undergone surgical reconstruction prior to enrollment if the plan is to delay&#xD;
             this procedure until after primary treatment is completed.&#xD;
&#xD;
        Comparison group&#xD;
&#xD;
        Paid employment (full time or part time) at the time of consent&#xD;
&#xD;
          -  Age 18 to 64 years (inclusive) and within an age range that is 5 years above or below&#xD;
             that of the nominating or matched survivor&#xD;
&#xD;
          -  The ability to give informed consent in the same language as the nominating survivor&#xD;
&#xD;
          -  Membership in the same ethnic group as the nominating survivor&#xD;
&#xD;
          -  Not treated for cancer in the past year (other than non-melanoma skin cancer)&#xD;
&#xD;
        Exclusion Criteria:&#xD;
&#xD;
          -  N/A&#xD;
      </textblock>
    </criteria>
    <gender>Female</gender>
    <minimum_age>18 Years</minimum_age>
    <maximum_age>64 Years</maximum_age>
    <healthy_volunteers>Accepts Healthy Volunteers</healthy_volunteers>
  </eligibility>
  <overall_official>
    <last_name>Victoria Blinder, M.D., M.Sc.</last_name>
    <role>Principal Investigator</role>
    <affiliation>Memorial Sloan Kettering Cancer Center</affiliation>
  </overall_official>
  <location>
    <facility>
      <name>Memoral Sloan Kettering Basking Ridge</name>
      <address>
        <city>Basking Ridge</city>
        <state>New Jersey</state>
        <country>United States</country>
      </address>
    </facility>
  </location>
  <location>
    <facility>
      <name>Memorial Sloan Kettering Monmouth</name>
      <address>
        <city>Middletown</city>
        <state>New Jersey</state>
        <zip>07748</zip>
        <country>United States</country>
      </address>
    </facility>
  </location>
  <location>
    <facility>
      <name>NYC Health &amp; Hospitals /Lincoln Medical Center</name>
      <address>
        <city>Bronx</city>
        <state>New York</state>
        <zip>10451</zip>
        <country>United States</country>
      </address>
    </facility>
  </location>
  <location>
    <facility>
      <name>Woodhull Medical and Mental Health Center</name>
      <address>
        <city>Brooklyn</city>
        <state>New York</state>
        <zip>11206</zip>
        <country>United States</country>
      </address>
    </facility>
  </location>
  <location>
    <facility>
      <name>Memorial Sloan Kettering Commack</name>
      <address>
        <city>Commack</city>
        <state>New York</state>
        <zip>11725</zip>
        <country>United States</country>
      </address>
    </facility>
  </location>
  <location>
    <facility>
      <name>Queens Medical Associates</name>
      <address>
        <city>Fresh Meadows</city>
        <state>New York</state>
        <zip>11366</zip>
        <country>United States</country>
      </address>
    </facility>
  </location>
  <location>
    <facility>
      <name>Memorial Sloan Kettering Westchester</name>
      <address>
        <city>Harrison</city>
        <state>New York</state>
        <zip>10604</zip>
        <country>United States</country>
      </address>
    </facility>
  </location>
  <location>
    <facility>
      <name>Memorial Sloan Kettering Cancer Center</name>
      <address>
        <city>New York</city>
        <state>New York</state>
        <zip>10065</zip>
        <country>United States</country>
      </address>
    </facility>
  </location>
  <location>
    <facility>
      <name>Bellevue Hospital Center</name>
      <address>
        <city>New York</city>
        <state>New York</state>
        <country>United States</country>
      </address>
    </facility>
  </location>
  <location>
    <facility>
      <name>Ralph Lauren Center for Cancer Care and Prevention</name>
      <address>
        <city>New York</city>
        <state>New York</state>
        <country>United States</country>
      </address>
    </facility>
  </location>
  <location>
    <facility>
      <name>New York Presbyterian Queens</name>
      <address>
        <city>Queens</city>
        <state>New York</state>
        <zip>11355</zip>
        <country>United States</country>
      </address>
    </facility>
  </location>
  <location_countries>
    <country>United States</country>
  </location_countries>
  <link>
    <url>http://www.mskcc.org/mskcc/html/44.cfm</url>
    <description>Memorial Sloan Kettering Cancer Center</description>
  </link>
  <verification_date>October 2020</verification_date>
  <study_first_submitted>May 27, 2010</study_first_submitted>
  <study_first_submitted_qc>May 27, 2010</study_first_submitted_qc>
  <study_first_posted type="Estimate">May 31, 2010</study_first_posted>
  <last_update_submitted>October 12, 2020</last_update_submitted>
  <last_update_submitted_qc>October 12, 2020</last_update_submitted_qc>
  <last_update_posted type="Actual">October 14, 2020</last_update_posted>
  <responsible_party>
    <responsible_party_type>Sponsor</responsible_party_type>
  </responsible_party>
  <keyword>Sociodemographic</keyword>
  <keyword>Ethnicity</keyword>
  <keyword>Work-related</keyword>
  <keyword>Health system</keyword>
  <keyword>QOL</keyword>
  <keyword>Questionnaires</keyword>
  <keyword>10-071</keyword>
  <condition_browse>
    <!-- CAUTION:  The following MeSH terms are assigned with an imperfect algorithm            -->
    <mesh_term>Breast Neoplasms</mesh_term>
  </condition_browse>
  <!-- Results have not yet been posted for this study                                          -->
</clinical_study>

