<?xml version="1.0" encoding="UTF-8"?>
<clinical_study rank="5673">
  <!-- This xml conforms to an XML Schema at:
    https://clinicaltrials.gov/ct2/html/images/info/public.xsd -->
  <required_header>
    <download_date>ClinicalTrials.gov processed this data on April 14, 2021</download_date>
    <link_text>Link to the current ClinicalTrials.gov record.</link_text>
    <url>https://clinicaltrials.gov/show/NCT04144231</url>
  </required_header>
  <id_info>
    <org_study_id>1129003, TYH2018219, 30000</org_study_id>
    <nct_id>NCT04144231</nct_id>
  </id_info>
  <brief_title>Cognitive Behavioral Therapy for Insomnia (CBT-I) in Schizophrenia(SLEEPINS)</brief_title>
  <acronym>SLEEPINS</acronym>
  <official_title>Cognitive Behavioral Therapy for Insomnia (CBT-I) in Schizophrenia - A Randomized Controlled Clinical Trial (SLEEPINS)</official_title>
  <sponsors>
    <lead_sponsor>
      <agency>Helsinki University Central Hospital</agency>
      <agency_class>Other</agency_class>
    </lead_sponsor>
    <collaborator>
      <agency>University of Helsinki</agency>
      <agency_class>Other</agency_class>
    </collaborator>
    <collaborator>
      <agency>Finnish Institute for Health and Welfare</agency>
      <agency_class>Other</agency_class>
    </collaborator>
    <collaborator>
      <agency>Finnish Institute of Occupational Health</agency>
      <agency_class>Other</agency_class>
    </collaborator>
  </sponsors>
  <source>Helsinki University Central Hospital</source>
  <oversight_info>
    <has_dmc>No</has_dmc>
    <is_fda_regulated_drug>No</is_fda_regulated_drug>
    <is_fda_regulated_device>No</is_fda_regulated_device>
  </oversight_info>
  <brief_summary>
    <textblock>
      Sleep problems are pervasive in people with schizophrenia. In our study, our goal is to&#xD;
      determine whether we can alleviate sleep symptoms and improve quality of life and well-being&#xD;
      in patients with major psychiatric disorders through cognitive behavioral therapy (CBT)&#xD;
      delivered via the internet or in groups.&#xD;
&#xD;
      At the same time, the study provides information on factors that are commonly associated with&#xD;
      sleep and well-being in patients. The intervention study is conducted as a Randomized&#xD;
      Controlled Clinical Trial (RCT), in which subjects are randomized into three groups: 1)&#xD;
      Treatment as usual (TAU), 2) TAU and Internet-based therapy for insomnia (ICBT-I), and 3) TAU&#xD;
      and group therapy for insomnia (GCBT-I).&#xD;
    </textblock>
  </brief_summary>
  <detailed_description>
    <textblock>
      Sleep is important for well-being. Lack of sleep and poor quality of sleep (Insomnia) are&#xD;
      risk factors for psychiatric and somatic diseases such as depression, cardiovascular disease,&#xD;
      diabetes and memory disorders and increases the risk of cognitive errors and accidents.&#xD;
&#xD;
      Psychiatric patients suffer from a wide variety of sleep disorders. Insomnia symptoms are&#xD;
      known to increase the likelihood of later depression and even the use of disability pensions&#xD;
      due to depression.&#xD;
&#xD;
      Various sleep disorders are also common in patients with schizophrenia. Previous studies on&#xD;
      schizophrenia have reported-, symptoms of insomnia, especially the problem of falling asleep&#xD;
      and poor sleep quality, circadian rhythm disruption, hypersomnolence and nightmares among the&#xD;
      patients.&#xD;
&#xD;
      Cognitive behavioural therapy for insomnia (CBT-I) is an evidence-based treatment for&#xD;
      insomnia. CBT-I can be implemented as an individual treatment, on a group basis or via the&#xD;
      internet. There is evidence that CBT-I can also be used to treat a patient with a major&#xD;
      psychiatric disorders, but randomized clinical trials (RCT) have rarely been published. Our&#xD;
      research is based on the hypothesis that symptoms of insomnia in patients with schizophrenia&#xD;
      can improved by CBT-I and, further, by improving patients' sleep quality their health and&#xD;
      quality of life can also be improved.&#xD;
&#xD;
      The present study is designed to investigate the effect of two different treatment programs&#xD;
      as compared to treatment as usual (TAU). The purpose of this study is to determine whether&#xD;
      CBT-I can help relieve sleep symptoms and improve quality of life and well-being in patients&#xD;
      with schizophrenia. At the same time, the study provides information on factors that are&#xD;
      commonly associated with sleep and well-being in patients with major psychiatric disorders.&#xD;
      The intervention study is conducted as an RCT, in which subjects are randomized into three&#xD;
      groups: 1) Treatment as usual (TAU), 2) TAU and Internet-based therapy for insomnia (ICBT-I),&#xD;
      and 3) TAU and group therapy for insomnia (GCBT-I).&#xD;
&#xD;
      The aim of this ongoing randomized controlled trial is to recruit 84 - 120 participants from&#xD;
      Hospital District of Helsinki and Uusimaa (HUS) Psychiatry Outpatient Clinics for Psychosis,&#xD;
      and they have previously participated in the nationwide SUPER Finland study (a study on&#xD;
      genetic mechanisms of psychotic disorders and a part of the Stanley Global Neuropsychiatric&#xD;
      Genomics Initiative). The study is performed on a cycle basis with a target of 12 to 24&#xD;
      patients per cycle, randomly assigned to three intervention groups.&#xD;
    </textblock>
  </detailed_description>
  <overall_status>Recruiting</overall_status>
  <start_date type="Actual">December 19, 2019</start_date>
  <completion_date type="Anticipated">September 6, 2024</completion_date>
  <primary_completion_date type="Anticipated">September 6, 2024</primary_completion_date>
  <phase>N/A</phase>
  <study_type>Interventional</study_type>
  <has_expanded_access>No</has_expanded_access>
  <study_design_info>
    <allocation>Randomized</allocation>
    <intervention_model>Parallel Assignment</intervention_model>
    <primary_purpose>Treatment</primary_purpose>
    <masking>None (Open Label)</masking>
  </study_design_info>
  <primary_outcome>
    <measure>Change in Insomnia Severity Index score (ISI) (Morin 2011)</measure>
    <time_frame>baseline, 12, 24 and 36 weeks from the baseline</time_frame>
    <description>A 7-item questionnaire used to assess insomnia severity with a score ranging between 0 to 28. Each questionnaire item addresses an aspect about sleep that is rated by the respondent on a 5-point scale (i.e., 0=no problem to 4=very severe problem).</description>
  </primary_outcome>
  <primary_outcome>
    <measure>Change in the health-related quality of life (HRQoL) instrument 15D score (Sintonen, 2001)</measure>
    <time_frame>baseline, 12, 24 and 36 weeks from the baseline</time_frame>
    <description>The 15D is a generic, comprehensive, 15-dimensional, standardized, self-administered measure of health-related quality of life (HRQoL) that can be used both as a profile and single index score measure. The maximum score is 1 (no problems on any dimension) and the minimum score is 0 (being dead).</description>
  </primary_outcome>
  <secondary_outcome>
    <measure>Self-reported subjective sleep quality collected through a digital smartphone app (AIDO Healthcare)</measure>
    <time_frame>baseline to week 36</time_frame>
    <description>1-2 times a week by emoji scale 1-5</description>
  </secondary_outcome>
  <secondary_outcome>
    <measure>Self-reported subjective fatigue collected through a digital smartphone app (AIDO Healthcare)</measure>
    <time_frame>baseline to week 36</time_frame>
    <description>1-2 times a week by emoji scale 1-5</description>
  </secondary_outcome>
  <secondary_outcome>
    <measure>Self-reported subjective mood collected through a digital smartphone app (AIDO Healthcare)</measure>
    <time_frame>baseline to week 36</time_frame>
    <description>1-2 times a week by emoji scale 1-5</description>
  </secondary_outcome>
  <secondary_outcome>
    <measure>Self-reported variables for sleep quantity and quality (adapted from Partinen 1996)</measure>
    <time_frame>baseline, 12, 24 and 36 weeks from the baseline</time_frame>
    <description>Questions about sleep quantity and quality</description>
  </secondary_outcome>
  <secondary_outcome>
    <measure>Self-reported variables for chronotype (Horne 1976)</measure>
    <time_frame>baseline, 12, 24 and 36 weeks from the baseline</time_frame>
    <description>Questions about chronotype (morningness-eveningness-)</description>
  </secondary_outcome>
  <secondary_outcome>
    <measure>Self-reported variables for dreaming and nightmares (adapted from Sandman 2015)</measure>
    <time_frame>baseline, 12, 24 and 36 weeks from the baseline</time_frame>
    <description>Questions about dreaming and nightmares</description>
  </secondary_outcome>
  <secondary_outcome>
    <measure>Self-reported variables for tiredness, fatigue, subjective memory, stress and recovery (Lundqvist 2016)</measure>
    <time_frame>baseline, 12, 24 and 36 weeks from the baseline</time_frame>
    <description>Questions about tiredness, fatigue, subjective memory, stress and recovery. Scale 1(very good) to 5(very poor).</description>
  </secondary_outcome>
  <secondary_outcome>
    <measure>Self-reported variables for functional ability (adapted from Tuomi 1998).</measure>
    <time_frame>baseline, 12, 24 and 36 weeks from the baseline</time_frame>
    <description>Questions about functional ability. Scale 0(very poor) to 10(very good).</description>
  </secondary_outcome>
  <secondary_outcome>
    <measure>Self-reported variables for symptoms of depression (Korenke 2001)</measure>
    <time_frame>baseline, 12, 24 and 36 weeks from the baseline</time_frame>
    <description>Questions about symptoms of depression. Scale 0(not at all) to 3 (Almost Always)</description>
  </secondary_outcome>
  <secondary_outcome>
    <measure>Self-reported variables for symptoms of psychosis (adapted from Haddoc 1999),</measure>
    <time_frame>baseline, 12, 24 and 36 weeks from the baseline</time_frame>
    <description>Questions about presence, severity, and characteristics of hallucinations, delusions, confused and disturbed thoughts and lack of insight and self-awareness.</description>
  </secondary_outcome>
  <secondary_outcome>
    <measure>Self-reported variables for lifestyle</measure>
    <time_frame>baseline, 12, 24 and 36 weeks from the baseline</time_frame>
    <description>Questions about exercise, usage of caffeine, alcohol, nicotine.</description>
  </secondary_outcome>
  <secondary_outcome>
    <measure>Subjective measures of Dysfunctional Beliefs and Attitudes about Sleep (DBAS-16) (Morin 2007)</measure>
    <time_frame>baseline, 12, 24 and 36 weeks from the baseline</time_frame>
    <description>DBAS-16 is a 16-item self reported questionnaire to measure people's beliefs and attitudes about their personal sleep situations. Items are ranked from 0, strongly disagree, to 10, strongly agree. Total score is mean of all questions, with a higher score representing more dysfunctional beliefs and attitude about sleep.</description>
  </secondary_outcome>
  <secondary_outcome>
    <measure>Self-reported Feedback Questionnaire</measure>
    <time_frame>12 weeks</time_frame>
    <description>Participants experiences from the intervention including habits of practice of the new skills, experience of the effect of the intervention on sleep, mood and lifestyle, alliance with the therapist, the positive and negative effects of the treatment are questioned after the treatment period.</description>
  </secondary_outcome>
  <secondary_outcome>
    <measure>Objective information on sleep from Actigraphy (ACG) data</measure>
    <time_frame>baseline (1 week) and week 12(1 week)</time_frame>
    <description>The dataset from ACG includes Total Sleep Time (TST), Wake After Sleep Onset (WASO) Bed time, Get up time, Time in bed, Sleep efficiency (SE), Sleep Onset Latency (SOL), One minute immobility and Fragmentation index</description>
  </secondary_outcome>
  <secondary_outcome>
    <measure>Objective information on circadian rhythms from Actigraphy (ACG) data</measure>
    <time_frame>baseline (1 week) and week 12(1 week)</time_frame>
    <description>The dataset from ACG includes Cosine peak, Light/Dark ratio, Lowest 5 onset, Maximum 10 onset, RA, IV and IS</description>
  </secondary_outcome>
  <secondary_outcome>
    <measure>Subjective sleep diary tracking</measure>
    <time_frame>baseline (1 week) and week 12(1 week)</time_frame>
    <description>Each morning after waking participants completed the Sleep Diary during the ACG -monitoring period to provide a daily record of self-reported bedtime, get-up time, sleep duration, and daytime naps.</description>
  </secondary_outcome>
  <secondary_outcome>
    <measure>Objective information on activity from EMFIT Sleep Tracker data (Emfit Ltd)</measure>
    <time_frame>baseline to week 13</time_frame>
    <description>EMFIT device measures heart rate, breathing rate, movement activity every 4 seconds, sleep staging every 30 seconds, and heart rate variability every 3 minutes.</description>
  </secondary_outcome>
  <secondary_outcome>
    <measure>Objective information on recovery of the autonomic nervous system from EMFIT Sleep Tracker data (Emfit Ltd)</measure>
    <time_frame>baseline to week 13</time_frame>
    <description>EMFIT device measures heart rate, breathing rate, movement activity every 4 seconds, sleep staging every 30 seconds, and heart rate variability every 3 minutes.</description>
  </secondary_outcome>
  <secondary_outcome>
    <measure>Cognitive performance is measure with the psychomotor vigilance test (PVT) (Basner 2011) via a web-based interface</measure>
    <time_frame>baseline, 12, 24 and 36 weeks from the baseline</time_frame>
    <description>PVT is a sustained-attention, reaction-timed task that measures the speed with which subjects respond to a visual stimulus</description>
  </secondary_outcome>
  <number_of_arms>3</number_of_arms>
  <enrollment type="Anticipated">120</enrollment>
  <condition>Insomnia</condition>
  <condition>Schizophrenia</condition>
  <condition>Schizoaffective Disorder</condition>
  <arm_group>
    <arm_group_label>Treatment-as-usual (TAU)</arm_group_label>
    <arm_group_type>No Intervention</arm_group_type>
    <description>Treatment-as-usual (TAU) delivered by psychiatrists and psychiatric nurses in HUS Psychiatry Outpatient Clinic for Psychosis. Participants who randomized to TAU -group, may receive medication for insomnia, but they will not received CBT-I. Treatment-as-usual is included in all intervention groups.</description>
  </arm_group>
  <arm_group>
    <arm_group_label>Internet-Based Cognitive Behavioral Therapy for Insomnia</arm_group_label>
    <arm_group_type>Experimental</arm_group_type>
    <description>TAU and Internet-Based Cognitive Behavioral Therapy for Insomnia (iCBT-I) with the support of a therapist, delivered by mobile application (HUS iCBT-I): There will be seven manualized sessions, conducted at intervals of either every one or two weeks.&#xD;
HUS iCBT-I, is based on the same theoretical model of insomnia as described in Morin 2003 and Edinger 2015- and involves the same interventions as ordinary CBT-I: a structured treatment focusing on education, behaviors and cognitions. iCBT-I consists of psychoeducation about sleep, sleep restriction therapy, stimulus control, relaxation techniques, and challenging beliefs and perception of sleep.&#xD;
During the therapy, the therapist monitors progress at least once a week, sends messages to the participant, and answers any treatment-related questions. The aim of the feedback is to comment on exercises, clarify intervention and motivate the patient to persist the in carrying out the treatment and the requested behavioral changes.</description>
  </arm_group>
  <arm_group>
    <arm_group_label>Cognitive Behavioral Group Therapy for Insomnia</arm_group_label>
    <arm_group_type>Experimental</arm_group_type>
    <description>TAU and Cognitive Behavioral Group Therapy for Insomnia (GCBT-I): There will be six 90-minute manualized sessions, conducted at intervals of either one or two weeks. One booster session will be conducted one month after the treatment. Each group will have 4-8 people. The content of the CBT-I group is based on CBT for insomnia (as described above) and a previously published insomnia treatment manual for psychotic patients (Waters 2017).To ensuring the rights, safety and wellbeing of participants during the COVID-19 (Coronavirus) pandemic, we produce GCBT-I via internet.</description>
  </arm_group>
  <intervention>
    <intervention_type>Behavioral</intervention_type>
    <intervention_name>iCBT-I</intervention_name>
    <description>Internet-Based Cognitive Behavioral Therapy for Insomnia (ICBT-I) with the support of a therapist, delivered by mobile application (HUS iCBT-I)</description>
    <arm_group_label>Internet-Based Cognitive Behavioral Therapy for Insomnia</arm_group_label>
  </intervention>
  <intervention>
    <intervention_type>Behavioral</intervention_type>
    <intervention_name>GCBT-I</intervention_name>
    <description>Cognitive Behavioral Group Therapy for Insomnia (GCBT-I)</description>
    <arm_group_label>Cognitive Behavioral Group Therapy for Insomnia</arm_group_label>
  </intervention>
  <eligibility>
    <criteria>
      <textblock>
        Inclusion Criteria:&#xD;
&#xD;
        To participate in the study, patients must meet the following criteria:&#xD;
&#xD;
          1. Have previously participated in the nationwide SUPER Finland study&#xD;
             (www.superfinland.fi, a study on genetic mechanisms of psychotic disorders and a part&#xD;
             of the Stanley Global Initiative) and have given permission for subsequent contact.&#xD;
&#xD;
          2. Be currently in psychiatric care at HUS&#xD;
&#xD;
          3. Be 18 years of age or older&#xD;
&#xD;
          4. Have a serious mental disorder (schizophrenia or schizoaffective disorder)&#xD;
&#xD;
          5. Have a stable medical condition&#xD;
&#xD;
          6. Have self-reported sleep problems: difficulty falling asleep, difficulty staying&#xD;
             asleep, poor quality of sleep, or dissatisfaction with sleep&#xD;
&#xD;
          7. Have access to an electronic inquiry and treatment program and use of e-mail&#xD;
&#xD;
          8. Be able to participate in a sleep group if randomized.&#xD;
&#xD;
        Exclusion Criteria:&#xD;
&#xD;
        Exclusion criteria include:&#xD;
&#xD;
          1. ongoing cognitive-behavioral psychotherapy&#xD;
&#xD;
          2. diagnosed sleep disorder such as sleep apnea&#xD;
&#xD;
          3. insufficient Finnish language skills (insomnia interventions are produced in Finnish,&#xD;
             so good Finnish language skills are required)&#xD;
      </textblock>
    </criteria>
    <gender>All</gender>
    <minimum_age>18 Years</minimum_age>
    <maximum_age>N/A</maximum_age>
    <healthy_volunteers>No</healthy_volunteers>
  </eligibility>
  <overall_official>
    <last_name>Tiina M. Paunio, M.D., Ph.D.</last_name>
    <role>Principal Investigator</role>
    <affiliation>Helsinki University Central Hospital</affiliation>
  </overall_official>
  <overall_contact>
    <last_name>Tiina M. Paunio, M.D., Ph.D.</last_name>
    <phone>+358503507936</phone>
    <email>tiina.paunio@helsinki.fi</email>
  </overall_contact>
  <overall_contact_backup>
    <last_name>Tuula E. Tanskanen, RN, MHC</last_name>
    <phone>+358401286262</phone>
    <email>tuula.tanskanen@hus.fi</email>
  </overall_contact_backup>
  <location>
    <facility>
      <name>Helsinki University Central Hospital</name>
      <address>
        <city>Helsinki</city>
        <state>Uusimaa</state>
        <zip>00290</zip>
        <country>Finland</country>
      </address>
    </facility>
    <status>Recruiting</status>
  </location>
  <location_countries>
    <country>Finland</country>
  </location_countries>
  <link>
    <url>http://www.superfinland.fi/</url>
    <description>a study on genetic mechanisms of psychotic disorders and a part of the Stanley Global Initiative</description>
  </link>
  <reference>
    <citation>Basner M, Dinges DF. Maximizing sensitivity of the psychomotor vigilance test (PVT) to sleep loss. Sleep. 2011 May 1;34(5):581-91.</citation>
    <PMID>21532951</PMID>
  </reference>
  <reference>
    <citation>Edinger JD, Carney CE 2015. Overcoming Insomnia: A Cognitive-Behavioral Therapy Approach. Workbook.Oxford University Press 2015</citation>
  </reference>
  <reference>
    <citation>Haddock G, McCarron J, Tarrier N, Faragher EB. Scales to measure dimensions of hallucinations and delusions: the psychotic symptom rating scales (PSYRATS). Psychol Med. 1999 Jul;29(4):879-89.</citation>
    <PMID>10473315</PMID>
  </reference>
  <reference>
    <citation>Horne JA, Ostberg O. A self-assessment questionnaire to determine morningness-eveningness in human circadian rhythms. Int J Chronobiol. 1976;4(2):97-110.</citation>
    <PMID>1027738</PMID>
  </reference>
  <reference>
    <citation>Kroenke K, Spitzer RL, Williams JB. The PHQ-9: validity of a brief depression severity measure. J Gen Intern Med. 2001 Sep;16(9):606-13.</citation>
    <PMID>11556941</PMID>
  </reference>
  <reference>
    <citation>Lundqvist A, Mäki-Opas T (eds.). Health 2011 Survey - Methods. Terveyden ja hyvinvoinnin laitos, Raportti 8/2016. Helsinki 2016</citation>
  </reference>
  <reference>
    <citation>Morin C, Espie C 2003. Insomnia: A clinical Guide to assessment and treatment. New York. Springer.</citation>
  </reference>
  <reference>
    <citation>Morin C. 2003. Treating insomnia with behavioral approaches: evidence for efficacy, effectiveness, and practicality. In M. P. Szupa, J.D. Kloss &amp; D.F. Dinges (toim), Insomnia. Principles and Management, s. 73-82. Cambridge University press</citation>
  </reference>
  <reference>
    <citation>Morin CM, Vallières A, Ivers H. Dysfunctional beliefs and attitudes about sleep (DBAS): validation of a brief version (DBAS-16). Sleep. 2007 Nov;30(11):1547-54.</citation>
    <PMID>18041487</PMID>
  </reference>
  <reference>
    <citation>Morin CM, Belleville G, Bélanger L, Ivers H. The Insomnia Severity Index: psychometric indicators to detect insomnia cases and evaluate treatment response. Sleep. 2011 May 1;34(5):601-8.</citation>
    <PMID>21532953</PMID>
  </reference>
  <reference>
    <citation>Partinen M, Gislason T. Basic Nordic Sleep Questionnaire (BNSQ): a quantitated measure of subjective sleep complaints. J Sleep Res. 1995 Jun;4(S1):150-155.</citation>
    <PMID>10607192</PMID>
  </reference>
  <reference>
    <citation>Sandman N, Valli K, Kronholm E, Revonsuo A, Laatikainen T, Paunio T. Nightmares: risk factors among the Finnish general adult population. Sleep. 2015 Apr 1;38(4):507-14. doi: 10.5665/sleep.4560.</citation>
    <PMID>25325474</PMID>
  </reference>
  <reference>
    <citation>Sintonen H. The 15D instrument of health-related quality of life: properties and applications. Ann Med. 2001 Jul;33(5):328-36. Review.</citation>
    <PMID>11491191</PMID>
  </reference>
  <reference>
    <citation>Tuomi T Ilmarinen J, Jahkola A, Katajarinne l, Tulkki A (1998) Work ability index. Finnish Institute of Occupational Healht, Helsinki</citation>
  </reference>
  <reference>
    <citation>Waters F, Ree M ja Chiu V. Delivering CBT for Insomnia in Psychosis - A clinical guide. New York, Routledge, 2017</citation>
  </reference>
  <verification_date>April 2020</verification_date>
  <study_first_submitted>October 24, 2019</study_first_submitted>
  <study_first_submitted_qc>October 26, 2019</study_first_submitted_qc>
  <study_first_posted type="Actual">October 30, 2019</study_first_posted>
  <last_update_submitted>April 2, 2020</last_update_submitted>
  <last_update_submitted_qc>April 2, 2020</last_update_submitted_qc>
  <last_update_posted type="Actual">April 6, 2020</last_update_posted>
  <responsible_party>
    <responsible_party_type>Principal Investigator</responsible_party_type>
    <investigator_affiliation>Helsinki University Central Hospital</investigator_affiliation>
    <investigator_full_name>Tiina M. Paunio</investigator_full_name>
    <investigator_title>Professor of Psychiatry and Vice Dean of Education / Department of Psychiatry, Faculty of Medicine, University of Helsinki, Research Professor / National Institute for Health and Welfare</investigator_title>
  </responsible_party>
  <condition_browse>
    <!-- CAUTION:  The following MeSH terms are assigned with an imperfect algorithm            -->
    <mesh_term>Sleep Initiation and Maintenance Disorders</mesh_term>
    <mesh_term>Schizophrenia</mesh_term>
    <mesh_term>Psychotic Disorders</mesh_term>
  </condition_browse>
  <patient_data>
    <sharing_ipd>Undecided</sharing_ipd>
  </patient_data>
  <!-- Results have not yet been posted for this study                                          -->
</clinical_study>

