<?xml version="1.0" encoding="UTF-8"?>
<clinical_study rank="856">
  <!-- This xml conforms to an XML Schema at:
    https://clinicaltrials.gov/ct2/html/images/info/public.xsd -->
  <required_header>
    <download_date>ClinicalTrials.gov processed this data on April 14, 2021</download_date>
    <link_text>Link to the current ClinicalTrials.gov record.</link_text>
    <url>https://clinicaltrials.gov/show/NCT04299724</url>
  </required_header>
  <id_info>
    <org_study_id>GIMI-IRB-20002</org_study_id>
    <nct_id>NCT04299724</nct_id>
  </id_info>
  <brief_title>Safety and Immunity of Covid-19 aAPC Vaccine</brief_title>
  <official_title>Safety and Immunity Evaluation of A Covid-19 Coronavirus Artificial Antigen Presenting Cell Vaccine</official_title>
  <sponsors>
    <lead_sponsor>
      <agency>Shenzhen Geno-Immune Medical Institute</agency>
      <agency_class>Other</agency_class>
    </lead_sponsor>
    <collaborator>
      <agency>Shenzhen Third People's Hospital</agency>
      <agency_class>Other</agency_class>
    </collaborator>
    <collaborator>
      <agency>Shenzhen Second People's Hospital</agency>
      <agency_class>Other</agency_class>
    </collaborator>
  </sponsors>
  <source>Shenzhen Geno-Immune Medical Institute</source>
  <oversight_info>
    <has_dmc>No</has_dmc>
    <is_fda_regulated_drug>No</is_fda_regulated_drug>
    <is_fda_regulated_device>No</is_fda_regulated_device>
  </oversight_info>
  <brief_summary>
    <textblock>
      In December 2019, viral pneumonia (Covid-19) caused by a novel beta-coronavirus (SARS-CoV-2)&#xD;
      broke out in Wuhan, China. Some patients rapidly progressed and suffered severe acute&#xD;
      respiratory failure and died, making it imperative to develop a safe and effective vaccine to&#xD;
      treat and prevent severe Covid-19 pneumonia. Based on detailed analysis of the viral genome&#xD;
      and search for potential immunogenic targets, a synthetic minigene has been engineered based&#xD;
      on conserved domains of the viral structural proteins and a polyprotein protease. The&#xD;
      infection of Covid-19 is mediated through binding of the Spike protein to the ACEII receptor,&#xD;
      and the viral replication depends on molecular mechanisms of all of these viral proteins.&#xD;
      This trial proposes to develop universal vaccine and test innovative Covid-19 minigenes&#xD;
      engineered based on multiple viral genes, using an efficient lentiviral vector system&#xD;
      (NHP/TYF) to express viral proteins and immune modulatory genes to modify artificial antigen&#xD;
      presenting cells (aAPC) and to activate T cells. In this study, the safety and immune&#xD;
      reactivity of this aAPC vaccine will be investigated.&#xD;
    </textblock>
  </brief_summary>
  <detailed_description>
    <textblock>
      Background:&#xD;
&#xD;
      The 2019 discovered new coronavirus, SARS-CoV-2, is an enveloped positive strand single&#xD;
      strand RNA virus. The number of SARS-CoV-2 infected people has increased rapidly and WHO has&#xD;
      warned that the pandemic spread of Covid-19 is imminent and would have disastrous outcomes.&#xD;
      Covid-19 could pose a serious threat to human health and the global economy. There is no&#xD;
      vaccine available or clinically approved antiviral therapy as yet. This study aims to&#xD;
      evaluate the safety and immune reactivity of a genetically modified aAPC universal vaccine to&#xD;
      treat and prevent Covid-19.&#xD;
&#xD;
      Objective:&#xD;
&#xD;
      Primary study objectives: Injection of Covid-19/aAPC vaccine to volunteers to evaluate the&#xD;
      safety.&#xD;
&#xD;
      Secondary study objectives: To evaluate the anti- Covid-19 reactivity of the Covid-19/aAPC&#xD;
      vaccine.&#xD;
&#xD;
      Design:&#xD;
&#xD;
        1. Based on the genomic sequence of the new coronavirus SARS-CoV-2, select conserved and&#xD;
           critical structural and protease protein domains to engineer lentiviral minigenes to&#xD;
           express SARS-CoV-2 antigens.&#xD;
&#xD;
        2. The Covid-19/aAPC vaccine is prepared by applying lentivirus modification including&#xD;
           immune modulatory genes and the viral minigenes, to the artificial antigen presenting&#xD;
           cells (aAPCs). The Covid-19/aAPCs are then inactivated for proliferation and extensively&#xD;
           safety tested.&#xD;
&#xD;
        3. The subjects receive a total of 5x10^ 6 cells each time by subcutaneous injection at 0,&#xD;
           14 and 28 days. The subjects are followed-up with peripheral blood tests at 0, 14, 21,&#xD;
           28 and 60 days until the end of the test.&#xD;
    </textblock>
  </detailed_description>
  <overall_status>Recruiting</overall_status>
  <start_date type="Actual">February 15, 2020</start_date>
  <completion_date type="Anticipated">December 31, 2024</completion_date>
  <primary_completion_date type="Anticipated">July 31, 2023</primary_completion_date>
  <phase>Phase 1</phase>
  <study_type>Interventional</study_type>
  <has_expanded_access>No</has_expanded_access>
  <study_design_info>
    <allocation>N/A</allocation>
    <intervention_model>Single Group Assignment</intervention_model>
    <primary_purpose>Treatment</primary_purpose>
    <masking>None (Open Label)</masking>
  </study_design_info>
  <primary_outcome>
    <measure>Frequency of vaccine events</measure>
    <time_frame>Measured from Day 0 through Day 28</time_frame>
    <description>Frequency of vaccine events such as fever, rash, and abnormal heart function.</description>
  </primary_outcome>
  <primary_outcome>
    <measure>Frequency of serious vaccine events</measure>
    <time_frame>Measured from Day 0 through Day 28</time_frame>
    <description>Frequency of serious vaccine events</description>
  </primary_outcome>
  <primary_outcome>
    <measure>Proportion of subjects with positive T cell response</measure>
    <time_frame>14 and 28 days after randomization</time_frame>
  </primary_outcome>
  <secondary_outcome>
    <measure>28-day mortality</measure>
    <time_frame>Measured from Day 0 through Day 28</time_frame>
    <description>Number of deaths during study follow-up</description>
  </secondary_outcome>
  <secondary_outcome>
    <measure>Duration of mechanical ventilation if applicable</measure>
    <time_frame>Measured from Day 0 through Day 28</time_frame>
    <description>Duration of mechanical ventilation use in days. Multiple mechanical ventilation durations are summed up</description>
  </secondary_outcome>
  <secondary_outcome>
    <measure>Proportion of patients in each category of the 7-point scale</measure>
    <time_frame>7,14 and 28 days after randomization</time_frame>
    <description>Proportion of patients in each category of the 7-point scale, the 7-category ordinal scale that ranges from 1 (discharged with normal activity) to 7 (death)</description>
  </secondary_outcome>
  <secondary_outcome>
    <measure>Proportion of patients with normalized inflammation factors</measure>
    <time_frame>7 and 14 days after randomization</time_frame>
    <description>Proportion of patients with different inflammation factors in normalization range</description>
  </secondary_outcome>
  <secondary_outcome>
    <measure>Clinical improvement based on the 7-point scale if applicable</measure>
    <time_frame>28 days after randomization</time_frame>
    <description>A decline of 2 points on the 7-point scale from admission means better outcome. The 7-category ordinal scale that ranges from 1 (discharged with normal activity) to 7 (death)</description>
  </secondary_outcome>
  <secondary_outcome>
    <measure>Lower Murray lung injury score if applicable</measure>
    <time_frame>7 days after randomization</time_frame>
    <description>Murray lung injury score decrease more than one point means better outcome. The Murray scoring system range from 0 to 4 according to the severity of the condition</description>
  </secondary_outcome>
  <number_of_arms>1</number_of_arms>
  <enrollment type="Anticipated">100</enrollment>
  <condition>Treat and Prevent Covid-19 Infection</condition>
  <arm_group>
    <arm_group_label>Injection of Covid-19/aAPC vaccine</arm_group_label>
    <arm_group_type>Experimental</arm_group_type>
  </arm_group>
  <intervention>
    <intervention_type>Biological</intervention_type>
    <intervention_name>Pathogen-specific aAPC</intervention_name>
    <description>The subjects will receive three injections of 5x10^6 each Covid-19/aAPC vaccine via subcutaneous injections.</description>
    <arm_group_label>Injection of Covid-19/aAPC vaccine</arm_group_label>
  </intervention>
  <eligibility>
    <criteria>
      <textblock>
        Inclusion Criteria:&#xD;
&#xD;
          -  Healthy and Covid-19-positive volunteers&#xD;
&#xD;
          -  The interval between the onset of symptoms and randomized is within 7 days in Covid-19&#xD;
             patients. The onset of symptoms is mainly based on fever. If there is no fever, cough&#xD;
             or other related symptoms can be used;&#xD;
&#xD;
          -  White blood cells ≥ 3,500/μl, lymphocytes ≥ 750/μl;&#xD;
&#xD;
          -  Human immunodeficiency virus (HIV), hepatitis B virus (HBV), hepatitis C virus (HCV)&#xD;
             or tuberculosis (TB) test negative;&#xD;
&#xD;
          -  Sign the Informed Consent voluntarily;&#xD;
&#xD;
        Exclusion Criteria:&#xD;
&#xD;
          -  Subject with active HCV, HBV or HIV infection.&#xD;
&#xD;
          -  Subject is albumin-intolerant.&#xD;
&#xD;
          -  Subject with life expectancy less than 4 weeks.&#xD;
&#xD;
          -  Subject participated in other investigational vaccine therapies within the past 60&#xD;
             days.&#xD;
&#xD;
          -  Subject with positive pregnancy test result.&#xD;
&#xD;
          -  Researchers consider unsuitable.&#xD;
      </textblock>
    </criteria>
    <gender>All</gender>
    <minimum_age>6 Months</minimum_age>
    <maximum_age>80 Years</maximum_age>
    <healthy_volunteers>No</healthy_volunteers>
  </eligibility>
  <overall_official>
    <last_name>Lung-Ji Chang</last_name>
    <role>Principal Investigator</role>
    <affiliation>Shenzhen Geno-Immune Medical Institute</affiliation>
  </overall_official>
  <overall_contact>
    <last_name>Lung-Ji Chang</last_name>
    <phone>+86(755)8672 5195</phone>
    <email>c@szgimi.org</email>
  </overall_contact>
  <location>
    <facility>
      <name>Shenzhen Geno-immune Medical Institute</name>
      <address>
        <city>Shenzhen</city>
        <state>Guangdong</state>
        <zip>518000</zip>
        <country>China</country>
      </address>
    </facility>
    <status>Recruiting</status>
    <contact>
      <last_name>Lung-Ji Chang</last_name>
      <phone>86-755-86725195</phone>
      <email>c@szgimi.org</email>
    </contact>
  </location>
  <location_countries>
    <country>China</country>
  </location_countries>
  <verification_date>March 2020</verification_date>
  <study_first_submitted>March 5, 2020</study_first_submitted>
  <study_first_submitted_qc>March 6, 2020</study_first_submitted_qc>
  <study_first_posted type="Actual">March 9, 2020</study_first_posted>
  <last_update_submitted>March 6, 2020</last_update_submitted>
  <last_update_submitted_qc>March 6, 2020</last_update_submitted_qc>
  <last_update_posted type="Actual">March 9, 2020</last_update_posted>
  <responsible_party>
    <responsible_party_type>Principal Investigator</responsible_party_type>
    <investigator_affiliation>Shenzhen Geno-Immune Medical Institute</investigator_affiliation>
    <investigator_full_name>Lung-Ji Chang</investigator_full_name>
    <investigator_title>President</investigator_title>
  </responsible_party>
  <keyword>Lentiviral vector, Covid-19/aAPC vaccine</keyword>
  <patient_data>
    <sharing_ipd>No</sharing_ipd>
  </patient_data>
  <!-- Results have not yet been posted for this study                                          -->
</clinical_study>

