<?xml version="1.0" encoding="UTF-8"?>
<clinical_study rank="1453">
  <!-- This xml conforms to an XML Schema at:
    https://clinicaltrials.gov/ct2/html/images/info/public.xsd -->
  <required_header>
    <download_date>ClinicalTrials.gov processed this data on April 14, 2021</download_date>
    <link_text>Link to the current ClinicalTrials.gov record.</link_text>
    <url>https://clinicaltrials.gov/show/NCT04314232</url>
  </required_header>
  <id_info>
    <org_study_id>117589</org_study_id>
    <nct_id>NCT04314232</nct_id>
  </id_info>
  <brief_title>Mechanisms for Covid-19 Disease Complications</brief_title>
  <acronym>COVID MECH</acronym>
  <official_title>Changes in Organ Specific Biomarkers, Virus Expression and Prognosis of Covid-19</official_title>
  <sponsors>
    <lead_sponsor>
      <agency>University Hospital, Akershus</agency>
      <agency_class>Other</agency_class>
    </lead_sponsor>
  </sponsors>
  <source>University Hospital, Akershus</source>
  <oversight_info>
    <has_dmc>No</has_dmc>
    <is_fda_regulated_drug>No</is_fda_regulated_drug>
    <is_fda_regulated_device>No</is_fda_regulated_device>
  </oversight_info>
  <brief_summary>
    <textblock>
      Covid-19 is associated with a wide range of symptoms and clinical trajectories, and early&#xD;
      identification of patients at risk for developing severe disease is desirable. Several risk&#xD;
      markers and comorbidity profiles have been proposed but their relative importance in&#xD;
      unselected patients admitted to hospital with Covid-19 remains unclear. This study aims to&#xD;
      assess the prognostic value organ specific biomarkers, viral dynamics and immune response&#xD;
      markers in patients infected with SARS-CoV2.&#xD;
    </textblock>
  </brief_summary>
  <overall_status>Recruiting</overall_status>
  <start_date type="Actual">March 18, 2020</start_date>
  <completion_date type="Anticipated">December 31, 2021</completion_date>
  <primary_completion_date type="Anticipated">December 31, 2021</primary_completion_date>
  <study_type>Observational</study_type>
  <has_expanded_access>No</has_expanded_access>
  <study_design_info>
    <observational_model>Cohort</observational_model>
    <time_perspective>Prospective</time_perspective>
  </study_design_info>
  <primary_outcome>
    <measure>Number of participants with ICU admission or death</measure>
    <time_frame>From hospital admission (baseline) until the date of either admission to the ICU or death during the index hospitalization (up to 52 weeks)</time_frame>
    <description>Combined outcome measure of either ICU admission or death</description>
  </primary_outcome>
  <secondary_outcome>
    <measure>Number of participants with ICU admission</measure>
    <time_frame>From hospital admission (baseline) until the date of admission to the ICU during the index hospitalization (up to 52 weeks)</time_frame>
    <description>ICU admission</description>
  </secondary_outcome>
  <secondary_outcome>
    <measure>Number of participants with death from all causes</measure>
    <time_frame>From hospital admission (baseline) unitl the date of death during the index hospitalization (up to 52 weeks)</time_frame>
    <description>Hospital mortality</description>
  </secondary_outcome>
  <secondary_outcome>
    <measure>Total duration of ICU stay</measure>
    <time_frame>From admission to the ICU until transfer to another ward, discharge from the hospital or death during the index hospitalization (up to 52 weeks)</time_frame>
    <description>Total time admitted to the ICU</description>
  </secondary_outcome>
  <secondary_outcome>
    <measure>Total duration of hospital stay</measure>
    <time_frame>From hospital admission (baseline) until hospital discharge or death during the index hospitalization (up to 52 weeks)</time_frame>
  </secondary_outcome>
  <enrollment type="Anticipated">200</enrollment>
  <condition>COVID</condition>
  <condition>Coronavirus Infection</condition>
  <eligibility>
    <study_pop>
      <textblock>
        All patients with a positive test for SARS-CoV2 admitted to Akershus University Hospital.&#xD;
      </textblock>
    </study_pop>
    <sampling_method>Non-Probability Sample</sampling_method>
    <criteria>
      <textblock>
        Inclusion Criteria:&#xD;
&#xD;
          -  All patients &gt;18 years of age with a positive test for SARS-CoV2 are eligble for&#xD;
             inclusion.&#xD;
&#xD;
          -  Healty age-matched volunteers will be included as a control group&#xD;
&#xD;
        Exclusion Criteria:&#xD;
&#xD;
          -  None&#xD;
      </textblock>
    </criteria>
    <gender>All</gender>
    <minimum_age>18 Years</minimum_age>
    <maximum_age>N/A</maximum_age>
    <healthy_volunteers>Accepts Healthy Volunteers</healthy_volunteers>
  </eligibility>
  <overall_contact>
    <last_name>Torbjørn Omland, MD, PhD</last_name>
    <phone>67960000</phone>
    <email>torbjorn.omland@medisin.uio.no</email>
  </overall_contact>
  <location>
    <facility>
      <name>Akershus University Hospital</name>
      <address>
        <city>Lørenskog</city>
        <country>Norway</country>
      </address>
    </facility>
    <status>Recruiting</status>
    <contact>
      <last_name>Peder Myhre, MD, PhD</last_name>
      <phone>6790000</phone>
      <email>p.l.myhre@medisin.uio.no</email>
    </contact>
  </location>
  <location_countries>
    <country>Norway</country>
  </location_countries>
  <verification_date>June 2020</verification_date>
  <study_first_submitted>March 17, 2020</study_first_submitted>
  <study_first_submitted_qc>March 17, 2020</study_first_submitted_qc>
  <study_first_posted type="Actual">March 19, 2020</study_first_posted>
  <last_update_submitted>June 24, 2020</last_update_submitted>
  <last_update_submitted_qc>June 24, 2020</last_update_submitted_qc>
  <last_update_posted type="Actual">June 26, 2020</last_update_posted>
  <responsible_party>
    <responsible_party_type>Principal Investigator</responsible_party_type>
    <investigator_affiliation>University Hospital, Akershus</investigator_affiliation>
    <investigator_full_name>Torbjorn Omland</investigator_full_name>
    <investigator_title>Professor</investigator_title>
  </responsible_party>
  <keyword>Covid-19</keyword>
  <keyword>Biomarkers</keyword>
  <keyword>Cardiovascular disease</keyword>
  <keyword>Prognosis</keyword>
  <condition_browse>
    <!-- CAUTION:  The following MeSH terms are assigned with an imperfect algorithm            -->
    <mesh_term>Coronavirus Infections</mesh_term>
    <mesh_term>Severe Acute Respiratory Syndrome</mesh_term>
  </condition_browse>
  <!-- Results have not yet been posted for this study                                          -->
</clinical_study>

