<?xml version="1.0" encoding="UTF-8"?>
<clinical_study rank="5578">
  <!-- This xml conforms to an XML Schema at:
    https://clinicaltrials.gov/ct2/html/images/info/public.xsd -->
  <required_header>
    <download_date>ClinicalTrials.gov processed this data on April 14, 2021</download_date>
    <link_text>Link to the current ClinicalTrials.gov record.</link_text>
    <url>https://clinicaltrials.gov/show/NCT04274621</url>
  </required_header>
  <id_info>
    <org_study_id>WT2020-V1.0</org_study_id>
    <nct_id>NCT04274621</nct_id>
  </id_info>
  <brief_title>The Application Value of Non-contact Infrared Thermometers in Temperature Screening in the General Population</brief_title>
  <official_title>The Application Value of Non-contact Infrared Thermometers in Temperature Screening in the General Population: a Real-world, Prospective, Observational Study</official_title>
  <sponsors>
    <lead_sponsor>
      <agency>Ningbo No. 1 Hospital</agency>
      <agency_class>Other</agency_class>
    </lead_sponsor>
  </sponsors>
  <source>Ningbo No. 1 Hospital</source>
  <oversight_info>
    <has_dmc>Yes</has_dmc>
    <is_fda_regulated_drug>No</is_fda_regulated_drug>
    <is_fda_regulated_device>No</is_fda_regulated_device>
  </oversight_info>
  <brief_summary>
    <textblock>
      The first epidemic of 2019 novel coronavirus (2019-nCoV)-infected pneumonia(NCIP) in Wuhan,&#xD;
      China, has attracted global attention because of its strong transmission ability and certain&#xD;
      fatality. Analyzing the clinical data of hospitalized patients with 2019-nCoV infection, the&#xD;
      current studies found that fever, fatigue and dry cough were common symptoms, and 43.8% of&#xD;
      the patients showed fever before admission. Some scholars emphasize that the most effective&#xD;
      means to control the outbreak are early detection, early isolation, early diagnosis and early&#xD;
      treatment. In the face of the pressure that a large number of people need rapid screening and&#xD;
      the deficiency that the forehead temperature measurement is easily affected by the&#xD;
      environment, the investigators would like to explore the accuracy and advantages of wrist&#xD;
      temperature measurement in different environments and conditions in this period. And&#xD;
      determine the thresholds of non-contact infrared thermometer for the screening of patients&#xD;
      with fever, in order to provide clinical indicators for further detection of patients with&#xD;
      suspected fever.&#xD;
    </textblock>
  </brief_summary>
  <overall_status>Completed</overall_status>
  <start_date type="Actual">February 14, 2020</start_date>
  <completion_date type="Actual">February 20, 2020</completion_date>
  <primary_completion_date type="Actual">February 17, 2020</primary_completion_date>
  <study_type>Observational</study_type>
  <has_expanded_access>No</has_expanded_access>
  <study_design_info>
    <observational_model>Ecologic or Community</observational_model>
    <time_perspective>Cross-Sectional</time_perspective>
  </study_design_info>
  <primary_outcome>
    <measure>The Comparison of accuracy between wrist temperature and forehead temperature.</measure>
    <time_frame>cross-sectional analyses in 2020</time_frame>
    <description>The investigators used non-contact infrared thermometers to measure the value of wrist and forehead temperature in patients, family members of patients, medical staff. They record the value of temperature in the population and environment temperature.</description>
  </primary_outcome>
  <number_of_groups>1</number_of_groups>
  <enrollment type="Actual">572</enrollment>
  <condition>Non-contact Infrared Thermometer; Rapid Screening</condition>
  <arm_group>
    <arm_group_label>Patients, family members of patient, medical staff</arm_group_label>
  </arm_group>
  <eligibility>
    <study_pop>
      <textblock>
        Patients, family members of patients, and medical staff&#xD;
      </textblock>
    </study_pop>
    <sampling_method>Non-Probability Sample</sampling_method>
    <criteria>
      <textblock>
        Inclusion Criteria:&#xD;
&#xD;
          -  patients, family members of patients, and medical staff&#xD;
&#xD;
        Exclusion Criteria:&#xD;
&#xD;
          -  age &lt;= 18 years&#xD;
&#xD;
          -  Wearing hearing aid, having a cerumen&#xD;
&#xD;
          -  Soft tissue infection, trauma patients&#xD;
&#xD;
          -  Missing data&#xD;
      </textblock>
    </criteria>
    <gender>All</gender>
    <minimum_age>18 Years</minimum_age>
    <maximum_age>N/A</maximum_age>
  </eligibility>
  <location>
    <facility>
      <name>Ningbo first hospital</name>
      <address>
        <city>Ningbo</city>
        <state>Zhejiang</state>
        <zip>315010</zip>
        <country>China</country>
      </address>
    </facility>
  </location>
  <location_countries>
    <country>China</country>
  </location_countries>
  <verification_date>March 2020</verification_date>
  <study_first_submitted>February 14, 2020</study_first_submitted>
  <study_first_submitted_qc>February 15, 2020</study_first_submitted_qc>
  <study_first_posted type="Actual">February 18, 2020</study_first_posted>
  <last_update_submitted>March 2, 2020</last_update_submitted>
  <last_update_submitted_qc>March 2, 2020</last_update_submitted_qc>
  <last_update_posted type="Actual">March 3, 2020</last_update_posted>
  <responsible_party>
    <responsible_party_type>Sponsor</responsible_party_type>
  </responsible_party>
  <!-- Results have not yet been posted for this study                                          -->
</clinical_study>

