<?xml version="1.0" encoding="UTF-8"?>
<clinical_study rank="5465">
  <!-- This xml conforms to an XML Schema at:
    https://clinicaltrials.gov/ct2/html/images/info/public.xsd -->
  <required_header>
    <download_date>ClinicalTrials.gov processed this data on April 14, 2021</download_date>
    <link_text>Link to the current ClinicalTrials.gov record.</link_text>
    <url>https://clinicaltrials.gov/show/NCT04039243</url>
  </required_header>
  <id_info>
    <org_study_id>2018P000376</org_study_id>
    <nct_id>NCT04039243</nct_id>
  </id_info>
  <brief_title>Addressing Anxiety in 2-3-Year-Olds: A Pilot Intervention Study</brief_title>
  <official_title>Addressing Anxiety in 2-Year-Olds: A Pilot Screening and Intervention Study</official_title>
  <sponsors>
    <lead_sponsor>
      <agency>Massachusetts General Hospital</agency>
      <agency_class>Other</agency_class>
    </lead_sponsor>
  </sponsors>
  <source>Massachusetts General Hospital</source>
  <oversight_info>
    <has_dmc>No</has_dmc>
    <is_fda_regulated_drug>No</is_fda_regulated_drug>
    <is_fda_regulated_device>No</is_fda_regulated_device>
  </oversight_info>
  <brief_summary>
    <textblock>
      The purpose of this study is to test the feasibility and efficacy of intervening with&#xD;
      2-year-old children with elevated temperamental Fear and/or Shyness or 3-year-old children&#xD;
      with elevated anxiety and their parents, using a parent-child Cognitive Behavioral Therapy&#xD;
      (CBT) protocol to reduce anxiety disorders and maintain reduced anxiety at one-year&#xD;
      follow-up. Before the COVID-19 pandemic, study visits and treatment sessions were conducted&#xD;
      in office. Now all visits and treatment sessions are conducted remotely.&#xD;
    </textblock>
  </brief_summary>
  <overall_status>Recruiting</overall_status>
  <start_date type="Actual">September 27, 2019</start_date>
  <completion_date type="Anticipated">September 1, 2022</completion_date>
  <primary_completion_date type="Anticipated">September 1, 2022</primary_completion_date>
  <phase>N/A</phase>
  <study_type>Interventional</study_type>
  <has_expanded_access>No</has_expanded_access>
  <study_design_info>
    <allocation>Randomized</allocation>
    <intervention_model>Parallel Assignment</intervention_model>
    <primary_purpose>Treatment</primary_purpose>
    <masking>Single (Outcomes Assessor)</masking>
  </study_design_info>
  <primary_outcome>
    <measure>Response Rate (proportion of participants rated as 1 or 2 on Clinical Global Impression of Anxiety-Improvement Measure (CGI-I)</measure>
    <time_frame>Baseline to 1-Year Follow Up</time_frame>
    <description>The CGI-I is a 7-point scale from 1 (Very Much Improved) to 7 (Very Much Worse). It will be rated by a clinician interviewer blind to treatment condition</description>
  </primary_outcome>
  <secondary_outcome>
    <measure>Mean Change in number of anxiety disorders</measure>
    <time_frame>Baseline to 1-Year Follow Up</time_frame>
    <description>As measured by the Kiddie Schedule for Affective Disorders and Schizophrenia (KSADS-PL), a semi-structured interview used to assess present and lifetime severity of psychological disorders administered by a clinician blind to study arm</description>
  </secondary_outcome>
  <secondary_outcome>
    <measure>Mean Change in Fear/Shyness Scores on the Early Childhood Behavior Questionnaire (ECBQ) (for those enrolled as 2-year-olds)</measure>
    <time_frame>Baseline to Post-Treatment</time_frame>
    <description>The ECBQ Fear and Shyness scales include 23 items rated by a parent on a 7-point scale from 1 (Never) to 7 (Always)</description>
  </secondary_outcome>
  <secondary_outcome>
    <measure>Mean Change in Anxiety Score on the Preschool Anxiety Scale (PAS) (for those enrolled as 3-year-olds)</measure>
    <time_frame>Baseline to 1-Year Follow Up</time_frame>
    <description>The PAS consists of 28 items rated by a parent on a scale from 0 (Not True At All) to 4 (Very Often True). It assesses severity of anxiety in young children.</description>
  </secondary_outcome>
  <secondary_outcome>
    <measure>Mean change in Internalizing scores on the Child Behavior Checklist (CBCL) and Caregiver Report Form (CRF) where available for Ages 1-1/2 - 5 years Scores</measure>
    <time_frame>Baseline to 1-Year Follow Up</time_frame>
    <description>The CBCL and CRF are parent- and teacher/caregiver-completed questionnaires used to assess child behavior problems and social competence .</description>
  </secondary_outcome>
  <secondary_outcome>
    <measure>Mean change in family function on the Family Life Interference Scale (FLIS).</measure>
    <time_frame>Baseline to 1-Year Follow Up</time_frame>
    <description>The FLIS contains 19 items on a scale from 0 (Not True) to 2 (Very True) rated by a parent and is used to assesses the extent to which child behavior limits participation in activities typical of families with young children</description>
  </secondary_outcome>
  <secondary_outcome>
    <measure>Mean change in Depression-Anxiety-Stress Scale stress rating</measure>
    <time_frame>Baseline to 1-Year Follow-Up</time_frame>
    <description>This 42-item questionnaire, completed by the parent, assesses parental stress level</description>
  </secondary_outcome>
  <number_of_arms>3</number_of_arms>
  <enrollment type="Anticipated">90</enrollment>
  <condition>Anxiety Disorder of Childhood</condition>
  <condition>Fear</condition>
  <condition>Shyness</condition>
  <arm_group>
    <arm_group_label>Active Treatment</arm_group_label>
    <arm_group_type>Experimental</arm_group_type>
    <description>Up to 12 sessions of Parent-Child CBT using an adaptation of the Being Brave protocol</description>
  </arm_group>
  <arm_group>
    <arm_group_label>Parent Education</arm_group_label>
    <arm_group_type>Active Comparator</arm_group_type>
    <description>Parents receive educational materials about how to help young children overcome shyness and anxiety</description>
  </arm_group>
  <arm_group>
    <arm_group_label>Monitoring</arm_group_label>
    <arm_group_type>No Intervention</arm_group_type>
  </arm_group>
  <intervention>
    <intervention_type>Behavioral</intervention_type>
    <intervention_name>Being Brave</intervention_name>
    <description>Up to 12 weekly sessions</description>
    <arm_group_label>Active Treatment</arm_group_label>
  </intervention>
  <intervention>
    <intervention_type>Other</intervention_type>
    <intervention_name>Parent Education</intervention_name>
    <description>Parents receive educational materials about helping children overcome shyness and fear</description>
    <arm_group_label>Parent Education</arm_group_label>
  </intervention>
  <eligibility>
    <criteria>
      <textblock>
        Inclusion Criteria:&#xD;
&#xD;
          -  The child scores &gt;1 Standard Deviation (SD) above reported means for the Fear or&#xD;
             Shyness scales on the ECBQ (if child is 21-35 months) or the child scores &gt;1SD above&#xD;
             reported means for the Total Anxiety, Generalized Anxiety, Social Anxiety, Physical&#xD;
             Injury Fears, or Separation Anxiety scales on the PAS (if child is 36-47 months) as&#xD;
             completed by a parent&#xD;
&#xD;
          -  The parents are able to speak, understand, and read English&#xD;
&#xD;
          -  The child must have a working knowledge of English.&#xD;
&#xD;
        Exclusion Criteria:&#xD;
&#xD;
          -  Autism Spectrum Disorder (ASD) or global developmental delay in the child&#xD;
&#xD;
          -  The child has disruptive behavior so severe as to interfere with participation in&#xD;
             intervention sessions&#xD;
&#xD;
          -  The child has a different primary disorder for which CBT for anxiety is inappropriate&#xD;
             (e.g. severe depression, depression in the mother, significant medical disorder).&#xD;
      </textblock>
    </criteria>
    <gender>All</gender>
    <minimum_age>21 Months</minimum_age>
    <maximum_age>47 Months</maximum_age>
    <healthy_volunteers>Accepts Healthy Volunteers</healthy_volunteers>
  </eligibility>
  <overall_official>
    <last_name>Dina Hirshfeld-Becker, PhD</last_name>
    <role>Principal Investigator</role>
    <affiliation>Massachusetts General Hospital</affiliation>
  </overall_official>
  <overall_contact>
    <last_name>Jordan Holmen, BA</last_name>
    <phone>617-724-4906</phone>
    <email>jholmen@mgh.harvard.edu</email>
  </overall_contact>
  <overall_contact_backup>
    <last_name>Dina Hirshfeld-Becker, PhD</last_name>
    <phone>617-724-2572</phone>
    <email>DHIRSHFELD@PARTNERS.ORG</email>
  </overall_contact_backup>
  <location>
    <facility>
      <name>Massachusetts General Hospital</name>
      <address>
        <city>Boston</city>
        <state>Massachusetts</state>
        <zip>02114</zip>
        <country>United States</country>
      </address>
    </facility>
    <status>Recruiting</status>
  </location>
  <location_countries>
    <country>United States</country>
  </location_countries>
  <verification_date>September 2020</verification_date>
  <study_first_submitted>July 29, 2019</study_first_submitted>
  <study_first_submitted_qc>July 29, 2019</study_first_submitted_qc>
  <study_first_posted type="Actual">July 31, 2019</study_first_posted>
  <last_update_submitted>December 1, 2020</last_update_submitted>
  <last_update_submitted_qc>December 1, 2020</last_update_submitted_qc>
  <last_update_posted type="Actual">December 3, 2020</last_update_posted>
  <responsible_party>
    <responsible_party_type>Principal Investigator</responsible_party_type>
    <investigator_affiliation>Massachusetts General Hospital</investigator_affiliation>
    <investigator_full_name>Dina R. Hirshfeld-Becker</investigator_full_name>
    <investigator_title>Co-Director, MGH Child CBT Program</investigator_title>
  </responsible_party>
  <keyword>Anxiety disorders</keyword>
  <keyword>Toddlers</keyword>
  <keyword>Preschoolers</keyword>
  <keyword>Cognitive-behavioral therapy</keyword>
  <condition_browse>
    <!-- CAUTION:  The following MeSH terms are assigned with an imperfect algorithm            -->
    <mesh_term>Anxiety Disorders</mesh_term>
  </condition_browse>
  <!-- Results have not yet been posted for this study                                          -->
</clinical_study>

