<?xml version="1.0" encoding="UTF-8"?>
<clinical_study rank="4340">
  <!-- This xml conforms to an XML Schema at:
    https://clinicaltrials.gov/ct2/html/images/info/public.xsd -->
  <required_header>
    <download_date>ClinicalTrials.gov processed this data on April 14, 2021</download_date>
    <link_text>Link to the current ClinicalTrials.gov record.</link_text>
    <url>https://clinicaltrials.gov/show/NCT04328467</url>
  </required_header>
  <id_info>
    <org_study_id>STUDY00009414</org_study_id>
    <nct_id>NCT04328467</nct_id>
  </id_info>
  <brief_title>Pre-exposure Prophylaxis for SARS-Coronavirus-2</brief_title>
  <official_title>Pre-exposure Prophylaxis for SARS-Coronavirus-2: A Pragmatic Randomized Clinical Trial</official_title>
  <sponsors>
    <lead_sponsor>
      <agency>University of Minnesota</agency>
      <agency_class>Other</agency_class>
    </lead_sponsor>
  </sponsors>
  <source>University of Minnesota</source>
  <oversight_info>
    <has_dmc>Yes</has_dmc>
    <is_fda_regulated_drug>Yes</is_fda_regulated_drug>
    <is_fda_regulated_device>No</is_fda_regulated_device>
  </oversight_info>
  <brief_summary>
    <textblock>
      Objective: To determine if pre-exposure prophylaxis with hydroxychloroquine is effective for&#xD;
      the prevention of COVID-19 disease.&#xD;
    </textblock>
  </brief_summary>
  <detailed_description>
    <textblock>
      The current standard of care is observation and quarantine after exposure to COVID-19. There&#xD;
      is no approved treatment or prophylaxis for COVID-19.&#xD;
&#xD;
      As of March 6, 2020, the CDC estimates that the transmission of SARS-CoV2 after a U.S.&#xD;
      household close contract is 10.5% (95%CI, 2.9 to 31.4%). Among all close contacts, the&#xD;
      SARS-CoV2 transmission rate is estimated at 0.45% (95%CI, 0.12 to 1.6%) by the CDC. These&#xD;
      estimates are based on monitoring of travel-associated COVID19 cases. Conversely, in a&#xD;
      setting with community transmission, the secondary attack rate in China was 35% (95%CI,&#xD;
      27-44%) based on 48 transmissions among 137 persons in 9 index patients.&#xD;
&#xD;
      Chloroquine or Hydroxychloroquine may have antiviral effects against SARS-COV2 which may&#xD;
      prevent COVID-19 disease or reduce disease severity. It is not known at what dosing&#xD;
      hydroxychloroquine may be effective for pre-exposure prophylaxis.&#xD;
    </textblock>
  </detailed_description>
  <overall_status>Active, not recruiting</overall_status>
  <start_date type="Actual">April 6, 2020</start_date>
  <completion_date type="Anticipated">August 2020</completion_date>
  <primary_completion_date type="Anticipated">August 2020</primary_completion_date>
  <phase>Phase 3</phase>
  <study_type>Interventional</study_type>
  <has_expanded_access>No</has_expanded_access>
  <study_design_info>
    <allocation>Randomized</allocation>
    <intervention_model>Parallel Assignment</intervention_model>
    <primary_purpose>Treatment</primary_purpose>
    <masking>Quadruple (Participant, Care Provider, Investigator, Outcomes Assessor)</masking>
  </study_design_info>
  <primary_outcome>
    <measure>COVID-19-free survival</measure>
    <time_frame>up to 12 weeks</time_frame>
    <description>Outcome reported as the percent of participants in each arm who are COVID-19-free at the end of study treatment.</description>
  </primary_outcome>
  <secondary_outcome>
    <measure>Incidence of confirmed SARS-CoV-2 detection</measure>
    <time_frame>up to 12 weeks</time_frame>
    <description>Outcome reported as the percent of participants in each arm who have a confirmed SARS-CoV-2 infection during study treatment.</description>
  </secondary_outcome>
  <secondary_outcome>
    <measure>Incidence of possible COVID-19 symptoms</measure>
    <time_frame>up to 12 weeks</time_frame>
    <description>Outcome reported as the percent of participants in each arm who report COVID-19-related symptoms during study treatment.</description>
  </secondary_outcome>
  <secondary_outcome>
    <measure>Incidence of all-cause study medicine discontinuation</measure>
    <time_frame>up to 12 weeks</time_frame>
    <description>Outcome reported as the percent of participants in each arm who discontinue study medication use for any reason during treatment.</description>
  </secondary_outcome>
  <secondary_outcome>
    <measure>Ordinal Scale of COVID-19 Disease maximum severity if COVID-19 diagnosed at study end</measure>
    <time_frame>up to 12 weeks</time_frame>
    <description>Participants will self-report COVID-19 status on an ordinal scale as follows: No illness (score=1), Illness with outpatient observation (score=2), Hospitalization (or post-hospital discharge) (score=3), or Hospitalization with ICU stay or death (score=4). Possible scores range from 1-4 with higher scores indicating greater disease severity.</description>
  </secondary_outcome>
  <secondary_outcome>
    <measure>Incidence of Hospitalization for COVID-19 or death</measure>
    <time_frame>up to 12 weeks</time_frame>
    <description>Outcome reported as the percent of participants in each arm who are hospitalized or expire due to COVID-19 during study treatment.</description>
  </secondary_outcome>
  <secondary_outcome>
    <measure>Incidence of study medication-related side effects</measure>
    <time_frame>up to 12 weeks</time_frame>
    <description>Outcome reported as the percent of participants in each arm who experience medication-related side effects during study treatment.</description>
  </secondary_outcome>
  <number_of_arms>3</number_of_arms>
  <enrollment type="Actual">1500</enrollment>
  <condition>COVID-19</condition>
  <condition>Corona Virus Infection</condition>
  <condition>ARDS</condition>
  <condition>Acute Respiratory Distress Syndrome</condition>
  <arm_group>
    <arm_group_label>Intervention Once Weekly</arm_group_label>
    <arm_group_type>Experimental</arm_group_type>
    <description>400 mg orally once, followed by 400mg 6 to 8 hours later, thereafter 400mg weekly for the duration of follow up, up to 12 weeks</description>
  </arm_group>
  <arm_group>
    <arm_group_label>Intervention Twice Weekly</arm_group_label>
    <arm_group_type>Experimental</arm_group_type>
    <description>400mg orally once, followed by 400mg 6 to 8 hours later, thereafter 400mg twice weekly for the duration of follow up, up to 12 weeks</description>
  </arm_group>
  <arm_group>
    <arm_group_label>Control Group</arm_group_label>
    <arm_group_type>Placebo Comparator</arm_group_type>
    <description>Placebo 2 tabs once, followed by 2 tabs 6 to 8 hours later, thereafter two tabs weekly or twice weekly for the duration of follow up, up to 12 weeks</description>
  </arm_group>
  <intervention>
    <intervention_type>Drug</intervention_type>
    <intervention_name>Hydroxychloroquine</intervention_name>
    <description>Hydroxychloroquine; 200mg tablet; oral</description>
    <arm_group_label>Intervention Once Weekly</arm_group_label>
    <arm_group_label>Intervention Twice Weekly</arm_group_label>
    <other_name>Plaquenil</other_name>
  </intervention>
  <intervention>
    <intervention_type>Other</intervention_type>
    <intervention_name>Placebo</intervention_name>
    <description>Placebo; tablet; oral</description>
    <arm_group_label>Control Group</arm_group_label>
  </intervention>
  <eligibility>
    <criteria>
      <textblock>
        Inclusion Criteria:&#xD;
&#xD;
        - A healthcare worker at high risk for COVID-19 exposure (defined below):&#xD;
&#xD;
          -  Persons primarily working in emergency departments (physicians, nurses, ancillary&#xD;
             staff, triage personnel)&#xD;
&#xD;
          -  Persons primarily working in intensive care units (physicians, nurses, ancillary&#xD;
             staff, respiratory therapists)&#xD;
&#xD;
          -  Persons performing aerosol generating procedures (i.e. anesthesiologists, nurse&#xD;
             anesthetists (CRNAs)&#xD;
&#xD;
          -  First responders (i.e. EMTs, paramedics)&#xD;
&#xD;
        Exclusion Criteria:&#xD;
&#xD;
          -  Active COVID-19 disease&#xD;
&#xD;
          -  Prior COVID-19 disease&#xD;
&#xD;
          -  Current fever, cough, shortness of breath&#xD;
&#xD;
          -  Allergy to chloroquine or hydroxychloroquine&#xD;
&#xD;
          -  Prior retinal eye disease&#xD;
&#xD;
          -  Known Chronic Kidney disease, Stage 4 or 5 or dialysis&#xD;
&#xD;
          -  Known glucose-6 phosphate dehydrogenase (G-6-PD) deficiency&#xD;
&#xD;
          -  Weight &lt;40 kg&#xD;
&#xD;
          -  Prolonged QT syndrome&#xD;
&#xD;
          -  Current use of hydroxychloroquine, chloroquine, or cardiac medicines of flecainide,&#xD;
             amiodarone, digoxin, procainamide, or propafenone&#xD;
&#xD;
          -  Current use of medications with known significant drug-drug interactions: artemether,&#xD;
             lumefantrine, mefloquine, tamoxifen, or methotrexate.&#xD;
      </textblock>
    </criteria>
    <gender>All</gender>
    <minimum_age>18 Years</minimum_age>
    <maximum_age>N/A</maximum_age>
    <healthy_volunteers>No</healthy_volunteers>
  </eligibility>
  <overall_official>
    <last_name>Radha Rajasingham, MD</last_name>
    <role>Principal Investigator</role>
    <affiliation>University of Minnesota</affiliation>
  </overall_official>
  <location>
    <facility>
      <name>Nationwide Enrollment via Internet, please email: covid19@umn.edu</name>
      <address>
        <city>Minneapolis</city>
        <state>Minnesota</state>
        <zip>55455</zip>
        <country>United States</country>
      </address>
    </facility>
  </location>
  <location>
    <facility>
      <name>University of Minnesota</name>
      <address>
        <city>Minneapolis</city>
        <state>Minnesota</state>
        <zip>55455</zip>
        <country>United States</country>
      </address>
    </facility>
  </location>
  <location_countries>
    <country>United States</country>
  </location_countries>
  <verification_date>May 2020</verification_date>
  <study_first_submitted>March 27, 2020</study_first_submitted>
  <study_first_submitted_qc>March 30, 2020</study_first_submitted_qc>
  <study_first_posted type="Actual">March 31, 2020</study_first_posted>
  <last_update_submitted>May 26, 2020</last_update_submitted>
  <last_update_submitted_qc>May 26, 2020</last_update_submitted_qc>
  <last_update_posted type="Actual">May 27, 2020</last_update_posted>
  <responsible_party>
    <responsible_party_type>Sponsor</responsible_party_type>
  </responsible_party>
  <condition_browse>
    <!-- CAUTION:  The following MeSH terms are assigned with an imperfect algorithm            -->
    <mesh_term>Coronavirus Infections</mesh_term>
    <mesh_term>Severe Acute Respiratory Syndrome</mesh_term>
    <mesh_term>Respiratory Distress Syndrome, Newborn</mesh_term>
    <mesh_term>Respiratory Distress Syndrome, Adult</mesh_term>
    <mesh_term>Acute Lung Injury</mesh_term>
  </condition_browse>
  <intervention_browse>
    <!-- CAUTION:  The following MeSH terms are assigned with an imperfect algorithm            -->
    <mesh_term>Hydroxychloroquine</mesh_term>
  </intervention_browse>
  <patient_data>
    <sharing_ipd>Undecided</sharing_ipd>
  </patient_data>
  <!-- Results have not yet been posted for this study                                          -->
</clinical_study>

