<?xml version="1.0" encoding="UTF-8"?>
<clinical_study rank="5768">
  <!-- This xml conforms to an XML Schema at:
    https://clinicaltrials.gov/ct2/html/images/info/public.xsd -->
  <required_header>
    <download_date>ClinicalTrials.gov processed this data on April 14, 2021</download_date>
    <link_text>Link to the current ClinicalTrials.gov record.</link_text>
    <url>https://clinicaltrials.gov/show/NCT03922334</url>
  </required_header>
  <id_info>
    <org_study_id>STU002096009</org_study_id>
    <secondary_id>1R01HD098178</secondary_id>
    <nct_id>NCT03922334</nct_id>
  </id_info>
  <brief_title>Navigating New Motherhood 2</brief_title>
  <acronym>NNM2</acronym>
  <official_title>Navigating New Motherhood 2: Patient Navigation to Improve Outcomes Among Low-income Women in the Postpartum Period</official_title>
  <sponsors>
    <lead_sponsor>
      <agency>Northwestern University</agency>
      <agency_class>Other</agency_class>
    </lead_sponsor>
    <collaborator>
      <agency>Eunice Kennedy Shriver National Institute of Child Health and Human Development (NICHD)</agency>
      <agency_class>NIH</agency_class>
    </collaborator>
  </sponsors>
  <source>Northwestern University</source>
  <oversight_info>
    <has_dmc>No</has_dmc>
    <is_fda_regulated_drug>No</is_fda_regulated_drug>
    <is_fda_regulated_device>No</is_fda_regulated_device>
  </oversight_info>
  <brief_summary>
    <textblock>
      The primary aim of this study is to determine whether implementation of a postpartum patient&#xD;
      navigation program improves health outcomes among low-income women. Patient navigation is a&#xD;
      barrier focused, long-term patient-centered intervention that offers support for a defined&#xD;
      set of health services. The intervention under investigation is a comprehensive postpartum&#xD;
      patient navigator program. Women who are randomized to receive patient navigation will be&#xD;
      compared to women who are randomized to receive usual care. Navigators will support women&#xD;
      through one year postpartum. The NNM2 program will be grounded in understanding and&#xD;
      addressing social determinants of health in order to promote self-efficacy, enhance access,&#xD;
      and sustain long-term engagement. Participants will undergo surveys, interviews, and medical&#xD;
      record review at 4-12 weeks and 11-13 months postpartum. The investigators will additionally&#xD;
      conduct focus groups and surveys with clinical providers.&#xD;
    </textblock>
  </brief_summary>
  <detailed_description>
    <textblock>
      The postpartum period - often called the &quot;fourth trimester&quot; - is a time of rapid and intense&#xD;
      change in the life of a woman and her family, and uptake of health care during this&#xD;
      transition is critical to optimizing women's long-term health and the health of their&#xD;
      subsequent pregnancies. The importance of postpartum care has been reinforced by professional&#xD;
      organizations, yet postpartum care in the United States remains inadequate. Substantial&#xD;
      racial/ethnic and socioeconomic disparities in health care uptake, quality, and outcomes&#xD;
      exist. Improving health for all women requires the development of new, more comprehensive&#xD;
      approaches to postpartum and interconceptional care. One potential model may be patient&#xD;
      navigation, which is a barrier-focused, longitudinal, patient-centered intervention that&#xD;
      offers support for a defined set of health services.&#xD;
&#xD;
      This protocol is to evaluate whether implementation of a postpartum patient navigation&#xD;
      program improves health outcomes among low-income women. The investigators previously&#xD;
      developed a postpartum patient navigation program, called Navigating New Motherhood (NNM),&#xD;
      which introduced a clinic-level intervention in which a patient navigator assumed postpartum&#xD;
      supportive and logistical responsibilities for low-income women. Navigation was associated&#xD;
      with improvements in outcomes (retention in care, contraception uptake, vaccination, and&#xD;
      depression screening) compared to those of a historical cohort. The investigators now propose&#xD;
      to test the efficacy of the updated NNM model - called &quot;NNM2&quot; - via a randomized trial. The&#xD;
      study will randomize 400 pregnant or postpartum women (1:1) with publicly-funded prenatal&#xD;
      care to NNM2 versus usual care. Women randomized to navigation will be provided intensive,&#xD;
      individualized, one-on-one navigation services through 12 weeks postpartum and, based on&#xD;
      individual needs, ongoing, tapered navigation through one year postpartum. The NNM2 program&#xD;
      will be grounded in understanding and addressing social determinants of health in order to&#xD;
      promote self-efficacy, enhance access, and sustain long-term engagement. Participants will&#xD;
      undergo surveys, interviews, and medical record review at 4-12 weeks and 11-13 months&#xD;
      postpartum.&#xD;
&#xD;
      Aim 1 will evaluate whether the navigation program improves clinical outcomes at 4-12 weeks&#xD;
      postpartum as measured via a composite of health status that includes retention in care,&#xD;
      receipt of recommended counseling, receipt of desired contraception, postpartum depression&#xD;
      screening/care, breastfeeding initiation/maintenance, and receipt of preventive care.&#xD;
      Sub-Aims will include investigation of outcomes at 11-13 months postpartum. Aim 2 will&#xD;
      evaluate whether NNM2 improves patient-reported outcomes. Aim 3 additionally involves&#xD;
      examining obstetric and primary care provider perspectives on the navigation program and on&#xD;
      optimizing the postpartum transition. Completion of this study will fill an evidence gap by&#xD;
      demonstrating whether postpartum patient navigation is an effective mechanism to improve&#xD;
      women's short- and long-term health, enhance health care utilization, and improve patient and&#xD;
      provider satisfaction.&#xD;
&#xD;
      NNM2 suspended enrollment due to COVID-19 beginning March 16, 2020. For already enrolled&#xD;
      individuals, study visits and patient navigation activities were converted to tele-research&#xD;
      and tele-navigation. Recruitment was planned to resume when the COVID-19 pandemic resolves&#xD;
      and normal outpatient care has resumed. For individuals already recruited and whose care&#xD;
      occurred during the early phases of the pandemic, the outcomes definitions were appropriately&#xD;
      modified for the conduct of telemedicine during the pandemic. Recruitment resumed on June 8,&#xD;
      2020.&#xD;
    </textblock>
  </detailed_description>
  <overall_status>Recruiting</overall_status>
  <start_date type="Actual">January 21, 2020</start_date>
  <completion_date type="Anticipated">December 2024</completion_date>
  <primary_completion_date type="Anticipated">January 2024</primary_completion_date>
  <phase>N/A</phase>
  <study_type>Interventional</study_type>
  <has_expanded_access>No</has_expanded_access>
  <study_design_info>
    <allocation>Randomized</allocation>
    <intervention_model>Parallel Assignment</intervention_model>
    <intervention_model_description>There will be two cohorts: One cohort will be provided intensive, individualized, one-on-one navigation services through 12 weeks postpartum and, based on individual needs, ongoing, tapered navigation through one year postpartum. The second cohort will receive usual care.</intervention_model_description>
    <primary_purpose>Supportive Care</primary_purpose>
    <masking>None (Open Label)</masking>
  </study_design_info>
  <primary_outcome>
    <measure>Postpartum health at 4-12 weeks after delivery</measure>
    <time_frame>4-12 weeks postpartum</time_frame>
    <description>Number of women who achieve a composite measure of health status that includes retention in care, receipt of recommended counseling (anticipatory guidance), receipt of desired contraception, postpartum depression screening and care, breastfeeding initiation and maintenance, and receipt of preventive care. (Outcome is modified to include receipt telemedicine for health care for women who require postpartum care during the pandemic)</description>
  </primary_outcome>
  <secondary_outcome>
    <measure>Postpartum diabetes screening</measure>
    <time_frame>4-12 weeks and 1 year postpartum</time_frame>
    <description>Among women with gestational diabetes mellitus (GDM), number of women with completion of a 2-hour oral glucose tolerance test by 12 weeks postpartum</description>
  </secondary_outcome>
  <secondary_outcome>
    <measure>Postpartum atherosclerotic cardiovascular disease screening</measure>
    <time_frame>4-12 weeks and 1 year postpartum</time_frame>
    <description>Among women with ASCVD-associated adverse pregnancy outcomes, number of women who undergo indicated clinical assessments for blood pressure, lipids, weight, nutrition, activity</description>
  </secondary_outcome>
  <secondary_outcome>
    <measure>Gestational weight retention</measure>
    <time_frame>4-12 weeks and 1 year postpartum</time_frame>
    <description>Difference between weight at delivery and 1) weight at early postpartum (4-12 weeks) and 2) weight at 1 year postpartum</description>
  </secondary_outcome>
  <secondary_outcome>
    <measure>Breastfeeding</measure>
    <time_frame>4-12 weeks and 1 year postpartum</time_frame>
    <description>Total duration of exclusive or partial breastfeeding among women who desired breastfeeding</description>
  </secondary_outcome>
  <secondary_outcome>
    <measure>Postpartum transition to primary care</measure>
    <time_frame>1 year postpartum</time_frame>
    <description>Number of women with appointment made and kept for primary care by 1 year postpartum</description>
  </secondary_outcome>
  <secondary_outcome>
    <measure>Patient-reported outcomes - self-efficacy, activation, and engagement</measure>
    <time_frame>4-12 weeks and 1 year postpartum</time_frame>
    <description>Differences between self-efficacy, activation, and engagement between women who are randomized to navigation versus usual care, using the Department of Health and Human Services (DHHS) Patient-Reported Outcomes Measurement Information System.</description>
  </secondary_outcome>
  <secondary_outcome>
    <measure>Experiences with navigation</measure>
    <time_frame>3-6 months postpartum and 1 year postpartum</time_frame>
    <description>Qualitative perspectives on experiences with the navigation program, based on interviews with women who received navigation</description>
  </secondary_outcome>
  <secondary_outcome>
    <measure>Pregnancy/postpartum experiences during the pandemic</measure>
    <time_frame>At any point during the COVID-19 pandemic, up to 3 months after the end of the pandemic</time_frame>
    <description>Qualitative perspective of participants' experiences during the COVID-19 pandemic, utilizing a semi-structured interview guide developed by the research team, as it relates to their receipt of health care, experiences as a pregnant person and new parent, and the role of patient navigation in this time period</description>
  </secondary_outcome>
  <other_outcome>
    <measure>Evaluate clinician perspectives on patient navigation</measure>
    <time_frame>Through completion of study, an average of 3 years</time_frame>
    <description>Qualitative feedback on how NNM2 can meet the needs of the clinicians and optimize the transition to primary care, as assessed by feedback from obstetrician and primary care provider focus groups</description>
  </other_outcome>
  <other_outcome>
    <measure>Evaluate clinician experiences with NNM2</measure>
    <time_frame>Through completion of study, an average of 5 years</time_frame>
    <description>Number of clinicians who believed NNM2 met their needs and improved patient care, as determined by surveys feedback</description>
  </other_outcome>
  <number_of_arms>2</number_of_arms>
  <enrollment type="Anticipated">400</enrollment>
  <condition>Postpartum Health</condition>
  <condition>Breastfeeding</condition>
  <condition>Contraception</condition>
  <condition>Preventive Care / Anticipatory Guidance</condition>
  <condition>Retention in Care</condition>
  <arm_group>
    <arm_group_label>Navigation Group</arm_group_label>
    <arm_group_type>Experimental</arm_group_type>
    <description>Women who are randomized into NNM2 will be assigned to a patient navigator. The patient navigator will meet with the patient after delivery occurs for introductions and education. The patient navigator will offer support and resources (transportation, community referrals, support for your mental health, connection to your doctors, etc.). The navigator will also help to schedule postpartum medical appointments, and will remind the patients of these appointments via text, email, or phone calls. The navigator will continue to provide psychosocial support and continued linkage to resources through one-year postpartum.</description>
  </arm_group>
  <arm_group>
    <arm_group_label>Non-navigation cohort</arm_group_label>
    <arm_group_type>No Intervention</arm_group_type>
    <description>No navigation will be provided; women will receive usual care.</description>
  </arm_group>
  <intervention>
    <intervention_type>Behavioral</intervention_type>
    <intervention_name>Patient Navigation Program</intervention_name>
    <description>A postpartum patient navigation program is designed to reduce barriers to care, enhance access, and improve multiple postpartum health outcomes, including retention in care, contraception uptake, vaccination, and depression screening.</description>
    <arm_group_label>Navigation Group</arm_group_label>
  </intervention>
  <eligibility>
    <criteria>
      <textblock>
        Inclusion Criteria:&#xD;
&#xD;
          -  Pregnant (any plurality) delivering at or after 20 weeks of gestation OR postpartum&#xD;
             (during hospitalization), regardless of perinatal outcome&#xD;
&#xD;
          -  16 years or older&#xD;
&#xD;
          -  Low-income socioeconomic status (publicly funded prenatal care)&#xD;
&#xD;
          -  Ability to speak and read English or Spanish&#xD;
&#xD;
          -  Established patient at the Northwestern Medicine Prentice Ambulatory Care clinical&#xD;
             site (at least one antenatal clinical visit).&#xD;
&#xD;
        Exclusion Criteria:&#xD;
&#xD;
          -  Intent to transfer care to an outside institution&#xD;
&#xD;
          -  HIV (as these patients already receive intensive social support and navigation-like&#xD;
             services at this institution)&#xD;
&#xD;
          -  Prior pregnancy in which individual declined participation&#xD;
&#xD;
          -  Prior enrollment in NNM2&#xD;
&#xD;
          -  Enrollment in a concurrent research study that poses a potential conflict to the aims&#xD;
             of either NNM2 or the other study&#xD;
      </textblock>
    </criteria>
    <gender>Female</gender>
    <minimum_age>16 Years</minimum_age>
    <maximum_age>50 Years</maximum_age>
    <healthy_volunteers>Accepts Healthy Volunteers</healthy_volunteers>
  </eligibility>
  <overall_official>
    <last_name>Lynn M Yee, MD, MPH</last_name>
    <role>Principal Investigator</role>
    <affiliation>Northwestern University</affiliation>
  </overall_official>
  <overall_contact>
    <last_name>Lynn M Yee, MD, MPH</last_name>
    <phone>312-472-0119</phone>
    <email>lynn.yee@northwestern.edu</email>
  </overall_contact>
  <overall_contact_backup>
    <last_name>Brittney Williams, MPH</last_name>
    <phone>312-503-3476</phone>
    <email>brittney.williams@northwestern.edu</email>
  </overall_contact_backup>
  <location>
    <facility>
      <name>Northwestern Memorial Hospital</name>
      <address>
        <city>Chicago</city>
        <state>Illinois</state>
        <zip>60611</zip>
        <country>United States</country>
      </address>
    </facility>
    <status>Recruiting</status>
    <contact>
      <last_name>Brittney Williams</last_name>
      <phone>312-503-3476</phone>
    </contact>
  </location>
  <location_countries>
    <country>United States</country>
  </location_countries>
  <verification_date>March 2021</verification_date>
  <study_first_submitted>April 15, 2019</study_first_submitted>
  <study_first_submitted_qc>April 18, 2019</study_first_submitted_qc>
  <study_first_posted type="Actual">April 19, 2019</study_first_posted>
  <last_update_submitted>March 1, 2021</last_update_submitted>
  <last_update_submitted_qc>March 1, 2021</last_update_submitted_qc>
  <last_update_posted type="Actual">March 3, 2021</last_update_posted>
  <responsible_party>
    <responsible_party_type>Principal Investigator</responsible_party_type>
    <investigator_affiliation>Northwestern University</investigator_affiliation>
    <investigator_full_name>Lynn M Yee</investigator_full_name>
    <investigator_title>Assistant Professor</investigator_title>
  </responsible_party>
  <patient_data>
    <sharing_ipd>No</sharing_ipd>
  </patient_data>
  <!-- Results have not yet been posted for this study                                          -->
</clinical_study>

