<?xml version="1.0" encoding="UTF-8"?>
<clinical_study rank="5604">
  <!-- This xml conforms to an XML Schema at:
    https://clinicaltrials.gov/ct2/html/images/info/public.xsd -->
  <required_header>
    <download_date>ClinicalTrials.gov processed this data on April 14, 2021</download_date>
    <link_text>Link to the current ClinicalTrials.gov record.</link_text>
    <url>https://clinicaltrials.gov/show/NCT03724045</url>
  </required_header>
  <id_info>
    <org_study_id>BUN 143201837553</org_study_id>
    <nct_id>NCT03724045</nct_id>
  </id_info>
  <brief_title>Back Side of the Moon: Nutritional Therapy</brief_title>
  <official_title>Back Side of the Moon Study: What is the Efficiency of Nutritional Therapy (Calories and Nitrogen) in ICU and on the Ward and What is the Metabolic Profile of Patients After ICU? Could Supplemental Nutrition Fill the Gap?</official_title>
  <sponsors>
    <lead_sponsor>
      <agency>Universitair Ziekenhuis Brussel</agency>
      <agency_class>Other</agency_class>
    </lead_sponsor>
    <collaborator>
      <agency>Baxter Healthcare Corporation</agency>
      <agency_class>Industry</agency_class>
    </collaborator>
  </sponsors>
  <source>Universitair Ziekenhuis Brussel</source>
  <oversight_info>
    <has_dmc>Yes</has_dmc>
    <is_fda_regulated_drug>No</is_fda_regulated_drug>
    <is_fda_regulated_device>No</is_fda_regulated_device>
  </oversight_info>
  <brief_summary>
    <textblock>
      Prospective observational follow-up of Intensive Care Unit (ICU) survivors on the adequacy of&#xD;
      nutritional therapy: what is the mean caloric and nitrogen intake and how does their&#xD;
      metabolic profile evolve over time? Is supplemental nutrition, in any forms, indicated to&#xD;
      fill the caloric and protein gap? Would IV access be a barrier for SPN, and would&#xD;
      subcutaneous parenteral nutrition be welcomed by health care practitioners and patients? Are&#xD;
      patient centered outcomes (physical function, quality of life, performance in activities of&#xD;
      daily living) correlated with nutritional adequacy and metabolic profile? Overall: are ICU&#xD;
      survivors well fed after they leave ICU until hospital discharge? What kind of nutrition&#xD;
      would possibly be useful to optimize the intake? How do their energy and protein requirements&#xD;
      evolve? What is the physical and mental status of ICU survivors and is this correlated with&#xD;
      nutritional status?&#xD;
    </textblock>
  </brief_summary>
  <detailed_description>
    <textblock>
      Nutritional therapy has been a matter of debate for several decades. Patient selection, time&#xD;
      point of intervention, dosing of calories, protein, vitamins and trace elements and route of&#xD;
      artificial nutrition have been the subject of research initiatives, and although consensus&#xD;
      exist on several matters, some questions remain unanswered.&#xD;
&#xD;
      At the same time length of ICU stay is shortening, and ICU survivors know an extended&#xD;
      hospital stay in the ward. The window of opportunity for adequate nutritional therapy is&#xD;
      thereby divided between the critically ill department and the ward. Little is known on the&#xD;
      metabolic evolution of ICU survivors, and some data support an increased protein and calorie&#xD;
      need post resuscitation to attenuate lean body mass and promote recovery. Adequate protein&#xD;
      and calorie delivery is required to facilitate recovery. Nevertheless, adherence to nutrition&#xD;
      guidelines seems to be difficult in the resource-dens environment of ICU, as proven by data&#xD;
      from the 'Nutritionday' project. Adequacy of nutritional therapy management for ICU patients&#xD;
      that are discharged to the ward is unknown. Fair nutritional therapy could be discovered by&#xD;
      this trial, but the possibility exists that crude iatrogenic malnutrition is discovered. This&#xD;
      information would act as baseline data to build nutritional quality improvement programs,&#xD;
      using different forms of artificial nutrition, from oral supplements over enteral and&#xD;
      parenteral nutrition.&#xD;
&#xD;
      Secondly, metabolic information on ICU survivors is scarce. Body weight is often poorly&#xD;
      followed-up, body composition evolution, including phase angle, is unknown, and metabolic&#xD;
      monitoring by indirect calorimetry could reveal changed metabolic state and substrate use&#xD;
      defined by the respiratory quotient.&#xD;
&#xD;
      Thirdly, relevant barriers to the use of an intravenous access have been reported: patients&#xD;
      who are agitated or confused or where the placement and/or maintenance of an (central) IV&#xD;
      line would cause suffering or pain. These patients show to be low in numbers, but nutrition&#xD;
      could possibly be restrained . This raises an interesting question on the access issue. The&#xD;
      enteral route has to be focused on, as information on patients' experience is available in&#xD;
      home enteral nutrition, but data in post critical illness patients is non-existing. Clinical&#xD;
      practices in the field of nutrition can be influenced by behavioral patterns of health care&#xD;
      practitioners and patients. A questionnaire will be used to evaluate opinions of health care&#xD;
      practitioners and patients. This information could be of value for the way we look at&#xD;
      nutritional management.&#xD;
&#xD;
      This project targets the evaluation of nutritional adequacy on ICU and in the ward, and the&#xD;
      observation of metabolic evolution of ICU survivors. Nutritional adequacy and metabolic&#xD;
      profile will be investigated in correlation to patient centered outcomes (physical function,&#xD;
      quality of life, performance in activities of daily living).&#xD;
&#xD;
      A substudy of included COVID-19 positive patients will be analysed and compared to non&#xD;
      COVID-19 patients.&#xD;
    </textblock>
  </detailed_description>
  <overall_status>Recruiting</overall_status>
  <start_date type="Actual">January 1, 2019</start_date>
  <completion_date type="Anticipated">October 1, 2021</completion_date>
  <primary_completion_date type="Anticipated">October 1, 2021</primary_completion_date>
  <phase>N/A</phase>
  <study_type>Interventional</study_type>
  <has_expanded_access>No</has_expanded_access>
  <study_design_info>
    <intervention_model>Sequential Assignment</intervention_model>
    <primary_purpose>Prevention</primary_purpose>
    <masking>None (Open Label)</masking>
  </study_design_info>
  <primary_outcome>
    <measure>Morbidity</measure>
    <time_frame>6 months after hospital discharge</time_frame>
    <description>Morbidity</description>
  </primary_outcome>
  <secondary_outcome>
    <measure>Mortality</measure>
    <time_frame>6 months after hospital discharge</time_frame>
    <description>Mortality</description>
  </secondary_outcome>
  <number_of_arms>1</number_of_arms>
  <enrollment type="Anticipated">50</enrollment>
  <condition>Nutritional Deficiency</condition>
  <condition>Hospitalism</condition>
  <arm_group>
    <arm_group_label>Back Side of the Moon</arm_group_label>
    <arm_group_type>Experimental</arm_group_type>
    <description>Patients will be screened and enrolled at the ICU. Extraordinary measurements concerning nutritional status will be performed, to investigate whether patients at the ICU actually meet their nutritional needs. The same patients as above will be followed up, once discharge from ICU to a low-care ward has taken place. From there, they will be followed up until discharge from the hospital. The procedures are the same as in the ICU. The results obtained at the low-care ward will be compared to those from the ICU. 6 months after hospital discharge, morbidity and mortality will be assessed.&#xD;
A substudy of included COVID-19 positive patients will be analysed and compared to non COVID-19 patients.</description>
  </arm_group>
  <intervention>
    <intervention_type>Dietary Supplement</intervention_type>
    <intervention_name>Back Side of the Moon</intervention_name>
    <description>The procedures are: several measurements will be performed, including some which are not part of the Standard Operating Procedure, hence causing it to be considered interventional.&#xD;
Follow-up during consultation on pneumology until max. 6 months post-admission on the ICU.</description>
    <arm_group_label>Back Side of the Moon</arm_group_label>
  </intervention>
  <eligibility>
    <criteria>
      <textblock>
        Inclusion Criteria:&#xD;
&#xD;
          -  ≥ 7 days ICU stay&#xD;
&#xD;
          -  ≥ 7 days hospital stay&#xD;
&#xD;
        Exclusion Criteria:&#xD;
&#xD;
          -  &lt; 7 days ICU stay&#xD;
&#xD;
          -  metabolic disease&#xD;
&#xD;
          -  restriction on nutritional therapy due to comorbid disease&#xD;
      </textblock>
    </criteria>
    <gender>All</gender>
    <minimum_age>18 Years</minimum_age>
    <maximum_age>N/A</maximum_age>
    <healthy_volunteers>No</healthy_volunteers>
  </eligibility>
  <overall_official>
    <last_name>Elisabeth De Waele, PhD</last_name>
    <role>Principal Investigator</role>
    <affiliation>Universitair Ziekenhuis Brussel</affiliation>
  </overall_official>
  <overall_contact>
    <last_name>Elisabeth De Waele, PhD</last_name>
    <phone>+32 (0)2 477 51 76</phone>
    <email>Elisabeth.DeWaele@uzbrussel.be</email>
  </overall_contact>
  <location>
    <facility>
      <name>UZ Brussel</name>
      <address>
        <city>Jette</city>
        <zip>1090</zip>
        <country>Belgium</country>
      </address>
    </facility>
    <status>Recruiting</status>
    <contact>
      <last_name>Elisabeth De Waele, MD, PhD</last_name>
      <email>elisabeth.dewaele@uzbrussel.be</email>
    </contact>
  </location>
  <location_countries>
    <country>Belgium</country>
  </location_countries>
  <reference>
    <citation>Preiser JC, van Zanten AR, Berger MM, Biolo G, Casaer MP, Doig GS, Griffiths RD, Heyland DK, Hiesmayr M, Iapichino G, Laviano A, Pichard C, Singer P, Van den Berghe G, Wernerman J, Wischmeyer P, Vincent JL. Metabolic and nutritional support of critically ill patients: consensus and controversies. Crit Care. 2015 Jan 29;19:35. doi: 10.1186/s13054-015-0737-8. Review.</citation>
    <PMID>25886997</PMID>
  </reference>
  <reference>
    <citation>Wischmeyer PE. Tailoring nutrition therapy to illness and recovery. Crit Care. 2017 Dec 28;21(Suppl 3):316. doi: 10.1186/s13054-017-1906-8. Review.</citation>
    <PMID>29297385</PMID>
  </reference>
  <reference>
    <citation>Bendavid I, Singer P, Theilla M, Themessl-Huber M, Sulz I, Mouhieddine M, Schuh C, Mora B, Hiesmayr M. NutritionDay ICU: A 7 year worldwide prevalence study of nutrition practice in intensive care. Clin Nutr. 2017 Aug;36(4):1122-1129. doi: 10.1016/j.clnu.2016.07.012. Epub 2016 Aug 9.</citation>
    <PMID>27637833</PMID>
  </reference>
  <reference>
    <citation>Caccialanza R, Constans T, Cotogni P, Zaloga GP, Pontes-Arruda A. Subcutaneous Infusion of Fluids for Hydration or Nutrition: A Review. JPEN J Parenter Enteral Nutr. 2018 Feb;42(2):296-307. doi: 10.1177/0148607116676593. Epub 2017 Dec 20. Review.</citation>
    <PMID>29443395</PMID>
  </reference>
  <reference>
    <citation>Lim ML, Yong BYP, Mar MQM, Ang SY, Chan MM, Lam M, Chong NCJ, Lopez V. Caring for patients on home enteral nutrition: Reported complications by home carers and perspectives of community nurses. J Clin Nurs. 2018 Jul;27(13-14):2825-2835. doi: 10.1111/jocn.14347. Epub 2018 Apr 22.</citation>
    <PMID>29518266</PMID>
  </reference>
  <verification_date>March 2020</verification_date>
  <study_first_submitted>October 26, 2018</study_first_submitted>
  <study_first_submitted_qc>October 26, 2018</study_first_submitted_qc>
  <study_first_posted type="Actual">October 30, 2018</study_first_posted>
  <last_update_submitted>July 6, 2020</last_update_submitted>
  <last_update_submitted_qc>July 6, 2020</last_update_submitted_qc>
  <last_update_posted type="Actual">July 8, 2020</last_update_posted>
  <responsible_party>
    <responsible_party_type>Principal Investigator</responsible_party_type>
    <investigator_affiliation>Universitair Ziekenhuis Brussel</investigator_affiliation>
    <investigator_full_name>Elisabeth De Waele</investigator_full_name>
    <investigator_title>Prof. Dr.</investigator_title>
  </responsible_party>
  <condition_browse>
    <!-- CAUTION:  The following MeSH terms are assigned with an imperfect algorithm            -->
    <mesh_term>Malnutrition</mesh_term>
  </condition_browse>
  <patient_data>
    <sharing_ipd>No</sharing_ipd>
    <ipd_description>Described in the study contract by the main sponsor:&#xD;
Upon completion of the Study, the INSTITUTION and INVESTIGATOR will seek to publish the results of the Study in a peer-reviewed literature. BAXTER Confidential Information shall not be disclosed without prior written permission from BAXTER. For purposes of this Agreement, &quot;Publication&quot; shall mean any paper, article, manuscript, report, poster, internet posting, presentation slides, abstract outline, video, instructional material, presentation (in the form of a written summary), or other public disclosure of the results of the Study, in printed, electronic, oral or other form.</ipd_description>
  </patient_data>
  <!-- Results have not yet been posted for this study                                          -->
</clinical_study>

