<?xml version="1.0" encoding="UTF-8"?>
<clinical_study rank="3168">
  <!-- This xml conforms to an XML Schema at:
    https://clinicaltrials.gov/ct2/html/images/info/public.xsd -->
  <required_header>
    <download_date>ClinicalTrials.gov processed this data on April 14, 2021</download_date>
    <link_text>Link to the current ClinicalTrials.gov record.</link_text>
    <url>https://clinicaltrials.gov/show/NCT04330638</url>
  </required_header>
  <id_info>
    <org_study_id>COV-AID</org_study_id>
    <nct_id>NCT04330638</nct_id>
  </id_info>
  <brief_title>Treatment of COVID-19 Patients With Anti-interleukin Drugs</brief_title>
  <acronym>COV-AID</acronym>
  <official_title>A Prospective, Randomized, Factorial Design, Interventional Study to Compare the Safety and Efficacy of Combinations of Blockade of Interleukin-6 Pathway and Interleukin-1 Pathway to Best Standard of Care in Improving Oxygenation and Short- and Long-term Outcome of COVID-19 Patients With Acute Hypoxic Respiratory Failure and Systemic Cytokine Release Syndrome</official_title>
  <sponsors>
    <lead_sponsor>
      <agency>University Hospital, Ghent</agency>
      <agency_class>Other</agency_class>
    </lead_sponsor>
    <collaborator>
      <agency>Belgium Health Care Knowledge Centre</agency>
      <agency_class>Other</agency_class>
    </collaborator>
  </sponsors>
  <source>University Hospital, Ghent</source>
  <oversight_info>
    <has_dmc>Yes</has_dmc>
    <is_fda_regulated_drug>Yes</is_fda_regulated_drug>
    <is_fda_regulated_device>No</is_fda_regulated_device>
    <is_us_export>Yes</is_us_export>
  </oversight_info>
  <brief_summary>
    <textblock>
      The purpose of this study is to test the safety and effectiveness of individually or&#xD;
      simultaneously blocking IL-6 and IL-1 versus standard of care on blood oxygenation and&#xD;
      systemic cytokine release syndrome in patients with COVID-19 coronavirus infection and acute&#xD;
      hypoxic respiratory failure and systemic cytokine release syndrome&#xD;
    </textblock>
  </brief_summary>
  <detailed_description>
    <textblock>
      There are currently no treatments directed at halting the cytokine storm and acute lung&#xD;
      injury to stop the progression from manageable hypoxia to frank respiratory failure and ARDS&#xD;
      in patients with COVID-19 infection. Preventing progression from early acute hypoxia and&#xD;
      cytokine release syndrome to frank hypoxic respiratory failure and ARDS could have a huge&#xD;
      impact on the foreseeable overflow of the ICU units. In ventilated patients, preventing the&#xD;
      onset of ARDS, or shortening ICU stay could also be crucial in this regard.&#xD;
&#xD;
      The clinical status after 15 days treatment is evaluated to measure the effectiveness of&#xD;
      tocilizumab, tocilizumab and anakinra, siltuximab, siltuximab and anakinra and anakinra on&#xD;
      restoring lung homeostasis,using single IV injection (siltuximab or tocilizumab) combined or&#xD;
      not with daily subcutaneous injections of anakinra until 28 days or hospital discharge,&#xD;
      whichever is first. During the treatment period, daily clinical assesments of severity, daily&#xD;
      laboratory check-up, measurements of oxygen saturation (pulse oximetry) in relation to FiO2,&#xD;
      regular arterial blood gas measurements, regular chest X-rays, chest CT scans on indication&#xD;
      will be performed.&#xD;
    </textblock>
  </detailed_description>
  <overall_status>Active, not recruiting</overall_status>
  <start_date type="Actual">April 3, 2020</start_date>
  <completion_date type="Anticipated">April 12, 2021</completion_date>
  <primary_completion_date type="Actual">December 18, 2020</primary_completion_date>
  <phase>Phase 3</phase>
  <study_type>Interventional</study_type>
  <has_expanded_access>No</has_expanded_access>
  <study_design_info>
    <allocation>Randomized</allocation>
    <intervention_model>Factorial Assignment</intervention_model>
    <primary_purpose>Treatment</primary_purpose>
    <masking>None (Open Label)</masking>
  </study_design_info>
  <primary_outcome>
    <measure>Time to Clinical Improvement</measure>
    <time_frame>at day 15</time_frame>
    <description>defined as the time from randomization to either an improvement of two points on a six-category ordinal scale or discharge from the hospital:&#xD;
Death&#xD;
Hospitalized, on invasive mechanical ventilation or ECMO;&#xD;
Hospitalized, on non-invasive ventilation or high flow oxygen devices;&#xD;
Hospitalized, requiring supplemental oxygen&#xD;
Hospitalized, not requiring supplemental oxygen&#xD;
Not hospitalized</description>
  </primary_outcome>
  <secondary_outcome>
    <measure>Time to improvement in oxygenation</measure>
    <time_frame>during hospital admission (up to 28 days)</time_frame>
    <description>defined as independece from supplemental oxygen</description>
  </secondary_outcome>
  <secondary_outcome>
    <measure>Mean change in oxygenation</measure>
    <time_frame>day 1, day 15 or hospital discharge, whichever is first</time_frame>
    <description>defined by Pa02/FiO2 ratio while breading room air</description>
  </secondary_outcome>
  <secondary_outcome>
    <measure>Number of days with hypoxia</measure>
    <time_frame>during hospital admission (up to 28 days)</time_frame>
  </secondary_outcome>
  <secondary_outcome>
    <measure>Number of days of supplemental oxygen use</measure>
    <time_frame>during hospital admission (up to 28 days)</time_frame>
  </secondary_outcome>
  <secondary_outcome>
    <measure>Time to absence fever for more than 48h without antipyretics</measure>
    <time_frame>during hospital admission (up to 28 days)</time_frame>
  </secondary_outcome>
  <secondary_outcome>
    <measure>Number of days with fever</measure>
    <time_frame>during hospital admission (up to 28 days)</time_frame>
  </secondary_outcome>
  <secondary_outcome>
    <measure>Time to halving of CRP levels compared to peak value during trial</measure>
    <time_frame>during hospital admission (up to 28 days)</time_frame>
  </secondary_outcome>
  <secondary_outcome>
    <measure>Time to halving of ferritin levels compared to peak value during trial</measure>
    <time_frame>during hospital admission (up to 28 days)</time_frame>
  </secondary_outcome>
  <secondary_outcome>
    <measure>Incidence of AEs (Adverse Events)</measure>
    <time_frame>during hospital admission (up to 28 days)</time_frame>
  </secondary_outcome>
  <secondary_outcome>
    <measure>Incidence of SAEs (Serious Adverse Events)</measure>
    <time_frame>during hospital admission (up to 28 days)</time_frame>
  </secondary_outcome>
  <secondary_outcome>
    <measure>Duration of hospital stay</measure>
    <time_frame>during hospital admission (up to 28 days)</time_frame>
  </secondary_outcome>
  <secondary_outcome>
    <measure>Duration of hospital stay in survivors</measure>
    <time_frame>during hospital admission (up to 28 days)</time_frame>
  </secondary_outcome>
  <secondary_outcome>
    <measure>Mean change of SOFA score (Sequential Organ Failure Assessment) between day 1 and day 7</measure>
    <time_frame>Day 1, day 7or hospital discharge, whichever is first</time_frame>
    <description>SOFA score: 0 (best) - 24 (worse)</description>
  </secondary_outcome>
  <secondary_outcome>
    <measure>Mean change of SOFA score between day 1 and day 15</measure>
    <time_frame>day 1, day 15 or hospital discharge, whichever is first</time_frame>
    <description>SOFA score: 0 (best) - 24 (worse)</description>
  </secondary_outcome>
  <secondary_outcome>
    <measure>Percentage of patients reporting each severity rating on a 6-point ordinal scale in relation to serum IL-1</measure>
    <time_frame>at day 15 or hospital discharge, whichever is first</time_frame>
    <description>6-point ordinal scale:&#xD;
Death&#xD;
Hospitalized, on invasive mechanical ventilation or ECMO;&#xD;
Hospitalized, on non-invasive ventilation or high flow oxygen devices;&#xD;
Hospitalized, requiring supplemental oxygen&#xD;
Hospitalized, not requiring supplemental oxygen&#xD;
Not hospitalized</description>
  </secondary_outcome>
  <secondary_outcome>
    <measure>Percentage of patients reporting each severity rating on a 6-point ordinal scale in relation to serum IL-6</measure>
    <time_frame>at day 15 or hospital discharge, whichever is first</time_frame>
    <description>6-point ordinal scale:&#xD;
Death&#xD;
Hospitalized, on invasive mechanical ventilation or ECMO;&#xD;
Hospitalized, on non-invasive ventilation or high flow oxygen devices;&#xD;
Hospitalized, requiring supplemental oxygen&#xD;
Hospitalized, not requiring supplemental oxygen&#xD;
Not hospitalized</description>
  </secondary_outcome>
  <secondary_outcome>
    <measure>Incidence of nosocomial bacterial or invasive fungal infection</measure>
    <time_frame>during hospital admission (up to 28 days)</time_frame>
  </secondary_outcome>
  <secondary_outcome>
    <measure>incidence of secondary haemophagocytic lymphohistiocytosis</measure>
    <time_frame>during hospital admission (up to 28 days)</time_frame>
    <description>defined by Hs (Hemophagocytic Syndrome) score</description>
  </secondary_outcome>
  <secondary_outcome>
    <measure>Incidence of secondary haemophagocytic lymphohistiocytosisscore in relation to serum IL-1</measure>
    <time_frame>during hospital admission (up to 28 days)</time_frame>
    <description>defined by Hs score</description>
  </secondary_outcome>
  <secondary_outcome>
    <measure>Incidence of secondary haemophagocytic lymphohistiocytosis in relation to serum IL-6</measure>
    <time_frame>during hospital admission (up to 28 days)</time_frame>
    <description>defined by Hs score</description>
  </secondary_outcome>
  <secondary_outcome>
    <measure>Time to first use of high-flow oxygen devices, non-invasive or invasive mechanical ventilation in non-ventilated patients</measure>
    <time_frame>during hospital admission (up to 28 days)</time_frame>
  </secondary_outcome>
  <secondary_outcome>
    <measure>Time to first use of salvage systemic steroids in ventilated patients</measure>
    <time_frame>during hospital admission (up to 28 days)</time_frame>
  </secondary_outcome>
  <secondary_outcome>
    <measure>Number of ventilator free days</measure>
    <time_frame>during hospital admission (up to 28 days)</time_frame>
  </secondary_outcome>
  <secondary_outcome>
    <measure>Duration of mechanical ventilation in ventilated patients</measure>
    <time_frame>during hospital admission (up to 28 days)</time_frame>
  </secondary_outcome>
  <secondary_outcome>
    <measure>Duration of ICU stay in patients that enrolled in trial while already on invasive or non-invasive mechanical ventilation</measure>
    <time_frame>during hospital admission (up to 28 days)</time_frame>
  </secondary_outcome>
  <secondary_outcome>
    <measure>Time to progression to ARDS in ventilated patients, according to the adapted Berlin criteria</measure>
    <time_frame>during hospital admission (up to 28 days)</time_frame>
  </secondary_outcome>
  <secondary_outcome>
    <measure>Time to progression to ARDS in ventilated patients according to IL-1</measure>
    <time_frame>during hospital admission (up to 28 days)</time_frame>
  </secondary_outcome>
  <secondary_outcome>
    <measure>Time to progression to ARDS in ventilated patients according to IL-6</measure>
    <time_frame>during hospital admission (up to 28 days)</time_frame>
  </secondary_outcome>
  <secondary_outcome>
    <measure>All-cause mortality rate (excluding group that entered during ventilation)</measure>
    <time_frame>during hospital admission (up to 28 days)</time_frame>
  </secondary_outcome>
  <secondary_outcome>
    <measure>Percentage of patients in clinical status on 6-point Ordinal Scale</measure>
    <time_frame>at 10-20 weeks follow-up</time_frame>
  </secondary_outcome>
  <secondary_outcome>
    <measure>Incidence of lung function abnormalities</measure>
    <time_frame>at 10-20 weeks follow-up</time_frame>
  </secondary_outcome>
  <secondary_outcome>
    <measure>Incidence of lung fibrosis on chest CT scan</measure>
    <time_frame>at 10-20 weeks follow-up</time_frame>
  </secondary_outcome>
  <secondary_outcome>
    <measure>All-cause mortality rate</measure>
    <time_frame>at 10-20 weeks follow-up</time_frame>
  </secondary_outcome>
  <number_of_arms>6</number_of_arms>
  <enrollment type="Actual">342</enrollment>
  <condition>COVID-19</condition>
  <arm_group>
    <arm_group_label>Usual Care</arm_group_label>
    <arm_group_type>Placebo Comparator</arm_group_type>
  </arm_group>
  <arm_group>
    <arm_group_label>Anakinra</arm_group_label>
    <arm_group_type>Active Comparator</arm_group_type>
  </arm_group>
  <arm_group>
    <arm_group_label>Siltuximab</arm_group_label>
    <arm_group_type>Active Comparator</arm_group_type>
  </arm_group>
  <arm_group>
    <arm_group_label>Anakinra + Siltuximab</arm_group_label>
    <arm_group_type>Active Comparator</arm_group_type>
  </arm_group>
  <arm_group>
    <arm_group_label>Tocilizumab</arm_group_label>
    <arm_group_type>Active Comparator</arm_group_type>
  </arm_group>
  <arm_group>
    <arm_group_label>Anakinra + Tocilizumab</arm_group_label>
    <arm_group_type>Active Comparator</arm_group_type>
  </arm_group>
  <intervention>
    <intervention_type>Other</intervention_type>
    <intervention_name>Usual Care</intervention_name>
    <description>Usual Care</description>
    <arm_group_label>Usual Care</arm_group_label>
  </intervention>
  <intervention>
    <intervention_type>Drug</intervention_type>
    <intervention_name>Anakinra</intervention_name>
    <description>Anakinra will be given as a daily subcutaneous injection of 100 mg for 28 days or until hospital discharge, whichever is first</description>
    <arm_group_label>Anakinra</arm_group_label>
    <arm_group_label>Anakinra + Siltuximab</arm_group_label>
    <arm_group_label>Anakinra + Tocilizumab</arm_group_label>
    <other_name>KINERET®</other_name>
  </intervention>
  <intervention>
    <intervention_type>Drug</intervention_type>
    <intervention_name>Siltuximab</intervention_name>
    <description>Siltuximab will be given via single IV infusion at a dose of 11 mg/kg</description>
    <arm_group_label>Anakinra + Siltuximab</arm_group_label>
    <arm_group_label>Siltuximab</arm_group_label>
    <other_name>SYLVANT®</other_name>
  </intervention>
  <intervention>
    <intervention_type>Drug</intervention_type>
    <intervention_name>Tocilizumab</intervention_name>
    <description>Tocilizumab will be given via single IV infusion at a dose of 8 mg/kg with a maximum infusion of 800 mg/injection</description>
    <arm_group_label>Anakinra + Tocilizumab</arm_group_label>
    <arm_group_label>Tocilizumab</arm_group_label>
    <other_name>ROACTEMRA®</other_name>
  </intervention>
  <eligibility>
    <criteria>
      <textblock>
        Inclusion Criteria:&#xD;
&#xD;
          -  Recent ( ≥ 6 days of flu-like symptoms or malaise yet ≤16 days of flu-like symptoms or&#xD;
             malaise prior to randomization) infection with COVID-19.&#xD;
&#xD;
          -  Confident COVID-19 diagnosis confirmed by antigen detection test and/or PCR and/or&#xD;
             positive serology, or any emerging and validated diagnostic laboratory test for&#xD;
             COVID-19 within this period.&#xD;
&#xD;
          -  In some patients, it may be impossible to get a confident laboratory confirmation of&#xD;
             COVID-19 diagnosis after 24h of hospital admission because viral load is low and/or&#xD;
             problems with diagnostic sensitivity. In those cases, in absence of an alternative&#xD;
             diagnosis, and with highly suspect bilateral ground glass opacities on recent (&lt;24h)&#xD;
             chest-CT scan (confirmed by a radiologist and pulmonary physician as probable&#xD;
             COVID-19), and a typical clinical and chemical diagnosis with signs of cytokine&#xD;
             release syndrome, a patient can be enrolled as probable COVID-19 infected. In all&#xD;
             cases, this needs confirmation by later seroconversion.&#xD;
&#xD;
          -  Presence of hypoxia defined as PaO2/FiO2 below 350 while breathing room air in upright&#xD;
             position or PaO2/FiO2 below 280 on supplemental oxygen and immediately requiring high&#xD;
             flow oxygen device or mechanical ventilation&#xD;
&#xD;
          -  signs of cytokine release syndrome defined as ANY of the following:&#xD;
&#xD;
               1. serum ferritin concentration &gt;1000 mcg/L and rising since last 24h&#xD;
&#xD;
               2. single ferritin above 2000 mcg/L in patients requiring immediate high flow oxygen&#xD;
                  device or mechanical ventilation&#xD;
&#xD;
               3. lymphopenia defined as &lt;800 lymphocytes/microliter) and two of the following&#xD;
                  extra criteria&#xD;
&#xD;
                    -  Ferritin &gt; 700 mcg/L and rising since last 24h&#xD;
&#xD;
                    -  increased LDH (above 300 IU/L) and rising last 24h&#xD;
&#xD;
                    -  D-Dimers &gt; 1000 ng/mL and rising since last 24h&#xD;
&#xD;
                    -  CRP above 70mg/L and rising since last 24h and absence of bacterial&#xD;
                       infection&#xD;
&#xD;
                    -  if three of the above are present at admission, no need to document 24h rise&#xD;
&#xD;
          -  Chest X-ray or CT scan showing bilateral infiltrates within last 2 days&#xD;
&#xD;
          -  Admitted to specialized COVID-19 ward or an ICU ward taking care of COVID-19 patients&#xD;
&#xD;
          -  Age ≥ 18yrs&#xD;
&#xD;
          -  Male or Female&#xD;
&#xD;
          -  Willing and able to provide informed consent or legal representative willing to&#xD;
             provide informed consent&#xD;
&#xD;
        Exclusion Criteria:&#xD;
&#xD;
          -  Patients with known history of serious allergic reactions, including anaphylaxis, to&#xD;
             any of the study medications, or any component of the product.&#xD;
&#xD;
          -  mechanical ventilation &gt; 24 h at Randomization&#xD;
&#xD;
          -  Patient on ECMO at time of screening&#xD;
&#xD;
          -  clinical frailty scale above 3 (This frailty score is the patient status before first&#xD;
             symptoms of COVID-19 episode.)&#xD;
&#xD;
          -  active bacterial or fungal infection&#xD;
&#xD;
          -  unlikely to survive beyond 48h&#xD;
&#xD;
          -  neutrophil count below 1500 cells/microliter&#xD;
&#xD;
          -  platelets below 50.000/microliter&#xD;
&#xD;
          -  Patients enrolled in another investigational drug study&#xD;
&#xD;
          -  patients on high dose systemic steroids (&gt; 20 mg methylprednisolone or equivalent) for&#xD;
             COVID-19 unrelated disorder&#xD;
&#xD;
          -  patients on immunosuppressant or immunomodulatory drugs&#xD;
&#xD;
          -  patients on current anti-IL1 or anti-IL6 treatment&#xD;
&#xD;
          -  signs of active tuberculosis&#xD;
&#xD;
          -  serum transaminase levels &gt;5 times upper limit of normal&#xD;
&#xD;
          -  bowel perforation or diverticulitis&#xD;
&#xD;
          -  pregnant or breastfeeding females (all female subjects deemed of childbearing&#xD;
             potential by the investigator must have negative pregnancy test at screening)&#xD;
&#xD;
          -  Women of childbearing potential must have a negative serum pregnancy test pre-dose on&#xD;
             day 1. Woùmen of childbearing potential must consistently and correctly use (during&#xD;
             the entire treatment period and 3 months after last reatment) 1 highly effective&#xD;
             method for contraception.&#xD;
      </textblock>
    </criteria>
    <gender>All</gender>
    <minimum_age>18 Years</minimum_age>
    <maximum_age>N/A</maximum_age>
    <healthy_volunteers>No</healthy_volunteers>
  </eligibility>
  <overall_official>
    <last_name>Bart Lambrecht, MD, PhD</last_name>
    <role>Principal Investigator</role>
    <affiliation>University Hospital, Ghent</affiliation>
  </overall_official>
  <location>
    <facility>
      <name>AZ Sint-Jan Brugge</name>
      <address>
        <city>Brugge</city>
        <zip>8000</zip>
        <country>Belgium</country>
      </address>
    </facility>
  </location>
  <location>
    <facility>
      <name>University Hospital Saint-Pierre</name>
      <address>
        <city>Brussels</city>
        <zip>1000</zip>
        <country>Belgium</country>
      </address>
    </facility>
  </location>
  <location>
    <facility>
      <name>Erasmus University Hospital</name>
      <address>
        <city>Brussels</city>
        <zip>1070</zip>
        <country>Belgium</country>
      </address>
    </facility>
  </location>
  <location>
    <facility>
      <name>University Hospital Saint-Luc</name>
      <address>
        <city>Brussels</city>
        <zip>1200</zip>
        <country>Belgium</country>
      </address>
    </facility>
  </location>
  <location>
    <facility>
      <name>University Hospital Antwerp</name>
      <address>
        <city>Edegem</city>
        <zip>2650</zip>
        <country>Belgium</country>
      </address>
    </facility>
  </location>
  <location>
    <facility>
      <name>Ziekenhuis Oost-Limurg</name>
      <address>
        <city>Genk</city>
        <zip>3600</zip>
        <country>Belgium</country>
      </address>
    </facility>
  </location>
  <location>
    <facility>
      <name>AZ Sint-Lucas</name>
      <address>
        <city>Gent</city>
        <zip>9000</zip>
        <country>Belgium</country>
      </address>
    </facility>
  </location>
  <location>
    <facility>
      <name>University Hospital Ghent</name>
      <address>
        <city>Gent</city>
        <zip>9000</zip>
        <country>Belgium</country>
      </address>
    </facility>
  </location>
  <location>
    <facility>
      <name>Jessa ZH</name>
      <address>
        <city>Hasselt</city>
        <zip>3500</zip>
        <country>Belgium</country>
      </address>
    </facility>
  </location>
  <location>
    <facility>
      <name>University Hospital Brussels</name>
      <address>
        <city>Jette</city>
        <zip>1090</zip>
        <country>Belgium</country>
      </address>
    </facility>
  </location>
  <location>
    <facility>
      <name>CHU Tivoli</name>
      <address>
        <city>La Louvière</city>
        <zip>7100</zip>
        <country>Belgium</country>
      </address>
    </facility>
  </location>
  <location>
    <facility>
      <name>CHR de la Citadelle</name>
      <address>
        <city>Liège</city>
        <zip>4000</zip>
        <country>Belgium</country>
      </address>
    </facility>
  </location>
  <location>
    <facility>
      <name>University Hospital Liège</name>
      <address>
        <city>Liège</city>
        <zip>4000</zip>
        <country>Belgium</country>
      </address>
    </facility>
  </location>
  <location>
    <facility>
      <name>Cliniques Saint-Pierre Ottignies</name>
      <address>
        <city>Ottignies-Louvain-la-Neuve</city>
        <zip>1340</zip>
        <country>Belgium</country>
      </address>
    </facility>
  </location>
  <location>
    <facility>
      <name>AZ Delta</name>
      <address>
        <city>Roeselare</city>
        <zip>8800</zip>
        <country>Belgium</country>
      </address>
    </facility>
  </location>
  <location_countries>
    <country>Belgium</country>
  </location_countries>
  <verification_date>March 2021</verification_date>
  <study_first_submitted>March 31, 2020</study_first_submitted>
  <study_first_submitted_qc>March 31, 2020</study_first_submitted_qc>
  <study_first_posted type="Actual">April 1, 2020</study_first_posted>
  <last_update_submitted>March 1, 2021</last_update_submitted>
  <last_update_submitted_qc>March 1, 2021</last_update_submitted_qc>
  <last_update_posted type="Actual">March 2, 2021</last_update_posted>
  <responsible_party>
    <responsible_party_type>Principal Investigator</responsible_party_type>
    <investigator_affiliation>University Hospital, Ghent</investigator_affiliation>
    <investigator_full_name>Bart N. Lambrecht</investigator_full_name>
    <investigator_title>Professor in Pulmonology, Director VIB-Inflammational Research Center</investigator_title>
  </responsible_party>
  <keyword>Acute Lung Injury</keyword>
  <keyword>Hypoxia</keyword>
  <keyword>Acute Respiratory Distress Syndrome</keyword>
  <keyword>Corona virus</keyword>
  <keyword>COVID-19</keyword>
  <keyword>SARS (Severe Acute Respiratory Syndrome)</keyword>
  <keyword>Systemic Cytokine release Syndrome</keyword>
  <intervention_browse>
    <!-- CAUTION:  The following MeSH terms are assigned with an imperfect algorithm            -->
    <mesh_term>Siltuximab</mesh_term>
    <mesh_term>Interleukin 1 Receptor Antagonist Protein</mesh_term>
  </intervention_browse>
  <patient_data>
    <sharing_ipd>No</sharing_ipd>
  </patient_data>
  <!-- Results have not yet been posted for this study                                          -->
</clinical_study>

