<?xml version="1.0" encoding="UTF-8"?>
<clinical_study rank="5257">
  <!-- This xml conforms to an XML Schema at:
    https://clinicaltrials.gov/ct2/html/images/info/public.xsd -->
  <required_header>
    <download_date>ClinicalTrials.gov processed this data on April 14, 2021</download_date>
    <link_text>Link to the current ClinicalTrials.gov record.</link_text>
    <url>https://clinicaltrials.gov/show/NCT04262921</url>
  </required_header>
  <id_info>
    <org_study_id>C20-05</org_study_id>
    <secondary_id>2020-A00256-33</secondary_id>
    <nct_id>NCT04262921</nct_id>
  </id_info>
  <brief_title>French COVID Cohort</brief_title>
  <acronym>FrenchCOVID</acronym>
  <official_title>Clinical Characterisation Protocol for Severe Emerging Infections</official_title>
  <sponsors>
    <lead_sponsor>
      <agency>Institut National de la Santé Et de la Recherche Médicale, France</agency>
      <agency_class>Other</agency_class>
    </lead_sponsor>
  </sponsors>
  <source>Institut National de la Santé Et de la Recherche Médicale, France</source>
  <oversight_info>
    <has_dmc>No</has_dmc>
    <is_fda_regulated_drug>No</is_fda_regulated_drug>
    <is_fda_regulated_device>No</is_fda_regulated_device>
  </oversight_info>
  <brief_summary>
    <textblock>
      Infectious disease is the single biggest cause of death worldwide. New infectious agents,&#xD;
      such as the SARS, MERS and other novel coronavirus, novel influenza viruses, viruses causing&#xD;
      viral haemorrhagic fever (e.g. Ebola), and viruses that affect the central nervous system&#xD;
      (CNS) such as TBEV &amp; Nipah require investigation to understand pathogen biology and&#xD;
      pathogenesis in the host. Even for known infections, resistance to antimicrobial therapies is&#xD;
      widespread, and treatments to control potentially deleterious host responses are lacking.&#xD;
&#xD;
      In order to develop a mechanistic understanding of disease processes, such that risk factors&#xD;
      for severe illness can be identified and treatments can be developed, it is necessary to&#xD;
      understand pathogen characteristics associated with virulence, the replication dynamics and&#xD;
      in-host evolution of the pathogen, the dynamics of the host response, the pharmacology of&#xD;
      antimicrobial or host-directed therapies, the transmission dynamics, and factors underlying&#xD;
      individual susceptibility.&#xD;
&#xD;
      The work proposed here may require sampling that will not immediately benefit the&#xD;
      participants. It may also require analysis of the host genome, which may reveal other&#xD;
      information about disease susceptibility or other aspects of health status.&#xD;
    </textblock>
  </brief_summary>
  <overall_status>Recruiting</overall_status>
  <start_date type="Actual">February 8, 2020</start_date>
  <completion_date type="Anticipated">August 7, 2023</completion_date>
  <primary_completion_date type="Anticipated">August 7, 2020</primary_completion_date>
  <study_type>Observational</study_type>
  <has_expanded_access>No</has_expanded_access>
  <study_design_info>
    <observational_model>Other</observational_model>
    <time_perspective>Prospective</time_perspective>
  </study_design_info>
  <primary_outcome>
    <measure>Clinical features</measure>
    <time_frame>6 months</time_frame>
    <description>Describe the clinical features of the illness or syndrome (cardio-respiratory signs or symptoms, and laboratory results) and complications, and determinants of severity.&#xD;
Assessment daily for 15 days, then weekly until max 100 days, then 3 and 6 months.</description>
  </primary_outcome>
  <primary_outcome>
    <measure>Response to treatment</measure>
    <time_frame>6 months</time_frame>
    <description>Describe the response to treatments (including supportive care and novel therapeutics) by clinical, biological, radiological and virological assessments.&#xD;
Assessment daily for 15 days, then weekly until max 100 days, then 3 and 6 months.</description>
  </primary_outcome>
  <primary_outcome>
    <measure>Pathogen replication, excretion and evolution, within the host</measure>
    <time_frame>6 months</time_frame>
    <description>high-throughput sequencing of pathogen genomes obtained from respiratory tract, blood, urine, stool, CSF and other samples.&#xD;
Assessment on Day 1, Day 2, Day 3, Day 5, Day 7, Day 9, Day 11, Day 13, Day 15 then weekly until max 100 days, then 3 and 6 months.</description>
  </primary_outcome>
  <primary_outcome>
    <measure>Immune host responses to infection and therapy</measure>
    <time_frame>6 months</time_frame>
    <description>Characterise the innate and acquired immune responses, circulating levels of immune signalling molecules and gene expression profiling in peripheral blood.&#xD;
Assessment on Day 1, Day 2, Day 3, Day 5, Day 7, Day 9, Day 11, Day 13, Day 15 then weekly until max 100 days, then 3 and 6 months.</description>
  </primary_outcome>
  <primary_outcome>
    <measure>Host genetic variants</measure>
    <time_frame>Day 1</time_frame>
    <description>Identify host genetic variants associated with disease progression or severity</description>
  </primary_outcome>
  <enrollment type="Anticipated">5000</enrollment>
  <condition>Coronavirus Infections</condition>
  <biospec_retention>Samples With DNA</biospec_retention>
  <biospec_descr>
    <textblock>
      Blood, urine, stool /rectal swab, respiratory samples (nose and throat swab, endotracheal&#xD;
      aspirate, nasopharyngeal aspirate), samples from infected sites/sores, CSF&#xD;
    </textblock>
  </biospec_descr>
  <eligibility>
    <study_pop>
      <textblock>
        This study will enrol eligible patients (children and adults) with confirmed infection with&#xD;
        SARS-CoV-2. Recruitment of patients with Day 1 (enrolment) data is the priority.&#xD;
&#xD;
        The patient's follow-up will be done strictly within the management adapted to his&#xD;
        infection. No visits will be made specifically for research purposes. The organisation of&#xD;
        convalescence visits is left to the discretion of each centre according to its&#xD;
        post-hospitalisation patient follow-up procedures.&#xD;
&#xD;
        Additional biological samples will be collected when samples are taken in the context of&#xD;
        care in order to meet the research objectives, with the exception of certain blood samples&#xD;
        for pharmacokinetic analyses.&#xD;
      </textblock>
    </study_pop>
    <sampling_method>Probability Sample</sampling_method>
    <criteria>
      <textblock>
        Inclusion Criteria:&#xD;
&#xD;
        - Any patient admitted to a health care facility, with an infection confirmed by SARS-CoV-2&#xD;
        (virologically confirmed diagnosis by PCR).&#xD;
&#xD;
        Non inclusion criteria:&#xD;
&#xD;
          -  Subject deprived of freedom, subject under a legal protective measure&#xD;
&#xD;
          -  Refusal by participant, parent or appropriate representative.&#xD;
&#xD;
        Exclusion Criteria:&#xD;
&#xD;
        - Confirmed diagnosis of a pathogen unrelated to the objectives of this study and no&#xD;
        indication or likelihood of co-infection with a relevant pathogen.&#xD;
      </textblock>
    </criteria>
    <gender>All</gender>
    <minimum_age>N/A</minimum_age>
    <maximum_age>N/A</maximum_age>
    <healthy_volunteers>No</healthy_volunteers>
  </eligibility>
  <overall_official>
    <last_name>Yazdan YAZDANPANAH</last_name>
    <role>Study Chair</role>
    <affiliation>Institut National de la Santé Et de la Recherche Médicale, France</affiliation>
  </overall_official>
  <overall_contact>
    <last_name>Yazdan YAZDANPANAH</last_name>
    <phone>+33 1 44 23 60 08</phone>
    <email>yazdan.yazdanpanah@inserm.fr</email>
  </overall_contact>
  <overall_contact_backup>
    <last_name>Hélène ESPEROU</last_name>
    <phone>+33 1 44 23 60 70</phone>
    <email>helene.esperou@inserm.fr</email>
  </overall_contact_backup>
  <location>
    <facility>
      <name>CHG Agen</name>
      <address>
        <city>Agen</city>
        <country>France</country>
      </address>
    </facility>
    <status>Recruiting</status>
  </location>
  <location>
    <facility>
      <name>Centre Hospitalier Du Pays D'aix</name>
      <address>
        <city>Aix-en-Provence</city>
        <country>France</country>
      </address>
    </facility>
    <status>Recruiting</status>
  </location>
  <location>
    <facility>
      <name>CHU Amiens</name>
      <address>
        <city>Amiens</city>
        <country>France</country>
      </address>
    </facility>
    <status>Recruiting</status>
  </location>
  <location>
    <facility>
      <name>CHU Angers</name>
      <address>
        <city>Angers</city>
        <country>France</country>
      </address>
    </facility>
    <status>Recruiting</status>
  </location>
  <location>
    <facility>
      <name>CH Annecy Genevois</name>
      <address>
        <city>Annecy</city>
        <country>France</country>
      </address>
    </facility>
    <status>Recruiting</status>
  </location>
  <location>
    <facility>
      <name>Hopital privé d'Antony</name>
      <address>
        <city>Antony</city>
        <country>France</country>
      </address>
    </facility>
    <status>Recruiting</status>
  </location>
  <location>
    <facility>
      <name>Hôpital de Mercy. CHR METZ-THIONVILLE</name>
      <address>
        <city>Ars-Laquenexy</city>
        <country>France</country>
      </address>
    </facility>
    <status>Recruiting</status>
  </location>
  <location>
    <facility>
      <name>Centre Hospitalier Henri Duffaut</name>
      <address>
        <city>Avignon</city>
        <country>France</country>
      </address>
    </facility>
    <status>Recruiting</status>
  </location>
  <location>
    <facility>
      <name>Chu Jean Minjoz</name>
      <address>
        <city>Besançon</city>
        <country>France</country>
      </address>
    </facility>
    <status>Recruiting</status>
  </location>
  <location>
    <facility>
      <name>Hôpital Avicenne AP-HP</name>
      <address>
        <city>Bobigny</city>
        <country>France</country>
      </address>
    </facility>
    <status>Recruiting</status>
  </location>
  <location>
    <facility>
      <name>CHU Pellegrin</name>
      <address>
        <city>Bordeaux</city>
        <country>France</country>
      </address>
    </facility>
    <status>Recruiting</status>
  </location>
  <location>
    <facility>
      <name>CHU Ambroise Paré</name>
      <address>
        <city>Boulogne-Billancourt</city>
        <country>France</country>
      </address>
    </facility>
    <status>Recruiting</status>
  </location>
  <location>
    <facility>
      <name>Ch Fleyriat</name>
      <address>
        <city>Bourg-en-Bresse</city>
        <country>France</country>
      </address>
    </facility>
    <status>Recruiting</status>
  </location>
  <location>
    <facility>
      <name>Chru Hopital Cavale Blanche</name>
      <address>
        <city>Brest</city>
        <country>France</country>
      </address>
    </facility>
    <status>Recruiting</status>
  </location>
  <location>
    <facility>
      <name>CHU Brest</name>
      <address>
        <city>Brest</city>
        <country>France</country>
      </address>
    </facility>
    <status>Recruiting</status>
  </location>
  <location>
    <facility>
      <name>Centre hospitalier de Béziers</name>
      <address>
        <city>Béziers</city>
        <country>France</country>
      </address>
    </facility>
    <status>Recruiting</status>
  </location>
  <location>
    <facility>
      <name>CH Cahors</name>
      <address>
        <city>Cahors</city>
        <country>France</country>
      </address>
    </facility>
    <status>Recruiting</status>
  </location>
  <location>
    <facility>
      <name>Chms Chambery Nh</name>
      <address>
        <city>Chambéry</city>
        <country>France</country>
      </address>
    </facility>
    <status>Recruiting</status>
  </location>
  <location>
    <facility>
      <name>Centre Hospitalier De Cholet</name>
      <address>
        <city>Cholet</city>
        <country>France</country>
      </address>
    </facility>
    <status>Recruiting</status>
  </location>
  <location>
    <facility>
      <name>CHU Gabriel Montpied</name>
      <address>
        <city>Clermont-Ferrand</city>
        <country>France</country>
      </address>
    </facility>
    <status>Recruiting</status>
  </location>
  <location>
    <facility>
      <name>CH Colmar - Hopital Pasteur</name>
      <address>
        <city>Colmar</city>
        <country>France</country>
      </address>
    </facility>
    <status>Recruiting</status>
  </location>
  <location>
    <facility>
      <name>Centre hospitalier Alpes Leman</name>
      <address>
        <city>Contamine-sur-Arve</city>
        <country>France</country>
      </address>
    </facility>
    <status>Recruiting</status>
  </location>
  <location>
    <facility>
      <name>Centre hospitalier Intercommunal de Créteil</name>
      <address>
        <city>Créteil</city>
        <country>France</country>
      </address>
    </facility>
    <status>Recruiting</status>
  </location>
  <location>
    <facility>
      <name>Hôpital Henri Mondor</name>
      <address>
        <city>Créteil</city>
        <country>France</country>
      </address>
    </facility>
    <status>Recruiting</status>
  </location>
  <location>
    <facility>
      <name>Centre Hospitalier Dax</name>
      <address>
        <city>Dax</city>
        <country>France</country>
      </address>
    </facility>
    <status>Recruiting</status>
  </location>
  <location>
    <facility>
      <name>CHU Dijon Bourgogne</name>
      <address>
        <city>Dijon</city>
        <country>France</country>
      </address>
    </facility>
    <status>Recruiting</status>
  </location>
  <location>
    <facility>
      <name>Hopital Raymond Poincare</name>
      <address>
        <city>Garches</city>
        <country>France</country>
      </address>
    </facility>
    <status>Recruiting</status>
  </location>
  <location>
    <facility>
      <name>CHU Grenoble</name>
      <address>
        <city>Grenoble</city>
        <country>France</country>
      </address>
    </facility>
    <status>Recruiting</status>
  </location>
  <location>
    <facility>
      <name>Grand Hopital de l'Est Francilien site Marne-la-Vallée</name>
      <address>
        <city>Jossigny</city>
        <country>France</country>
      </address>
    </facility>
    <status>Recruiting</status>
  </location>
  <location>
    <facility>
      <name>Chd Les Oudairies</name>
      <address>
        <city>La Roche-sur-Yon</city>
        <country>France</country>
      </address>
    </facility>
    <status>Recruiting</status>
  </location>
  <location>
    <facility>
      <name>Hôpital Universitaire Bicêtre</name>
      <address>
        <city>Le Kremlin-Bicêtre</city>
        <country>France</country>
      </address>
    </facility>
    <status>Recruiting</status>
  </location>
  <location>
    <facility>
      <name>Centre Hospitalier Emile Roux</name>
      <address>
        <city>Le Puy-en-Velay</city>
        <country>France</country>
      </address>
    </facility>
    <status>Recruiting</status>
  </location>
  <location>
    <facility>
      <name>Centre Hospitalier Universitaire de Lille</name>
      <address>
        <city>Lille</city>
        <country>France</country>
      </address>
    </facility>
    <status>Recruiting</status>
  </location>
  <location>
    <facility>
      <name>CHRU Lille, Hôpital Salengro</name>
      <address>
        <city>Lille</city>
        <country>France</country>
      </address>
    </facility>
    <status>Recruiting</status>
  </location>
  <location>
    <facility>
      <name>CHU de Lille</name>
      <address>
        <city>Lille</city>
        <country>France</country>
      </address>
    </facility>
    <status>Recruiting</status>
  </location>
  <location>
    <facility>
      <name>Hôpital de la Croix-Rousse</name>
      <address>
        <city>Lyon</city>
        <country>France</country>
      </address>
    </facility>
    <status>Recruiting</status>
  </location>
  <location>
    <facility>
      <name>Hôpital Louis Raffalli</name>
      <address>
        <city>Manosque</city>
        <country>France</country>
      </address>
    </facility>
    <status>Recruiting</status>
  </location>
  <location>
    <facility>
      <name>Assistance publique hopitaux de Marseille, hopital Nord</name>
      <address>
        <city>Marseille</city>
        <country>France</country>
      </address>
    </facility>
    <status>Recruiting</status>
  </location>
  <location>
    <facility>
      <name>Hôpital Conception</name>
      <address>
        <city>Marseille</city>
        <country>France</country>
      </address>
    </facility>
    <status>Recruiting</status>
  </location>
  <location>
    <facility>
      <name>Groupe Hospitalier Sud Ile De France</name>
      <address>
        <city>Melun</city>
        <country>France</country>
      </address>
    </facility>
    <status>Recruiting</status>
  </location>
  <location>
    <facility>
      <name>CH de Mont Marsan</name>
      <address>
        <city>Mont de Marsan</city>
        <country>France</country>
      </address>
    </facility>
    <status>Recruiting</status>
  </location>
  <location>
    <facility>
      <name>CHU Montpellier</name>
      <address>
        <city>Montpellier</city>
        <country>France</country>
      </address>
    </facility>
    <status>Recruiting</status>
  </location>
  <location>
    <facility>
      <name>CHU Nantes</name>
      <address>
        <city>Nantes</city>
        <country>France</country>
      </address>
    </facility>
    <status>Recruiting</status>
  </location>
  <location>
    <facility>
      <name>Hopital Américain de Paris</name>
      <address>
        <city>Neuilly-sur-Seine</city>
        <country>France</country>
      </address>
    </facility>
    <status>Recruiting</status>
  </location>
  <location>
    <facility>
      <name>CHU de Nice</name>
      <address>
        <city>Nice</city>
        <country>France</country>
      </address>
    </facility>
    <status>Recruiting</status>
  </location>
  <location>
    <facility>
      <name>CHU Caremeau</name>
      <address>
        <city>Nîmes</city>
        <country>France</country>
      </address>
    </facility>
    <status>Recruiting</status>
  </location>
  <location>
    <facility>
      <name>APHP Bichat</name>
      <address>
        <city>Paris</city>
        <country>France</country>
      </address>
    </facility>
    <status>Recruiting</status>
  </location>
  <location>
    <facility>
      <name>APHP Tenon</name>
      <address>
        <city>Paris</city>
        <country>France</country>
      </address>
    </facility>
    <status>Recruiting</status>
  </location>
  <location>
    <facility>
      <name>CH Lariboisière</name>
      <address>
        <city>Paris</city>
        <country>France</country>
      </address>
    </facility>
    <status>Recruiting</status>
  </location>
  <location>
    <facility>
      <name>Groupe Hospitalier Diaconesses Croix Saint-Simon</name>
      <address>
        <city>Paris</city>
        <country>France</country>
      </address>
    </facility>
    <status>Recruiting</status>
  </location>
  <location>
    <facility>
      <name>Hopital Cochin-CIC1417</name>
      <address>
        <city>Paris</city>
        <country>France</country>
      </address>
    </facility>
    <status>Recruiting</status>
  </location>
  <location>
    <facility>
      <name>Hopital Européen Georges Pompidou</name>
      <address>
        <city>Paris</city>
        <country>France</country>
      </address>
    </facility>
    <status>Recruiting</status>
  </location>
  <location>
    <facility>
      <name>Hopital Saint Antoine</name>
      <address>
        <city>Paris</city>
        <country>France</country>
      </address>
    </facility>
    <status>Recruiting</status>
  </location>
  <location>
    <facility>
      <name>Hopital Saint Louis</name>
      <address>
        <city>Paris</city>
        <country>France</country>
      </address>
    </facility>
    <status>Recruiting</status>
  </location>
  <location>
    <facility>
      <name>La pitié salpetrière</name>
      <address>
        <city>Paris</city>
        <country>France</country>
      </address>
    </facility>
    <status>Recruiting</status>
  </location>
  <location>
    <facility>
      <name>Centre Hospitalier de Pau</name>
      <address>
        <city>Pau</city>
        <country>France</country>
      </address>
    </facility>
    <status>Recruiting</status>
  </location>
  <location>
    <facility>
      <name>CH de Perpignan</name>
      <address>
        <city>Perpignan</city>
        <country>France</country>
      </address>
    </facility>
    <status>Recruiting</status>
  </location>
  <location>
    <facility>
      <name>CHU de Poitiers</name>
      <address>
        <city>Poitiers</city>
        <country>France</country>
      </address>
    </facility>
    <status>Recruiting</status>
  </location>
  <location>
    <facility>
      <name>Centre Hospitalier de Périgueux</name>
      <address>
        <city>Périgueux</city>
        <country>France</country>
      </address>
    </facility>
    <status>Recruiting</status>
  </location>
  <location>
    <facility>
      <name>Ch Cornouaille</name>
      <address>
        <city>Quimper</city>
        <country>France</country>
      </address>
    </facility>
    <status>Recruiting</status>
  </location>
  <location>
    <facility>
      <name>Chu Reims</name>
      <address>
        <city>Reims</city>
        <country>France</country>
      </address>
    </facility>
    <status>Recruiting</status>
  </location>
  <location>
    <facility>
      <name>Hôpital Pontchaillou</name>
      <address>
        <city>Rennes</city>
        <country>France</country>
      </address>
    </facility>
    <status>Recruiting</status>
  </location>
  <location>
    <facility>
      <name>CHU Rouen Normandie</name>
      <address>
        <city>Rouen</city>
        <country>France</country>
      </address>
    </facility>
    <status>Recruiting</status>
  </location>
  <location>
    <facility>
      <name>Hopital d'instruction des armées Begin 69</name>
      <address>
        <city>Saint-Mandé</city>
        <country>France</country>
      </address>
    </facility>
    <status>Recruiting</status>
  </location>
  <location>
    <facility>
      <name>Centre hospitalier Louis Constant Fleming</name>
      <address>
        <city>Saint-Martin</city>
        <country>France</country>
      </address>
    </facility>
    <status>Recruiting</status>
  </location>
  <location>
    <facility>
      <name>CHU de Saint-Etienne</name>
      <address>
        <city>Saint-Étienne</city>
        <country>France</country>
      </address>
    </facility>
    <status>Recruiting</status>
  </location>
  <location>
    <facility>
      <name>CH de Saintonge</name>
      <address>
        <city>Saintes</city>
        <country>France</country>
      </address>
    </facility>
    <status>Recruiting</status>
  </location>
  <location>
    <facility>
      <name>Centre Hospitalier de Soissons</name>
      <address>
        <city>Soissons</city>
        <country>France</country>
      </address>
    </facility>
    <status>Recruiting</status>
  </location>
  <location>
    <facility>
      <name>N.H.C. - Nouvel Hopital Civil</name>
      <address>
        <city>Strasbourg</city>
        <country>France</country>
      </address>
    </facility>
    <status>Recruiting</status>
  </location>
  <location>
    <facility>
      <name>Hopital Foch</name>
      <address>
        <city>Suresnes</city>
        <country>France</country>
      </address>
    </facility>
    <status>Recruiting</status>
  </location>
  <location>
    <facility>
      <name>CHR Metz-Thionville -Hopital Bel Air</name>
      <address>
        <city>Thionville</city>
        <country>France</country>
      </address>
    </facility>
    <status>Recruiting</status>
  </location>
  <location>
    <facility>
      <name>Hopitaux du Leman</name>
      <address>
        <city>Thonon-les-Bains</city>
        <country>France</country>
      </address>
    </facility>
    <status>Recruiting</status>
  </location>
  <location>
    <facility>
      <name>Centre Hospitalier Universitaire de Rangueil</name>
      <address>
        <city>Toulouse</city>
        <country>France</country>
      </address>
    </facility>
    <status>Recruiting</status>
  </location>
  <location>
    <facility>
      <name>CHU de Toulouse</name>
      <address>
        <city>Toulouse</city>
        <country>France</country>
      </address>
    </facility>
    <status>Recruiting</status>
  </location>
  <location>
    <facility>
      <name>CHU Toulouse IUCT Institut Universitaire de Cancer de Toulouse</name>
      <address>
        <city>Toulouse</city>
        <country>France</country>
      </address>
    </facility>
    <status>Recruiting</status>
  </location>
  <location>
    <facility>
      <name>Hôpital Gustave Dron</name>
      <address>
        <city>Tourcoing</city>
        <country>France</country>
      </address>
    </facility>
    <status>Recruiting</status>
  </location>
  <location>
    <facility>
      <name>Centre Hospitalier Régional Universitaire de Tours</name>
      <address>
        <city>Tours</city>
        <country>France</country>
      </address>
    </facility>
    <status>Recruiting</status>
  </location>
  <location>
    <facility>
      <name>CHRU de Tours</name>
      <address>
        <city>Tours</city>
        <country>France</country>
      </address>
    </facility>
    <status>Recruiting</status>
  </location>
  <location>
    <facility>
      <name>CHU Nancy</name>
      <address>
        <city>Vandœuvre-lès-Nancy</city>
        <country>France</country>
      </address>
    </facility>
    <status>Recruiting</status>
  </location>
  <location>
    <facility>
      <name>Centre Hospitalier Intercommunal</name>
      <address>
        <city>Villeneuve Saint Georges</city>
        <country>France</country>
      </address>
    </facility>
    <status>Recruiting</status>
  </location>
  <location>
    <facility>
      <name>CH Annecy Genevois</name>
      <address>
        <city>Épagny</city>
        <country>France</country>
      </address>
    </facility>
    <status>Recruiting</status>
  </location>
  <location_countries>
    <country>France</country>
  </location_countries>
  <verification_date>February 2020</verification_date>
  <study_first_submitted>February 6, 2020</study_first_submitted>
  <study_first_submitted_qc>February 7, 2020</study_first_submitted_qc>
  <study_first_posted type="Actual">February 10, 2020</study_first_posted>
  <last_update_submitted>May 5, 2020</last_update_submitted>
  <last_update_submitted_qc>May 5, 2020</last_update_submitted_qc>
  <last_update_posted type="Actual">May 7, 2020</last_update_posted>
  <responsible_party>
    <responsible_party_type>Sponsor</responsible_party_type>
  </responsible_party>
  <keyword>Coronavirus</keyword>
  <keyword>2019-nCoV</keyword>
  <keyword>COVID-19</keyword>
  <keyword>SARS-CoV-2</keyword>
  <keyword>Cohort</keyword>
  <condition_browse>
    <!-- CAUTION:  The following MeSH terms are assigned with an imperfect algorithm            -->
    <mesh_term>Infection</mesh_term>
    <mesh_term>Coronavirus Infections</mesh_term>
    <mesh_term>Severe Acute Respiratory Syndrome</mesh_term>
  </condition_browse>
  <patient_data>
    <sharing_ipd>Undecided</sharing_ipd>
  </patient_data>
  <!-- Results have not yet been posted for this study                                          -->
</clinical_study>

