<?xml version="1.0" encoding="UTF-8"?>
<clinical_study rank="3203">
  <!-- This xml conforms to an XML Schema at:
    https://clinicaltrials.gov/ct2/html/images/info/public.xsd -->
  <required_header>
    <download_date>ClinicalTrials.gov processed this data on April 14, 2021</download_date>
    <link_text>Link to the current ClinicalTrials.gov record.</link_text>
    <url>https://clinicaltrials.gov/show/NCT04335071</url>
  </required_header>
  <id_info>
    <org_study_id>2020-00691</org_study_id>
    <secondary_id>2020DR2044</secondary_id>
    <nct_id>NCT04335071</nct_id>
  </id_info>
  <brief_title>Tocilizumab in the Treatment of Coronavirus Induced Disease (COVID-19)</brief_title>
  <acronym>CORON-ACT</acronym>
  <official_title>CORON-ACT - a Multicenter, Double-blind, Randomized Controlled Phase II Trial on the Efficacy and Safety of Tocilizumab in the Treatment of Coronavirus Induced Disease (COVID-19)</official_title>
  <sponsors>
    <lead_sponsor>
      <agency>University Hospital Inselspital, Berne</agency>
      <agency_class>Other</agency_class>
    </lead_sponsor>
    <collaborator>
      <agency>Roche Pharma AG</agency>
      <agency_class>Industry</agency_class>
    </collaborator>
  </sponsors>
  <source>University Hospital Inselspital, Berne</source>
  <oversight_info>
    <has_dmc>Yes</has_dmc>
    <is_fda_regulated_drug>No</is_fda_regulated_drug>
    <is_fda_regulated_device>No</is_fda_regulated_device>
  </oversight_info>
  <brief_summary>
    <textblock>
      The mortality rate of the disease caused by the corona virus induced disease (COVID-19) has&#xD;
      been estimated to be 3.7% (WHO), which is more than 10-fold higher than the mortality of&#xD;
      influenza. Patients with certain risk factors seem to die by an overwhelming reaction of the&#xD;
      immune system to the virus, causing a cytokine storm with features of Cytokine-Release&#xD;
      Syndrome (CRS) and Macrophage Activation Syndrome (MAS) and resulting in Acute Respiratory&#xD;
      Distress Syndrome (ARDS). Several pro-inflammatory cytokines are elevated in the plasma of&#xD;
      patients and features of MAS in COVID-19, include elevated levels of ferritin, d-dimer, and&#xD;
      low platelets.&#xD;
&#xD;
      There is increasing data that cytokine-targeted biological therapies can improve outcomes in&#xD;
      CRS or MAS and even in sepsis. Tocilizumab (TCZ), an anti-IL-6R biological therapy, has been&#xD;
      approved for the treatment of CRS and is used in patients with MAS. Based on these data, it&#xD;
      is hypothesized that TCZ can reduce mortality in patients with severe COVID-19 prone to CRS&#xD;
      and ARDS.&#xD;
&#xD;
      The overall purpose of this study is to evaluate whether treatment with TCZ reduces the&#xD;
      severity and mortality in patients with COVID-19.&#xD;
    </textblock>
  </brief_summary>
  <detailed_description>
    <textblock>
      Background and Rationale&#xD;
&#xD;
      The Acute Respiratory Syndrome by Corona Virus 2 (SARS-CoV-2), first discovered in December&#xD;
      2019 in Wuhan/China, is causing a worldwide pandemic with potentially lethal implications on&#xD;
      an individual basis, and, on the large scale bringing the health care systems and the economy&#xD;
      to its limits. The mortality rate of this COronaVIrus induced Disease, COVID-19, has been&#xD;
      estimated by the World Health Organization (WHO) to be 3.7%, which is more than 10-fold&#xD;
      higher than the mortality of influenza.&#xD;
&#xD;
      An infection with SARS-CoV-2 may cause an excessive host immune response, leading to an Acute&#xD;
      Respiratory Distress Syndrome (ARDS) and death. Reports from China and from Italy describe an&#xD;
      overwhelming inflammation which is triggered by the virus, causing a cytokine storm with&#xD;
      features of Cytokine-Release Syndrome (CRS) and/or Macrophage Activation Syndrome (MAS).&#xD;
      Pro-inflammatory cytokines such as Interleukin-6 (IL-6) are elevated in the plasma of&#xD;
      patients and features of MAS in COVID-19 include elevated levels of ferritin, d-dimer and low&#xD;
      platelets.&#xD;
&#xD;
      There is increasing evidence, that cytokine-targeted biological therapies can improve&#xD;
      outcomes in CRS or MAS and even in sepsis. In recognition of the dramatic development of the&#xD;
      COVID-19 pandemic, and in a pragmatic manner, already approved and safe therapies should be&#xD;
      evaluated for the use in severe COVID-19.&#xD;
&#xD;
      Tocilizumab (TCZ), an anti-IL-6R biological therapy, has been approved for the treatment of&#xD;
      CRS and is used in patients with MAS (and in other rheumatologic conditions like Rheumatoid&#xD;
      Arthritis (RA) or Giant Cell Arteritis (GCA), with a good safety profile also in the&#xD;
      elderly).&#xD;
&#xD;
      Collectively, the data strongly suggest that neutralization of the inflammatory pathway&#xD;
      induced by IL-6 may reduce mortality in patients with severe COVID-19 prone to CRS and ARDS.&#xD;
    </textblock>
  </detailed_description>
  <overall_status>Terminated</overall_status>
  <why_stopped>
    1.) Not possible to recruit the planned number of patients during the planned study period; 2.)&#xD;
    &quot;Dexamethason&quot; was included in the standard of care for the study population during the course&#xD;
    of the study and inclusion criteria could no longer be met.&#xD;
  </why_stopped>
  <start_date type="Actual">April 26, 2020</start_date>
  <completion_date type="Actual">September 27, 2020</completion_date>
  <primary_completion_date type="Actual">September 27, 2020</primary_completion_date>
  <phase>Phase 2</phase>
  <study_type>Interventional</study_type>
  <has_expanded_access>No</has_expanded_access>
  <study_design_info>
    <allocation>Randomized</allocation>
    <intervention_model>Parallel Assignment</intervention_model>
    <intervention_model_description>A multicenter, double-blind, randomized controlled phase II trial</intervention_model_description>
    <primary_purpose>Treatment</primary_purpose>
    <masking>Quadruple (Participant, Care Provider, Investigator, Outcomes Assessor)</masking>
    <masking_description>All participants and study personnel involved in patient enrolment, treatment, and follow-up will be masked to group assignment until the final report will be completed and a first interpretation of the results has been done.</masking_description>
  </study_design_info>
  <primary_outcome>
    <measure>Number of patients with ICU admission</measure>
    <time_frame>7 days after randomisation</time_frame>
  </primary_outcome>
  <primary_outcome>
    <measure>Number of patients with intubation</measure>
    <time_frame>14 days after randomisation</time_frame>
  </primary_outcome>
  <primary_outcome>
    <measure>Number of patients with death</measure>
    <time_frame>28 days after randomisation</time_frame>
  </primary_outcome>
  <secondary_outcome>
    <measure>Illness severity</measure>
    <time_frame>At days 2, 7, 14, 28 after randomisation</time_frame>
    <description>Assessed by the 8-point WHO scale</description>
  </secondary_outcome>
  <secondary_outcome>
    <measure>Number of patients with clinical improvement</measure>
    <time_frame>At days 2, 7, 14, 28 after randomisation</time_frame>
    <description>Clinical improvement is defined as a ≥ 2-point improvement in the 8-point WHO scale</description>
  </secondary_outcome>
  <secondary_outcome>
    <measure>Time to clinical improvement (days)</measure>
    <time_frame>Up to day 28 after randomisation</time_frame>
    <description>Clinical improvement is defined as a ≥ 2-point improvement in the 8-point WHO scale</description>
  </secondary_outcome>
  <secondary_outcome>
    <measure>Duration of hospitalization (days)</measure>
    <time_frame>Up to day 28 after randomisation</time_frame>
  </secondary_outcome>
  <secondary_outcome>
    <measure>Time to ICU admission (days)</measure>
    <time_frame>Up to day 28 after randomisation</time_frame>
  </secondary_outcome>
  <secondary_outcome>
    <measure>Duration of ICU stay</measure>
    <time_frame>Up to day 28 after randomisation</time_frame>
  </secondary_outcome>
  <secondary_outcome>
    <measure>Time to intubation</measure>
    <time_frame>Up to day 28 after randomisation</time_frame>
  </secondary_outcome>
  <secondary_outcome>
    <measure>Duration of mechanical ventilation (days)</measure>
    <time_frame>Up to day 28 after randomisation</time_frame>
  </secondary_outcome>
  <other_outcome>
    <measure>Number of deaths</measure>
    <time_frame>Within 28 days after randomisation</time_frame>
  </other_outcome>
  <other_outcome>
    <measure>Number of patients with ICU admission</measure>
    <time_frame>Within 28 days after randomisation</time_frame>
  </other_outcome>
  <other_outcome>
    <measure>Number of patients with intubation</measure>
    <time_frame>Within 28 days after randomisation</time_frame>
  </other_outcome>
  <other_outcome>
    <measure>Number of patients with events of special interest</measure>
    <time_frame>Within 28 days after randomisation</time_frame>
    <description>Events of special interest are defined as secondary infections, acute kidney failure, hepatic, and cardiac failure</description>
  </other_outcome>
  <other_outcome>
    <measure>Number of patients with SAEs considered by the investigator to be at least probably related to the IMP</measure>
    <time_frame>Within 28 days after randomisation</time_frame>
  </other_outcome>
  <number_of_arms>2</number_of_arms>
  <enrollment type="Actual">5</enrollment>
  <condition>SARS-CoV-2 Infection</condition>
  <arm_group>
    <arm_group_label>Actemra</arm_group_label>
    <arm_group_type>Experimental</arm_group_type>
    <description>Patients get one dose (= 8 mg/kg bodyweight, max. single dose 800 mg) Actemra® (active ingredient: TCZ) intravenously in 100 mL NaCl 0.9% after confirmation of progressive dyspnoea. Infusion time: 60 min. The procedure is repeated once if no improvement in the 8-point WHO scale is observed.</description>
  </arm_group>
  <arm_group>
    <arm_group_label>Placebo</arm_group_label>
    <arm_group_type>Placebo Comparator</arm_group_type>
    <description>The placebo-controlled intervention is one dose (100 mL) NaCl 0.9% intravenously administered after confirmation of progressive dyspnoea. Infusion time: 60 min. The procedure is repeated once if no improvement in the 8-point WHO scale is observed.</description>
  </arm_group>
  <intervention>
    <intervention_type>Drug</intervention_type>
    <intervention_name>Tocilizumab (TCZ)</intervention_name>
    <description>Patients get one dose (= 8 mg/kg bodyweight, max. single dose 800 mg) Actemra® (active ingredient: TCZ) intravenously in 100 mL NaCl 0.9% after confirmation of progressive dyspnoea. Infusion time: 60 min. The procedure is repeated once if no clinical improvement in the 8-point WHO scale is observed.</description>
    <arm_group_label>Actemra</arm_group_label>
    <other_name>Actemra</other_name>
  </intervention>
  <intervention>
    <intervention_type>Drug</intervention_type>
    <intervention_name>Placebo</intervention_name>
    <description>The placebo-controlled intervention is one dose (100 mL) NaCl 0.9% intravenously administered after confirmation of progressive dyspnoea. Infusion time: 60 min. The procedure is repeated once if no clinical improvement in the 8-point WHO scale is observed.</description>
    <arm_group_label>Placebo</arm_group_label>
    <other_name>NaCl 0.9%</other_name>
  </intervention>
  <eligibility>
    <criteria>
      <textblock>
        Inclusion Criteria:&#xD;
&#xD;
        I (first step):&#xD;
&#xD;
          -  Admission to hospital&#xD;
&#xD;
          -  Male or non-pregnant female, ≥60 years of age or ≥30 years of age plus one or more&#xD;
             known risk factors (arterial hypertension, diabetes mellitus, coronary heart disease,&#xD;
             heart failure, pre-existing chronic pulmonary disease)&#xD;
&#xD;
          -  Confirmed SARS-CoV infection&#xD;
&#xD;
          -  Radiographic evidence compatible with Covid-19 pneumonia (X-ray/CT scan, etc.)&#xD;
&#xD;
          -  Signed Informed Consent Form&#xD;
&#xD;
        II (second step; indication for intervention):&#xD;
&#xD;
          -  CRP ≥50mg/L plus 3 out of the following 5 criteria need to be fulfilled:&#xD;
&#xD;
          -  Respiration Rate ≥25&#xD;
&#xD;
          -  SpO2 &lt;93% (on ambient air)&#xD;
&#xD;
          -  PaO2 &lt;65 mmHg&#xD;
&#xD;
          -  Persistent or increasing dyspnoea as defined by a one point increase on the mMRC&#xD;
             dyspnoea scale (over 1 hour)&#xD;
&#xD;
          -  Persistent or increasing oxygen demand (over 1 hour)&#xD;
&#xD;
        Exclusion Criteria:&#xD;
&#xD;
        I (first step):&#xD;
&#xD;
          -  Patients &gt;80 years of age&#xD;
&#xD;
          -  Patient included in any other interventional trial&#xD;
&#xD;
          -  Indication for imminent or immediate transfer to ICU&#xD;
&#xD;
          -  Treatment with TCZ (or other anti-IL-6R treatment) within 4 weeks prior to baseline&#xD;
&#xD;
          -  Uncontrolled bacterial superinfection according to investigator&#xD;
&#xD;
          -  History of severe allergic reaction to TCZ&#xD;
&#xD;
          -  History of diverticulitis requiring antibiotic treatment or history of colon&#xD;
             perforation&#xD;
&#xD;
          -  History of primary immunodeficiency (e.g. CVID) or progressing malignancy&#xD;
&#xD;
          -  History of chronic liver disease (&gt;Child-Pugh A, or according to investigator)&#xD;
&#xD;
        II (second step; contraindication for intervention):&#xD;
&#xD;
          -  Alanine transaminase/aspartate transaminase (ALT/AST) &gt;5 times of the upper limit of&#xD;
             normal&#xD;
&#xD;
          -  Hemoglobin &lt;80 g/L&#xD;
&#xD;
          -  Leukocytes &lt;2.0 G/L&#xD;
&#xD;
          -  Absolute neutrophil count &lt;1.0 G/L&#xD;
&#xD;
          -  Platelets &lt;50 G/L&#xD;
      </textblock>
    </criteria>
    <gender>All</gender>
    <minimum_age>30 Years</minimum_age>
    <maximum_age>80 Years</maximum_age>
    <healthy_volunteers>No</healthy_volunteers>
  </eligibility>
  <overall_official>
    <last_name>Peter M. Villiger, Prof. Dr. med.</last_name>
    <role>Study Chair</role>
    <affiliation>University Hospital Bern (Inselspital)</affiliation>
  </overall_official>
  <location>
    <facility>
      <name>University Hospital Bern (Inselspital)</name>
      <address>
        <city>Bern</city>
        <zip>3010</zip>
        <country>Switzerland</country>
      </address>
    </facility>
  </location>
  <location>
    <facility>
      <name>Centre Hospitalier Universitaire Vaudois (CHUV)</name>
      <address>
        <city>Lausanne</city>
        <zip>1011</zip>
        <country>Switzerland</country>
      </address>
    </facility>
  </location>
  <location>
    <facility>
      <name>Ospedale Regionale di Lugano (EOC)</name>
      <address>
        <city>Viganello</city>
        <zip>6962</zip>
        <country>Switzerland</country>
      </address>
    </facility>
  </location>
  <location>
    <facility>
      <name>University Hospital Zurich</name>
      <address>
        <city>Zurich</city>
        <zip>8091</zip>
        <country>Switzerland</country>
      </address>
    </facility>
  </location>
  <location_countries>
    <country>Switzerland</country>
  </location_countries>
  <reference>
    <citation>Huang C, Wang Y, Li X, Ren L, Zhao J, Hu Y, Zhang L, Fan G, Xu J, Gu X, Cheng Z, Yu T, Xia J, Wei Y, Wu W, Xie X, Yin W, Li H, Liu M, Xiao Y, Gao H, Guo L, Xie J, Wang G, Jiang R, Gao Z, Jin Q, Wang J, Cao B. Clinical features of patients infected with 2019 novel coronavirus in Wuhan, China. Lancet. 2020 Feb 15;395(10223):497-506. doi: 10.1016/S0140-6736(20)30183-5. Epub 2020 Jan 24. Erratum in: Lancet. 2020 Jan 30;:.</citation>
    <PMID>31986264</PMID>
  </reference>
  <reference>
    <citation>Wu C, Chen X, Cai Y, Xia J, Zhou X, Xu S, Huang H, Zhang L, Zhou X, Du C, Zhang Y, Song J, Wang S, Chao Y, Yang Z, Xu J, Zhou X, Chen D, Xiong W, Xu L, Zhou F, Jiang J, Bai C, Zheng J, Song Y. Risk Factors Associated With Acute Respiratory Distress Syndrome and Death in Patients With Coronavirus Disease 2019 Pneumonia in Wuhan, China. JAMA Intern Med. 2020 Jul 1;180(7):934-943. doi: 10.1001/jamainternmed.2020.0994. Erratum in: JAMA Intern Med. 2020 Jul 1;180(7):1031.</citation>
    <PMID>32167524</PMID>
  </reference>
  <reference>
    <citation>Zhou F, Yu T, Du R, Fan G, Liu Y, Liu Z, Xiang J, Wang Y, Song B, Gu X, Guan L, Wei Y, Li H, Wu X, Xu J, Tu S, Zhang Y, Chen H, Cao B. Clinical course and risk factors for mortality of adult inpatients with COVID-19 in Wuhan, China: a retrospective cohort study. Lancet. 2020 Mar 28;395(10229):1054-1062. doi: 10.1016/S0140-6736(20)30566-3. Epub 2020 Mar 11. Erratum in: Lancet. 2020 Mar 28;395(10229):1038. Lancet. 2020 Mar 28;395(10229):1038.</citation>
    <PMID>32171076</PMID>
  </reference>
  <reference>
    <citation>Le RQ, Li L, Yuan W, Shord SS, Nie L, Habtemariam BA, Przepiorka D, Farrell AT, Pazdur R. FDA Approval Summary: Tocilizumab for Treatment of Chimeric Antigen Receptor T Cell-Induced Severe or Life-Threatening Cytokine Release Syndrome. Oncologist. 2018 Aug;23(8):943-947. doi: 10.1634/theoncologist.2018-0028. Epub 2018 Apr 5.</citation>
    <PMID>29622697</PMID>
  </reference>
  <reference>
    <citation>Morrondo CD, Zarza LP, Gil JG, Pinto Tasende JA, Diez PD, López JM. Benefit of Tocilizumab Therapy for Adult-Onset Still Disease Complicated With Acute Respiratory Distress Syndrome. J Clin Rheumatol. 2016 Aug;22(5):291-3. doi: 10.1097/RHU.0000000000000374.</citation>
    <PMID>27464783</PMID>
  </reference>
  <reference>
    <citation>Richter A, Listing J, Schneider M, Klopsch T, Kapelle A, Kaufmann J, Zink A, Strangfeld A. Impact of treatment with biologic DMARDs on the risk of sepsis or mortality after serious infection in patients with rheumatoid arthritis. Ann Rheum Dis. 2016 Sep;75(9):1667-73. doi: 10.1136/annrheumdis-2015-207838. Epub 2015 Nov 13.</citation>
    <PMID>26567181</PMID>
  </reference>
  <reference>
    <citation>Shakoory B, Carcillo JA, Chatham WW, Amdur RL, Zhao H, Dinarello CA, Cron RQ, Opal SM. Interleukin-1 Receptor Blockade Is Associated With Reduced Mortality in Sepsis Patients With Features of Macrophage Activation Syndrome: Reanalysis of a Prior Phase III Trial. Crit Care Med. 2016 Feb;44(2):275-81. doi: 10.1097/CCM.0000000000001402.</citation>
    <PMID>26584195</PMID>
  </reference>
  <reference>
    <citation>Neuenschwander B, Capkun-Niggli G, Branson M, Spiegelhalter DJ. Summarizing historical information on controls in clinical trials. Clin Trials. 2010 Feb;7(1):5-18. doi: 10.1177/1740774509356002.</citation>
    <PMID>20156954</PMID>
  </reference>
  <reference>
    <citation>Jones G, Sebba A, Gu J, Lowenstein MB, Calvo A, Gomez-Reino JJ, Siri DA, Tomsic M, Alecock E, Woodworth T, Genovese MC. Comparison of tocilizumab monotherapy versus methotrexate monotherapy in patients with moderate to severe rheumatoid arthritis: the AMBITION study. Ann Rheum Dis. 2010 Jan;69(1):88-96. doi: 10.1136/ard.2008.105197.</citation>
    <PMID>19297346</PMID>
  </reference>
  <reference>
    <citation>Stone JH, Tuckwell K, Dimonaco S, Klearman M, Aringer M, Blockmans D, Brouwer E, Cid MC, Dasgupta B, Rech J, Salvarani C, Schett G, Schulze-Koops H, Spiera R, Unizony SH, Collinson N. Trial of Tocilizumab in Giant-Cell Arteritis. N Engl J Med. 2017 Jul 27;377(4):317-328. doi: 10.1056/NEJMoa1613849.</citation>
    <PMID>28745999</PMID>
  </reference>
  <reference>
    <citation>Villiger PM, Adler S, Kuchen S, Wermelinger F, Dan D, Fiege V, Bütikofer L, Seitz M, Reichenbach S. Tocilizumab for induction and maintenance of remission in giant cell arteritis: a phase 2, randomised, double-blind, placebo-controlled trial. Lancet. 2016 May 7;387(10031):1921-7. doi: 10.1016/S0140-6736(16)00560-2. Epub 2016 Mar 4.</citation>
    <PMID>26952547</PMID>
  </reference>
  <reference>
    <citation>Yang S, Cao P, Du P, Wu Z, Zhuang Z, Yang L, Yu X, Zhou Q, Feng X, Wang X, Li W, Liu E, Chen J, Chen Y, He D. Early estimation of the case fatality rate of COVID-19 in mainland China: a data-driven analysis. Ann Transl Med. 2020 Feb;8(4):128. doi: 10.21037/atm.2020.02.66.</citation>
    <PMID>32175421</PMID>
  </reference>
  <reference>
    <citation>Khanna D, Denton CP, Jahreis A, van Laar JM, Frech TM, Anderson ME, Baron M, Chung L, Fierlbeck G, Lakshminarayanan S, Allanore Y, Pope JE, Riemekasten G, Steen V, Müller-Ladner U, Lafyatis R, Stifano G, Spotswood H, Chen-Harris H, Dziadek S, Morimoto A, Sornasse T, Siegel J, Furst DE. Safety and efficacy of subcutaneous tocilizumab in adults with systemic sclerosis (faSScinate): a phase 2, randomised, controlled trial. Lancet. 2016 Jun 25;387(10038):2630-2640. doi: 10.1016/S0140-6736(16)00232-4. Epub 2016 May 5. Erratum in: Lancet. 2018 Apr 7;391(10128):1356.</citation>
    <PMID>27156934</PMID>
  </reference>
  <reference>
    <citation>Chen N, Zhou M, Dong X, Qu J, Gong F, Han Y, Qiu Y, Wang J, Liu Y, Wei Y, Xia J, Yu T, Zhang X, Zhang L. Epidemiological and clinical characteristics of 99 cases of 2019 novel coronavirus pneumonia in Wuhan, China: a descriptive study. Lancet. 2020 Feb 15;395(10223):507-513. doi: 10.1016/S0140-6736(20)30211-7. Epub 2020 Jan 30.</citation>
    <PMID>32007143</PMID>
  </reference>
  <reference>
    <citation>Ruan Q, Yang K, Wang W, Jiang L, Song J. Clinical predictors of mortality due to COVID-19 based on an analysis of data of 150 patients from Wuhan, China. Intensive Care Med. 2020 May;46(5):846-848. doi: 10.1007/s00134-020-05991-x. Epub 2020 Mar 3. Erratum in: Intensive Care Med. 2020 Apr 6;:.</citation>
    <PMID>32125452</PMID>
  </reference>
  <verification_date>October 2020</verification_date>
  <study_first_submitted>April 2, 2020</study_first_submitted>
  <study_first_submitted_qc>April 2, 2020</study_first_submitted_qc>
  <study_first_posted type="Actual">April 6, 2020</study_first_posted>
  <last_update_submitted>October 12, 2020</last_update_submitted>
  <last_update_submitted_qc>October 12, 2020</last_update_submitted_qc>
  <last_update_posted type="Actual">October 14, 2020</last_update_posted>
  <responsible_party>
    <responsible_party_type>Sponsor</responsible_party_type>
  </responsible_party>
  <keyword>Covid-19</keyword>
  <keyword>Pneumonia</keyword>
  <keyword>Tocilizumab</keyword>
  <condition_browse>
    <!-- CAUTION:  The following MeSH terms are assigned with an imperfect algorithm            -->
    <mesh_term>Coronavirus Infections</mesh_term>
  </condition_browse>
  <patient_data>
    <sharing_ipd>No</sharing_ipd>
  </patient_data>
  <!-- Results have not yet been posted for this study                                          -->
</clinical_study>

