<?xml version="1.0" encoding="UTF-8"?>
<clinical_study rank="5600">
  <!-- This xml conforms to an XML Schema at:
    https://clinicaltrials.gov/ct2/html/images/info/public.xsd -->
  <required_header>
    <download_date>ClinicalTrials.gov processed this data on April 14, 2021</download_date>
    <link_text>Link to the current ClinicalTrials.gov record.</link_text>
    <url>https://clinicaltrials.gov/show/NCT02669394</url>
  </required_header>
  <id_info>
    <org_study_id>H15-00972</org_study_id>
    <nct_id>NCT02669394</nct_id>
  </id_info>
  <brief_title>Reshaping the Path of Vascular Cognitive Impairment (VCI)</brief_title>
  <official_title>Reshaping the Path of Vascular Cognitive Impairment With Resistance Training</official_title>
  <sponsors>
    <lead_sponsor>
      <agency>University of British Columbia</agency>
      <agency_class>Other</agency_class>
    </lead_sponsor>
  </sponsors>
  <source>University of British Columbia</source>
  <oversight_info>
    <has_dmc>Yes</has_dmc>
  </oversight_info>
  <brief_summary>
    <textblock>
      The investigators will conduct a proof-of-concept randomized controlled trial study to&#xD;
      provide preliminary evidence of efficacy of a resistance exercise training program for&#xD;
      maintaining white matter health and improving cognitive function in older adults with&#xD;
      vascular cognitive impairment, defined as the presence of cognitive impairment combined with&#xD;
      cerebral small vessel disease, compared with a stretch and relaxation program.&#xD;
    </textblock>
  </brief_summary>
  <detailed_description>
    <textblock>
      A total of 88 adults with vascular cognitive impairment will be randomized to either a&#xD;
      12-month twice-weekly resistance training program or stretch and relaxation program. There&#xD;
      will be three measurement sessions: baseline, 6 months (midpoint of intervention period), and&#xD;
      12 months (end of intervention period).&#xD;
    </textblock>
  </detailed_description>
  <overall_status>Recruiting</overall_status>
  <start_date>January 2016</start_date>
  <completion_date type="Anticipated">December 2022</completion_date>
  <primary_completion_date type="Anticipated">December 2022</primary_completion_date>
  <phase>N/A</phase>
  <study_type>Interventional</study_type>
  <has_expanded_access>No</has_expanded_access>
  <study_design_info>
    <allocation>Randomized</allocation>
    <intervention_model>Parallel Assignment</intervention_model>
    <primary_purpose>Treatment</primary_purpose>
    <masking>Single (Participant)</masking>
  </study_design_info>
  <primary_outcome>
    <measure>Cognitive function as measured by Alzheimer's Disease Assessment Scale Cognitive Subscale Plus (ADAS-Plus)</measure>
    <time_frame>Baseline, 6 months, and 12 months</time_frame>
    <description>ADAS-Cog 13 Plus additional cognitive tests</description>
  </primary_outcome>
  <primary_outcome>
    <measure>Change in white matter health as measured by total white matter lesion volume</measure>
    <time_frame>Baseline to 12 months</time_frame>
    <description>White matter hyperintensity volume in mm3</description>
  </primary_outcome>
  <secondary_outcome>
    <measure>Executive functions as measured by standard neuropsychological tests</measure>
    <time_frame>Baseline, 6 months, and 12 months</time_frame>
  </secondary_outcome>
  <secondary_outcome>
    <measure>Arterial stiffness as measured by carotid-femoral arterial pulse-wave velocity (PWV)</measure>
    <time_frame>Baseline and 12 months</time_frame>
  </secondary_outcome>
  <secondary_outcome>
    <measure>Cardiometabolic risk factors as measured by blood panel</measure>
    <time_frame>Baseline, 6 months, and 12 months</time_frame>
  </secondary_outcome>
  <secondary_outcome>
    <measure>Cardiometabolic risk factors as measured by body mass index</measure>
    <time_frame>baseline, 6 months, and 12 months</time_frame>
  </secondary_outcome>
  <secondary_outcome>
    <measure>Cardiometabolic risk factors as measured by waist to hip ratio</measure>
    <time_frame>baseline, 6 months, and 12 months</time_frame>
  </secondary_outcome>
  <secondary_outcome>
    <measure>Physiological falls risk as measured by the Physiological Profile Assessment</measure>
    <time_frame>baseline, 6 months, and 12 months</time_frame>
  </secondary_outcome>
  <secondary_outcome>
    <measure>Mobility and balance as measured by the Short Physical Performance Battery</measure>
    <time_frame>baseline, 6 months, and 12 months</time_frame>
  </secondary_outcome>
  <secondary_outcome>
    <measure>Mood as measured by the Center for Epidemiologic Studies Depression Scale (CES-D)</measure>
    <time_frame>baseline, 6 months, and 12 months</time_frame>
  </secondary_outcome>
  <secondary_outcome>
    <measure>Quality of life as measured by the Medical Outcomes Study Short Form-6D (SF-6D)</measure>
    <time_frame>baseline, 6 months, and 12 months</time_frame>
  </secondary_outcome>
  <secondary_outcome>
    <measure>White matter integrity as measured by diffusion tensor imaging</measure>
    <time_frame>baseline and 12 months</time_frame>
  </secondary_outcome>
  <secondary_outcome>
    <measure>Myelin plasticity as measured by multicomponent relaxation imaging</measure>
    <time_frame>baseline and 12 months</time_frame>
  </secondary_outcome>
  <secondary_outcome>
    <measure>Memory as measured by standard neuropsychological tests</measure>
    <time_frame>baseline, 6 months, and 12 months</time_frame>
  </secondary_outcome>
  <secondary_outcome>
    <measure>Upper body strength as measured by grip strength</measure>
    <time_frame>baseline, 6 months, and 12 months</time_frame>
  </secondary_outcome>
  <secondary_outcome>
    <measure>Lower body strength as measured by 30 sec sit to stand test (subset only)</measure>
    <time_frame>baseline, 6 months, and 12 months</time_frame>
  </secondary_outcome>
  <secondary_outcome>
    <measure>Functional capacity as measured by 6 minute walk test</measure>
    <time_frame>Baseline, 6 months, 12 months</time_frame>
  </secondary_outcome>
  <secondary_outcome>
    <measure>Neurotrophic factors in blood: IGF-1, BDNF, VEGF (subset only)</measure>
    <time_frame>Baseline, 6 months, 12 months</time_frame>
  </secondary_outcome>
  <secondary_outcome>
    <measure>Self-reported physical activity as measured by the PASE questionnaire</measure>
    <time_frame>Monthly</time_frame>
  </secondary_outcome>
  <secondary_outcome>
    <measure>NIH Cognitive Toolbox</measure>
    <time_frame>Baseline, 6 months, 12 months</time_frame>
  </secondary_outcome>
  <secondary_outcome>
    <measure>Isokinetic strength of the lower limb (subset only)</measure>
    <time_frame>Baseline, 6 months, 12 months</time_frame>
  </secondary_outcome>
  <secondary_outcome>
    <measure>Functional connectivity using resting state fMRI (subset only)</measure>
    <time_frame>Baseline and 12 months</time_frame>
  </secondary_outcome>
  <secondary_outcome>
    <measure>Health resource utilization</measure>
    <time_frame>Baseline and every 3 months</time_frame>
  </secondary_outcome>
  <secondary_outcome>
    <measure>Prospective falls via monthly falls calendars</measure>
    <time_frame>Monthly</time_frame>
  </secondary_outcome>
  <secondary_outcome>
    <measure>Mobility using timed up and go test</measure>
    <time_frame>Baseline, 6 months, 12 months</time_frame>
  </secondary_outcome>
  <secondary_outcome>
    <measure>Dual-task ability using dual-task timed up and go test</measure>
    <time_frame>Baseline, 6 months, 12 months</time_frame>
  </secondary_outcome>
  <secondary_outcome>
    <measure>Dual task gait using Gaitrite mat (subset only)</measure>
    <time_frame>Baseline, 6 months, 12 months</time_frame>
  </secondary_outcome>
  <secondary_outcome>
    <measure>Cognitive function using ADAS-Cog 13</measure>
    <time_frame>Baseline, 6 months, 12 months</time_frame>
  </secondary_outcome>
  <secondary_outcome>
    <measure>Dominant quad isometric strength using a strain gauge</measure>
    <time_frame>Baseline, 6 months, 12 months</time_frame>
  </secondary_outcome>
  <secondary_outcome>
    <measure>Hypothalamic-pituitary-adrenal axis activity using saliva samples (i.e., cortisol) (subset only)</measure>
    <time_frame>Baseline, 6 months, 12 months</time_frame>
  </secondary_outcome>
  <secondary_outcome>
    <measure>Regional brain volumes using structural MRI</measure>
    <time_frame>Baseline and 12 months</time_frame>
  </secondary_outcome>
  <secondary_outcome>
    <measure>Selected Pro- and anti-inflammatory cytokines in blood (subset only)</measure>
    <time_frame>Baseline, 6 months, and 12 months</time_frame>
    <description>IFN-alpha, IL-1 alpha, IL-4, IL-6, IL-10, IL-12p70, IL-13, IL-17, TNF-alpha, Rantes, CXCL1, IL-18, TGF-B</description>
  </secondary_outcome>
  <number_of_arms>2</number_of_arms>
  <enrollment type="Anticipated">88</enrollment>
  <condition>Transient Ischemic Attack</condition>
  <condition>Vascular Cognitive Impairment</condition>
  <condition>Subcortical Vascular Dementia</condition>
  <arm_group>
    <arm_group_label>Resistance Training (RT)</arm_group_label>
    <arm_group_type>Experimental</arm_group_type>
    <description>The RT program will be a twice-weekly program. A pressurized air system and free weights will be used . The pressurized air system exercises will consist of biceps curls, triceps extension, seated row, latissmus dorsi pull downs, leg press, hamstring curls, and calf raises. Other exercises, with free weights, will include mini-squats, mini-lunges, and lunge walks. The intensity of the training stimulus will initially be at 50% to 60% of 1 repetition maximum (RM) as determined at week two, and progress to 75% to 85% of 1-RM at a work level of 6 to 8 repetitions (2 sets) by week four. The training stimulus will be increased using the 7 RM method.&#xD;
To meet the public health mandates of COVID-19, when it is necessary, training will occur at home, with the use of a set of resistance bands of various weights. Participants will be provided access to instructional videos either by YouTube or DVD. They will be called on a weekly basis to monitor progress and compliance.</description>
  </arm_group>
  <arm_group>
    <arm_group_label>Stretching and Relaxation (CON)</arm_group_label>
    <arm_group_type>Active Comparator</arm_group_type>
    <description>The CON program will be a twice-weekly program. The CON group will consist of stretching exercises, basic core-strength/kegal exercises, and relaxation techniques. Other than bodyweight, no additional loading (e.g., hand weights, resistance bands, etc.) will be applied to any of the exercises.&#xD;
To meet the public health mandates of COVID-19, when it is necessary, training will occur at home. Participants will be provided access to instructional videos either by YouTube or DVD. They will be called on a weekly basis to monitor progress and compliance.</description>
  </arm_group>
  <intervention>
    <intervention_type>Behavioral</intervention_type>
    <intervention_name>Resistance exercise training</intervention_name>
    <description>Twelve months of twice-weekly resistance training program that will gradually progress in intensity. Each training session will be 60 minutes (10 minutes of warm-up, 40 minutes of training, and 10 minutes of cool-down).</description>
    <arm_group_label>Resistance Training (RT)</arm_group_label>
    <other_name>RT Program</other_name>
  </intervention>
  <intervention>
    <intervention_type>Behavioral</intervention_type>
    <intervention_name>Control: stretching and relaxation program</intervention_name>
    <description>Twelve months of twice-weekly stretching and relaxation program that includes stretches, deep breathing and relaxation techniques, general core control exercises, and general posture and health education. Each session will be 60 minutes.</description>
    <arm_group_label>Stretching and Relaxation (CON)</arm_group_label>
    <other_name>CON Program</other_name>
  </intervention>
  <eligibility>
    <criteria>
      <textblock>
        Inclusion Criteria:&#xD;
&#xD;
        The study will specifically recruit individuals who fulfill the diagnostic criteria for&#xD;
        SIVCI -- the presence of both cognitive impairment and small vessel ischaemic disease.&#xD;
&#xD;
        Specifically, individuals must meet the following inclusion criteria:&#xD;
&#xD;
          1. Montreal Cognitive Assessment (MoCA) score less than 26 at screening;&#xD;
&#xD;
          2. MMSE score of = or &gt; 20 at screening;&#xD;
&#xD;
          3. Community-dwelling;&#xD;
&#xD;
          4. Lives in Metro Vancouver;&#xD;
&#xD;
          5. Able to comply with scheduled visits, treatment plan, and other trial procedures;&#xD;
&#xD;
          6. Must be able to read, write, and speak English in which psychometric tests are&#xD;
             provided with acceptable visual and auditory acuity;&#xD;
&#xD;
          7. Stable on a fixed dose of cognitive medications (e.g., donepezil, galantamine,&#xD;
             rivastigmine, memantine, etc.) that is not expected to change during the 12-month&#xD;
             study period, or, if they are not on any of these medications, they are not expected&#xD;
             to start them during the 12-month study period;&#xD;
&#xD;
          8. Provide a personally signed and dated informed consent document indicating that the&#xD;
             individual (or a legally acceptable representative) has been informed of all pertinent&#xD;
             aspects of the trial. In addition, an assent form will be provided at baseline and&#xD;
             again at regular intervals;&#xD;
&#xD;
          9. Able to walk independently; and&#xD;
&#xD;
         10. Must be in sufficient health to participate in study's aerobic-based exercise training&#xD;
             program. This will be based on medical history, vital signs, physical examination by&#xD;
             study physicians, and written recommendation by family physician indicating&#xD;
             individual's appropriateness to participate in an aerobic-based exercise training&#xD;
             program.&#xD;
&#xD;
        Exclusion Criteria:&#xD;
&#xD;
          1. Absence of relevant small vessel ischaemic lesions on an existing brain computed&#xD;
             tomography (CT) or MRI;&#xD;
&#xD;
          2. Diagnosed with another type of dementia (e.g., AD) or other neurological conditions&#xD;
             (e.g., multiple sclerosis, Parkinson's disease, etc.) that affects cognition and&#xD;
             mobility;&#xD;
&#xD;
          3. Diagnosed previously with a genetic cause of SIVCI (e.g., CADASIL);&#xD;
&#xD;
          4. At high risk for cardiac complications during exercise and/or unable to self-regulate&#xD;
             activity or to understand recommended activity level (i.e., Class C of the American&#xD;
             Heart Risk Stratification Criteria);&#xD;
&#xD;
          5. Participating in regular RT in the last six months;&#xD;
&#xD;
          6. Have clinically significant peripheral neuropathy or severe musculoskeletal or joint&#xD;
             disease that impairs mobility;&#xD;
&#xD;
          7. Taking medications that may negatively affect cognitive function, such as&#xD;
             anticholinergics, including agents with pronounced anticholinergic properties (e.g.,&#xD;
             amitriptyline), major tranquilizers (typical and atypical antipsychotics), and&#xD;
             anticonvulsants (e.g., gabapentin, valproic acid, etc.); or&#xD;
&#xD;
          8. Individual who plans to participate or is enrolled in a clinical drug trial concurrent&#xD;
             to this study.&#xD;
&#xD;
          9. Unable to meet the specific scanning requirements of the UBC 3T MRI Research Centre.&#xD;
             Specifically, we will exclude anyone with: pacemaker, brain aneurysm clip, cochlear&#xD;
             implant, recent surgery or tattoos within the past 6 weeks, electrical stimulator for&#xD;
             nerves or bones, implanted infusion pump, history of any eye injury involving metal&#xD;
             fragments, artificial heart valve, orthopedic hardware, other metallic prostheses,&#xD;
             coil, catheter or filter in any blood vessel, ear or eye implant, bullets, or other&#xD;
             metallic fragments.&#xD;
      </textblock>
    </criteria>
    <gender>All</gender>
    <minimum_age>55 Years</minimum_age>
    <maximum_age>N/A</maximum_age>
    <healthy_volunteers>No</healthy_volunteers>
  </eligibility>
  <overall_official>
    <last_name>Teresa Liu-Ambrose, PhD, PT</last_name>
    <role>Principal Investigator</role>
    <affiliation>University of British Columbia</affiliation>
  </overall_official>
  <overall_official>
    <last_name>John Best, PhD</last_name>
    <role>Principal Investigator</role>
    <affiliation>University of British Columbia</affiliation>
  </overall_official>
  <overall_official>
    <last_name>Jennifer Davis, PhD</last_name>
    <role>Principal Investigator</role>
    <affiliation>University of British Columbia</affiliation>
  </overall_official>
  <overall_official>
    <last_name>Charlie Goldsmith, PhD</last_name>
    <role>Principal Investigator</role>
    <affiliation>Simon Fraser University</affiliation>
  </overall_official>
  <overall_official>
    <last_name>Ging-Yuek Robin Hsiung, MD, PhD</last_name>
    <role>Principal Investigator</role>
    <affiliation>University of British Columbia</affiliation>
  </overall_official>
  <overall_official>
    <last_name>Roger Tam, PhD</last_name>
    <role>Principal Investigator</role>
    <affiliation>University of British Columbia</affiliation>
  </overall_official>
  <overall_official>
    <last_name>Thalia Field, MD</last_name>
    <role>Principal Investigator</role>
    <affiliation>University of British Columbia</affiliation>
  </overall_official>
  <overall_official>
    <last_name>Kenneth Madden, MD</last_name>
    <role>Principal Investigator</role>
    <affiliation>University of British Columbia</affiliation>
  </overall_official>
  <location>
    <facility>
      <name>University of British Columbia</name>
      <address>
        <city>Vancouver</city>
        <state>British Columbia</state>
        <zip>V5Z 1M9</zip>
        <country>Canada</country>
      </address>
    </facility>
    <status>Recruiting</status>
    <contact>
      <last_name>Teresa Liu-Ambrose, MHK</last_name>
      <phone>604-875-4111</phone>
      <phone_ext>69059</phone_ext>
      <email>teresa.ambrose@ubc.ca</email>
    </contact>
  </location>
  <location_countries>
    <country>Canada</country>
  </location_countries>
  <verification_date>February 2021</verification_date>
  <study_first_submitted>January 14, 2016</study_first_submitted>
  <study_first_submitted_qc>January 27, 2016</study_first_submitted_qc>
  <study_first_posted type="Estimate">February 1, 2016</study_first_posted>
  <last_update_submitted>February 17, 2021</last_update_submitted>
  <last_update_submitted_qc>February 17, 2021</last_update_submitted_qc>
  <last_update_posted type="Actual">February 21, 2021</last_update_posted>
  <responsible_party>
    <responsible_party_type>Principal Investigator</responsible_party_type>
    <investigator_affiliation>University of British Columbia</investigator_affiliation>
    <investigator_full_name>Teresa Liu-Ambrose</investigator_full_name>
    <investigator_title>Principal Investigator</investigator_title>
  </responsible_party>
  <condition_browse>
    <!-- CAUTION:  The following MeSH terms are assigned with an imperfect algorithm            -->
    <mesh_term>Ischemic Attack, Transient</mesh_term>
    <mesh_term>Dementia, Vascular</mesh_term>
    <mesh_term>Cognitive Dysfunction</mesh_term>
  </condition_browse>
  <patient_data>
    <sharing_ipd>No</sharing_ipd>
  </patient_data>
  <!-- Results have not yet been posted for this study                                          -->
</clinical_study>

