<?xml version="1.0" encoding="UTF-8"?>
<clinical_study rank="1600">
  <!-- This xml conforms to an XML Schema at:
    https://clinicaltrials.gov/ct2/html/images/info/public.xsd -->
  <required_header>
    <download_date>ClinicalTrials.gov processed this data on April 14, 2021</download_date>
    <link_text>Link to the current ClinicalTrials.gov record.</link_text>
    <url>https://clinicaltrials.gov/show/NCT04256395</url>
  </required_header>
  <id_info>
    <org_study_id>RWS-BTCH-002</org_study_id>
    <nct_id>NCT04256395</nct_id>
  </id_info>
  <brief_title>Efficacy of a Self-test and Self-alert Mobile Applet in Detecting Susceptible Infection of COVID-19</brief_title>
  <acronym>COVID-19</acronym>
  <official_title>Registry Study on the Efficacy of a Self-test and Self-alert Applet in Detecting Susceptible Infection of COVID-19 --a Population Based Mobile Internet Survey</official_title>
  <sponsors>
    <lead_sponsor>
      <agency>Beijing Tsinghua Chang Gung Hospital</agency>
      <agency_class>Other</agency_class>
    </lead_sponsor>
    <collaborator>
      <agency>Institute for precision medicine of Tsinghua University</agency>
      <agency_class>Other</agency_class>
    </collaborator>
    <collaborator>
      <agency>Institute for artificial intelligent of Tsinghua University</agency>
      <agency_class>Other</agency_class>
    </collaborator>
    <collaborator>
      <agency>Chinese Medical Doctor Association</agency>
      <agency_class>Other</agency_class>
    </collaborator>
    <collaborator>
      <agency>Institute for network behavior of Tsinghua University</agency>
      <agency_class>Other</agency_class>
    </collaborator>
    <collaborator>
      <agency>school of clinical medicine of Tsinghua University</agency>
      <agency_class>Other</agency_class>
    </collaborator>
  </sponsors>
  <source>Beijing Tsinghua Chang Gung Hospital</source>
  <oversight_info>
    <has_dmc>No</has_dmc>
    <is_fda_regulated_drug>No</is_fda_regulated_drug>
    <is_fda_regulated_device>No</is_fda_regulated_device>
  </oversight_info>
  <brief_summary>
    <textblock>
      The &quot;COVID-19 infection self-test and alert system&quot; (hereinafter referred to as &quot;COVID-19&#xD;
      self-test applet&quot;) jointly developed by Beijing Tsinghua Changgung Hospital, Institute for&#xD;
      precision medicine, artificial intelligence of Tsinghua University was launched on February&#xD;
      1，2020. Residents , according to their actual healthy situation, after answering questions&#xD;
      online, the system will conduct intelligent analysis, make disease risk assessment and give&#xD;
      healthcare and medical guidance. Based on the Internet population survey, and referring to&#xD;
      the diagnosis and screening standards of the National Health Commission of the People's&#xD;
      Republic of China, investigators carried out the mobile applet of Internet survey and&#xD;
      registry study for the Internet accessible identifiable population, so as to screen the&#xD;
      suspected population and guide the medical treatment.&#xD;
    </textblock>
  </brief_summary>
  <detailed_description>
    <textblock>
      The &quot;COVID-19 infection self-test and alert system&quot; (hereinafter referred to as &quot;COVID-19&#xD;
      self-test applet&quot;) jointly developed by Beijing Tsinghua Changgung Hospital, Institute for&#xD;
      precision medicine, artificial intelligence of Tsinghua University was launched on February&#xD;
      1，2020. This survey was also advocated by Chinese Medical Doctor Association. Residents , or&#xD;
      even oversea Chinese people，according to their actual healthy situation, after answering&#xD;
      questions online, the system will conduct intelligent analysis, make disease risk assessment&#xD;
      and give healthcare and medical guidance. Based on the Internet population survey, and&#xD;
      referring to the diagnosis and screening standards of the National Health Commission of the&#xD;
      People's Republic of China, investigators carried out the mobile applet of Internet survey&#xD;
      and registry study for the Internet accessible identifiable population, so as to screen the&#xD;
      suspected population and guide the medical treatment.&#xD;
    </textblock>
  </detailed_description>
  <overall_status>Completed</overall_status>
  <start_date type="Actual">February 1, 2020</start_date>
  <completion_date type="Actual">July 1, 2020</completion_date>
  <primary_completion_date type="Actual">July 1, 2020</primary_completion_date>
  <study_type>Observational</study_type>
  <has_expanded_access>No</has_expanded_access>
  <study_design_info>
    <observational_model>Other</observational_model>
    <time_perspective>Prospective</time_perspective>
  </study_design_info>
  <primary_outcome>
    <measure>positive number diagnosed by national guideline in the evaluated population</measure>
    <time_frame>5 months</time_frame>
    <description>after the end of this study, investigators calculate and sum up the total evaluated population and positively diagnosed population, then check the ROC of this system, finally to calculate the sensitivity and accuracy of this self-test and self-alert system</description>
  </primary_outcome>
  <secondary_outcome>
    <measure>distribution map of evaluated people</measure>
    <time_frame>5 month</time_frame>
    <description>after the end of this study, investigators calculate the proportion and distribution of evaluated people with normal and abnormal scores</description>
  </secondary_outcome>
  <secondary_outcome>
    <measure>Effect of medical guidance by designated feedback questionnaire</measure>
    <time_frame>5 month</time_frame>
    <description>after the end of this study, investigators sent the feedback inform to every evaluated people and collect and analysis the response to find out whether this applet can help them in the following surveillance or medical treatment. And how it works.</description>
  </secondary_outcome>
  <secondary_outcome>
    <measure>mental scale of relief the mental anxiety and avoid unnecessary outpatient</measure>
    <time_frame>5 month</time_frame>
    <description>after the end of this study, investigators sent the designated mental scale including anxiety, and collect the response and draw the conclusion.</description>
  </secondary_outcome>
  <enrollment type="Actual">102456</enrollment>
  <condition>Susceptibility to Viral and Mycobacterial Infection</condition>
  <intervention>
    <intervention_type>Other</intervention_type>
    <intervention_name>mobile internet survey on self-test</intervention_name>
    <description>1. make a questionnaire, the content of which refers to the new coronavirus diagnosis and treatment guidelines released by the National Health Commission; 2. develop the mobile applet and carry out internet propagation; 3. background data could be identified according to computer technology, de duplication and de privacy; 4. once registered, the applet can automatically remind the self-test twice a day, and encourage to adhere to 14 days; 5. automatically compare with the standards and highly suspected population could be given medical guidance and encouraged to go to the fever clinic of the designated hospital for definite diagnosis.</description>
  </intervention>
  <eligibility>
    <study_pop>
      <textblock>
        Most people including healthy or susceptible patients or diagnosed patients will be&#xD;
        enrolled. People whoever worry about his heath status relating with infection of COVID-19&#xD;
        at present can register and answer the question and get a score for risk evaluation. If a&#xD;
        high risk achieved, the applet will guide the interviewer for further medical diagnosis and&#xD;
        treatment.&#xD;
      </textblock>
    </study_pop>
    <sampling_method>Non-Probability Sample</sampling_method>
    <criteria>
      <textblock>
        Inclusion Criteria:&#xD;
&#xD;
          -  people who lived in or out of China at present and threatened by the infection and&#xD;
             spread of COVID-19&#xD;
&#xD;
               -  without gender and age restriction&#xD;
&#xD;
               -  people who have concerns of his health&#xD;
&#xD;
               -  voluntary completion of the self-test and evaluation.&#xD;
&#xD;
        Exclusion Criteria:&#xD;
&#xD;
          -  people who are not internet accessible or can not use this Mobile Applet.&#xD;
&#xD;
          -  people who can not recognize the questionnaire.&#xD;
      </textblock>
    </criteria>
    <gender>All</gender>
    <minimum_age>N/A</minimum_age>
    <maximum_age>N/A</maximum_age>
  </eligibility>
  <overall_official>
    <last_name>Jiahong Dong, M.D</last_name>
    <role>Principal Investigator</role>
    <affiliation>Beijing Tsinghua Changgung Hospital</affiliation>
  </overall_official>
  <location>
    <facility>
      <name>Beijing Tsinghua Changgung Hospital</name>
      <address>
        <city>Beijing</city>
        <state>Beijing</state>
        <zip>102218</zip>
        <country>China</country>
      </address>
    </facility>
  </location>
  <location_countries>
    <country>China</country>
  </location_countries>
  <link>
    <url>http://2019-ncov.tsing-care.com/mental-p</url>
    <description>Chinese Psychological Questionnaire</description>
  </link>
  <link>
    <url>http://covid-19-en.tsing-care.com</url>
    <description>self-test system</description>
  </link>
  <verification_date>July 2020</verification_date>
  <study_first_submitted>February 1, 2020</study_first_submitted>
  <study_first_submitted_qc>February 3, 2020</study_first_submitted_qc>
  <study_first_posted type="Actual">February 5, 2020</study_first_posted>
  <last_update_submitted>July 5, 2020</last_update_submitted>
  <last_update_submitted_qc>July 5, 2020</last_update_submitted_qc>
  <last_update_posted type="Actual">July 7, 2020</last_update_posted>
  <responsible_party>
    <responsible_party_type>Sponsor</responsible_party_type>
  </responsible_party>
  <keyword>registry study</keyword>
  <keyword>novel coronavirus（COVID-19）</keyword>
  <keyword>mobile internet survey</keyword>
  <condition_browse>
    <!-- CAUTION:  The following MeSH terms are assigned with an imperfect algorithm            -->
    <mesh_term>Infection</mesh_term>
    <mesh_term>Communicable Diseases</mesh_term>
    <mesh_term>Mycobacterium Infections</mesh_term>
    <mesh_term>Disease Susceptibility</mesh_term>
  </condition_browse>
  <patient_data>
    <sharing_ipd>No</sharing_ipd>
  </patient_data>
  <!-- Results have not yet been posted for this study                                          -->
</clinical_study>

