<?xml version="1.0" encoding="UTF-8"?>
<clinical_study rank="5280">
  <!-- This xml conforms to an XML Schema at:
    https://clinicaltrials.gov/ct2/html/images/info/public.xsd -->
  <required_header>
    <download_date>ClinicalTrials.gov processed this data on April 14, 2021</download_date>
    <link_text>Link to the current ClinicalTrials.gov record.</link_text>
    <url>https://clinicaltrials.gov/show/NCT04333875</url>
  </required_header>
  <id_info>
    <org_study_id>2020-00672</org_study_id>
    <nct_id>NCT04333875</nct_id>
  </id_info>
  <brief_title>Morbidity and Mortality Due to Deferral of Aortic Valve Replacement in Patients With Severe Aortic Stenosis</brief_title>
  <acronym>AS DEFER</acronym>
  <official_title>Morbidity and Mortality Due to Deferral of Aortic Valve Replacement in Patients With Severe Aortic Stenosis - a Collateral Effect of the SARS-CoV-2 Pandemic (AS DEFER)</official_title>
  <sponsors>
    <lead_sponsor>
      <agency>University Hospital Inselspital, Berne</agency>
      <agency_class>Other</agency_class>
    </lead_sponsor>
  </sponsors>
  <source>University Hospital Inselspital, Berne</source>
  <oversight_info>
    <has_dmc>No</has_dmc>
    <is_fda_regulated_drug>No</is_fda_regulated_drug>
    <is_fda_regulated_device>No</is_fda_regulated_device>
  </oversight_info>
  <brief_summary>
    <textblock>
      Background and Project Rationale:&#xD;
&#xD;
      Degenerative aortic valve stenosis affects 2% of the elderly population aged 70 years or&#xD;
      older and progresses insidiously with advancing age [1] before manifesting with symptoms such&#xD;
      as decreased exercise tolerance, shortness of breath, chest pain and syncope on exertion.&#xD;
      Without aortic valve replacement, the survival prognosis of patients with symptomatic aortic&#xD;
      stenosis is poor. In the PARTNER 1B trial, all-cause mortality among 179 inoperable patients&#xD;
      with severe symptomatic aortic stenosis allocated to conservative management amounted to 51%&#xD;
      at one year [2]. Consistently, prospective registry data reported a mortality rate of 55% at&#xD;
      1 year in 78 patients with severe aortic stenosis undergoing conservative management [3].&#xD;
&#xD;
      The rapid spread of the SARS-CoV-2 pandemic represents an unprecedented challenge for&#xD;
      healthcare systems. A limited number of ventilators and ICU beds call for a careful&#xD;
      allocation of healthcare resources. On March 20 2020, the Federal Council prohibited elective&#xD;
      interventions in all hospitals in Switzerland. Patients with untreated severe aortic stenosis&#xD;
      are particularly vulnerable to SARS-CoV-2 infection [4] and face the dual risk of cardiac&#xD;
      death from aortic stenosis on one side, and death from acute respiratory distress syndrome&#xD;
      secondary to SARS-CoV-2 infection on the other. While the balance between the two risks is a&#xD;
      matter of clinical judgement, the investigators established an algorithm for the management&#xD;
      of patients with severe aortic stenosis during the SARS-CoV-2 pandemic. Patients with aortic&#xD;
      stenosis deemed critical will undergo valvular replacement in spite of the ongoing pandemic&#xD;
      while patients with severe but not critical aortic stenosis will undergo deferred&#xD;
      intervention once the number of new SARS-CoV-2 infections flattens.&#xD;
&#xD;
      In the current situation, aortic valve replacement in patients with severe, non-critical&#xD;
      aortic stenosis will be deferred in order to give priority to SARS-CoV-2 patients. This&#xD;
      unique situation allows the investigators to study the effect of deferral of aortic valve&#xD;
      replacement in patients with severe aortic stenosis.&#xD;
&#xD;
      The study is an amendment to the Swiss-TAVI registry. In contrast to the Swiss-TAVI registry,&#xD;
      patients are not enrolled at the time of aortic valve replacement, but already at the time of&#xD;
      referral for aortic valve replacement.&#xD;
&#xD;
      Primary Objective:&#xD;
&#xD;
      The aim of the present observational study is to explore the effect of deferral of valvular&#xD;
      replacement in patients with severe but not critical aortic stenosis on morbidity and&#xD;
      mortality. The primary objective is to describe rates of morbidity and mortality among&#xD;
      patients with severe but not critical aortic stenosis in the interval from&#xD;
      referral/indication for valvular replacement to intervention.&#xD;
&#xD;
      Project Design:&#xD;
&#xD;
      The study is a prospective cohort study of patients with severe aortic stenosis referred for&#xD;
      aortic valve replacement. All referrals for aortic valve replacement will be allocated to&#xD;
      either &quot;transcatheter aortic valve replacement (TAVR)/ surgical aortic valve replacement&#xD;
      (SAVR) (standard of care)&quot; or &quot;deferred intervention&quot; based on prespecified criteria.&#xD;
      Patients with critical aortic stenosis as defined by an aortic valve area (AVA) &lt;0.6 cm2 or a&#xD;
      transvalvular mean gradient of &gt;60 mmHg or a history of cardiac decompensation during the&#xD;
      previous 3 months or clinical symptoms on minimal exertion (NYHA III) will be allocated to&#xD;
      TAVR or SAVR. All other patients with severe aortic stenosis defined by an AVA &lt;1.0 cm2 will&#xD;
      be scheduled for a deferred intervention.&#xD;
    </textblock>
  </brief_summary>
  <overall_status>Active, not recruiting</overall_status>
  <start_date type="Actual">March 20, 2020</start_date>
  <completion_date type="Anticipated">December 2020</completion_date>
  <primary_completion_date type="Anticipated">December 2020</primary_completion_date>
  <study_type>Observational [Patient Registry]</study_type>
  <has_expanded_access>No</has_expanded_access>
  <study_design_info>
    <observational_model>Cohort</observational_model>
    <time_perspective>Prospective</time_perspective>
  </study_design_info>
  <target_duration>6 Months</target_duration>
  <primary_outcome>
    <measure>Composite of all-cause mortality, disabling and non-disabling stroke, and hospitalization for heart failure</measure>
    <time_frame>Assessed at 6 months after indication/referral for aortic valve replacement.</time_frame>
  </primary_outcome>
  <number_of_groups>2</number_of_groups>
  <enrollment type="Actual">71</enrollment>
  <condition>Aortic Valve Stenosis</condition>
  <arm_group>
    <arm_group_label>TAVR/SAVR</arm_group_label>
    <description>Patients with critical aortic stenosis as defined by an AVA &lt;0.6 cm2 or a transvalvular mean gradient of &gt;60 mmHg or a history of cardiac decompensation during the previous 3 months or clinical symptoms on minimal exertion (NYHA III) will be allocated to transcatheter aortic valve replacement or surgical aortic valve replacement.</description>
  </arm_group>
  <arm_group>
    <arm_group_label>Deferred Intervention</arm_group_label>
    <description>Patients with severe but not critical aortic Stenosis will undergo deferred intervention.</description>
  </arm_group>
  <intervention>
    <intervention_type>Device</intervention_type>
    <intervention_name>TAVR or SAVR</intervention_name>
    <description>Patients with critical aortic stenosis as defined by an AVA &lt;0.6 cm2 or a transvalvular mean gradient of &gt;60 mmHg or a history of cardiac decompensation during the previous 3 months or clinical symptoms on minimal exertion (NYHA III) will be allocated to TAVR or SAVR.</description>
    <arm_group_label>TAVR/SAVR</arm_group_label>
  </intervention>
  <eligibility>
    <study_pop>
      <textblock>
        The project population comprises all consecutive patients with severe aortic stenosis&#xD;
        referred for aortic valve replacement (TAVR or SAVR) since March 20 2020 until the end of&#xD;
        the prohibition of elective interventions in Switzerland.&#xD;
      </textblock>
    </study_pop>
    <sampling_method>Non-Probability Sample</sampling_method>
    <criteria>
      <textblock>
        Inclusion Criteria:&#xD;
&#xD;
          -  Age ≥ 18 years&#xD;
&#xD;
          -  Patients with severe AS defined by an AVA &lt;1cm2 or AVA indexed to BSA of &lt;0.6 cm2/m2,&#xD;
             including low-flow severe aortic stenosis defined by SVI &lt;35ml/m2.&#xD;
&#xD;
        Exclusion Criteria:&#xD;
&#xD;
          -  Life expectancy &lt;1 year irrespective of severe AS.&#xD;
&#xD;
          -  Severe dementia defined as MMS-Test &lt;16 points.&#xD;
      </textblock>
    </criteria>
    <gender>All</gender>
    <minimum_age>18 Years</minimum_age>
    <maximum_age>N/A</maximum_age>
    <healthy_volunteers>No</healthy_volunteers>
  </eligibility>
  <overall_official>
    <last_name>Thomas Pilgrim, MD</last_name>
    <role>Principal Investigator</role>
    <affiliation>University of Bern, Switzerland</affiliation>
  </overall_official>
  <location>
    <facility>
      <name>Department of Cardiology, Bern University Hospital</name>
      <address>
        <city>Bern</city>
        <zip>3010</zip>
        <country>Switzerland</country>
      </address>
    </facility>
  </location>
  <location_countries>
    <country>Switzerland</country>
  </location_countries>
  <results_reference>
    <citation>Yadgir S, Johnson CO, Aboyans V, Adebayo OM, Adedoyin RA, Afarideh M, Alahdab F, Alashi A, Alipour V, Arabloo J, Azari S, Barthelemy CM, Benziger CP, Berman AE, Bijani A, Carrero JJ, Carvalho F, Daryani A, Durães AR, Esteghamati A, Farid TA, Farzadfar F, Fernandes E, Filip I, Gad MM, Hamidi S, Hay SI, Ilesanmi OS, Naghibi Irvani SS, Jürisson M, Kasaeian A, Kengne AP, Khan AR, Kisa A, Kisa S, Kolte D, Manafi N, Manafi A, Mensah GA, Mirrakhimov EM, Mohammad Y, Mokdad AH, Negoi RI, Thi Nguyen HL, Nguyen TH, Nixon MR, Otto CM, Patel S, Pilgrim T, Radfar A, Rawaf DL, Rawaf S, Rawasia WF, Rezapour A, Roever L, Saad AM, Saadatagah S, Senthilkumaran S, Sliwa K, Tesfay BE, Tran BX, Ullah I, Vaduganathan M, Vasankari TJ, Wolfe CDA, Yonemoto N, Roth GA; Global Burden of Disease Study 2017 Nonrheumatic Valve Disease Collaborators. Global, Regional, and National Burden of Calcific Aortic Valve and Degenerative Mitral Valve Diseases, 1990-2017. Circulation. 2020 May 26;141(21):1670-1680. doi: 10.1161/CIRCULATIONAHA.119.043391. Epub 2020 Mar 29. Erratum in: Circulation. 2020 May 26;141(21):e836.</citation>
    <PMID>32223336</PMID>
  </results_reference>
  <results_reference>
    <citation>Leon MB, Smith CR, Mack M, Miller DC, Moses JW, Svensson LG, Tuzcu EM, Webb JG, Fontana GP, Makkar RR, Brown DL, Block PC, Guyton RA, Pichard AD, Bavaria JE, Herrmann HC, Douglas PS, Petersen JL, Akin JJ, Anderson WN, Wang D, Pocock S; PARTNER Trial Investigators. Transcatheter aortic-valve implantation for aortic stenosis in patients who cannot undergo surgery. N Engl J Med. 2010 Oct 21;363(17):1597-607. doi: 10.1056/NEJMoa1008232. Epub 2010 Sep 22.</citation>
    <PMID>20961243</PMID>
  </results_reference>
  <results_reference>
    <citation>Wenaweser P, Pilgrim T, Kadner A, Huber C, Stortecky S, Buellesfeld L, Khattab AA, Meuli F, Roth N, Eberle B, Erdös G, Brinks H, Kalesan B, Meier B, Jüni P, Carrel T, Windecker S. Clinical outcomes of patients with severe aortic stenosis at increased surgical risk according to treatment modality. J Am Coll Cardiol. 2011 Nov 15;58(21):2151-62. doi: 10.1016/j.jacc.2011.05.063.</citation>
    <PMID>22078420</PMID>
  </results_reference>
  <results_reference>
    <citation>Zhou F, Yu T, Du R, Fan G, Liu Y, Liu Z, Xiang J, Wang Y, Song B, Gu X, Guan L, Wei Y, Li H, Wu X, Xu J, Tu S, Zhang Y, Chen H, Cao B. Clinical course and risk factors for mortality of adult inpatients with COVID-19 in Wuhan, China: a retrospective cohort study. Lancet. 2020 Mar 28;395(10229):1054-1062. doi: 10.1016/S0140-6736(20)30566-3. Epub 2020 Mar 11. Erratum in: Lancet. 2020 Mar 28;395(10229):1038. Lancet. 2020 Mar 28;395(10229):1038.</citation>
    <PMID>32171076</PMID>
  </results_reference>
  <verification_date>May 2020</verification_date>
  <study_first_submitted>April 1, 2020</study_first_submitted>
  <study_first_submitted_qc>April 1, 2020</study_first_submitted_qc>
  <study_first_posted type="Actual">April 3, 2020</study_first_posted>
  <last_update_submitted>May 1, 2020</last_update_submitted>
  <last_update_submitted_qc>May 1, 2020</last_update_submitted_qc>
  <last_update_posted type="Actual">May 4, 2020</last_update_posted>
  <responsible_party>
    <responsible_party_type>Sponsor</responsible_party_type>
  </responsible_party>
  <condition_browse>
    <!-- CAUTION:  The following MeSH terms are assigned with an imperfect algorithm            -->
    <mesh_term>Aortic Valve Stenosis</mesh_term>
    <mesh_term>Constriction, Pathologic</mesh_term>
  </condition_browse>
  <patient_data>
    <sharing_ipd>Undecided</sharing_ipd>
  </patient_data>
  <!-- Results have not yet been posted for this study                                          -->
</clinical_study>

