<?xml version="1.0" encoding="UTF-8"?>
<clinical_study rank="3877">
  <!-- This xml conforms to an XML Schema at:
    https://clinicaltrials.gov/ct2/html/images/info/public.xsd -->
  <required_header>
    <download_date>ClinicalTrials.gov processed this data on April 14, 2021</download_date>
    <link_text>Link to the current ClinicalTrials.gov record.</link_text>
    <url>https://clinicaltrials.gov/show/NCT04332913</url>
  </required_header>
  <id_info>
    <org_study_id>0064468/20</org_study_id>
    <nct_id>NCT04332913</nct_id>
  </id_info>
  <brief_title>Efficacy and Safety of Tocilizumab in the Treatment of SARS-Cov-2 Related Pneumonia</brief_title>
  <acronym>TOSCA</acronym>
  <official_title>Efficacy and Safety of Tocilizumab in the Treatment of Patients With Respiratory Distress Syndrome and Cytokine Release Syndrome Secondary to COVID-19: a Proof of Concept Study</official_title>
  <sponsors>
    <lead_sponsor>
      <agency>University of L'Aquila</agency>
      <agency_class>Other</agency_class>
    </lead_sponsor>
  </sponsors>
  <source>University of L'Aquila</source>
  <brief_summary>
    <textblock>
      The current spread of the COrona VIrus Disease-2019 (COVID-19) epidemic in Italy, and the&#xD;
      current lack of effective and approved drugs for its treatment, poses the problem of Severe&#xD;
      acute respiratory syndrome coronavirus-2 (SARS-CoV-2) infected patients management,&#xD;
      especially those who underwent to experience COVID-19 complications, such as CRS. This unmet&#xD;
      need becomes more severe if the investigator consider that, the COVID-19 mortality stands&#xD;
      around 2% in the general population, but it rises to 49% when considering intensive care unit&#xD;
      (ICU) patients. To increase the chances of survival of these patients, the compassionate use&#xD;
      of the available drugs is required, based on literature data, to the best of our abilities.&#xD;
      ICU patients with cytokine release syndrome (CRS) secondary to COVID-19, show increased&#xD;
      production of pro-inflammatory cytokines, including interleukin (IL-6), IL-2, IL-7, IL-10,&#xD;
      tumor necrosis factor (TNF)-α and interferon (INF)γ, similar to that found in patients who&#xD;
      develop CRS secondary to Chimeric Antigen Receptor-T (CAR-T) therapy. Although&#xD;
      immuno-modulatory therapy is not routinely recommended in COVID-19 pneumonia, tocilizumab&#xD;
      might have a rationale in those patients who develop CRS, blocking the complications caused&#xD;
      by high levels of IL-6, and possibly preventing the development of a multi-organ failure.&#xD;
      Reassuring data in this sense, come from the first studies conducted in China. In a Chinese&#xD;
      pilot study, Xiaoling Xu and collaborators used tocilizumab (at a dosage of 400 mg iv in a&#xD;
      single dose, with a possible second dose in case of no clinical response) in patients with&#xD;
      COVID-19 in the presence of one of the following criteria: i) respiratory rate ≥ 30 acts/min;&#xD;
      ii) SpO2 ≤ 93% in ambient air; iii) PaO2/FiO2 ≤ 300 mmHg. In the 21 patients treated with&#xD;
      tocilizumab a significant reduction in IL-6 levels and fever, with improvement in lung&#xD;
      function, was demonstrated. Besides, 90% of treated patients showed an improvement in the&#xD;
      radiological picture, in terms of a decrease in the frosted glass areas, and a return to&#xD;
      normal lymphocytes count in the peripheral blood. This is a prospective observational&#xD;
      clinical study and it is aimed at verifying tocilizumab efficacy and safety in patients with&#xD;
      COVID-19 complicated by acute distress respiratory syndrome (ARDS) and CRS.&#xD;
    </textblock>
  </brief_summary>
  <overall_status>Recruiting</overall_status>
  <start_date type="Anticipated">April 1, 2020</start_date>
  <completion_date type="Anticipated">March 31, 2021</completion_date>
  <primary_completion_date type="Anticipated">December 31, 2020</primary_completion_date>
  <study_type>Observational</study_type>
  <has_expanded_access>No</has_expanded_access>
  <study_design_info>
    <observational_model>Cohort</observational_model>
    <time_perspective>Prospective</time_perspective>
  </study_design_info>
  <primary_outcome>
    <measure>Percentage of patients with complete recovery defined as fever disappearance and return to normal peripheral oxygen saturation values (SpO2) after 14 days from the end of treatment with tocilizumab.</measure>
    <time_frame>14 days</time_frame>
    <description>Fever normalization criteria: Temperature &lt;36.6 ° C for at least 72 hours; SpO2 normalization criterion: SpO2&gt; 94% for at least 72 hours</description>
  </primary_outcome>
  <secondary_outcome>
    <measure>Percentage of patients achieving a score &lt;3 on the Brescia-COVID respiratory severity scale (BCRSS) after the last tocilizumab administration.</measure>
    <time_frame>24 hours</time_frame>
  </secondary_outcome>
  <secondary_outcome>
    <measure>Percentage of patients with partial recovery defined as the disappearance of fever 14 days after the end of treatment with tocilizumab.</measure>
    <time_frame>14 days</time_frame>
    <description>Fever normalization criteria: Temperature &lt;36.6 ° C for at least 72 hours</description>
  </secondary_outcome>
  <secondary_outcome>
    <measure>Duration of hospitalization</measure>
    <time_frame>14 days</time_frame>
    <description>days</description>
  </secondary_outcome>
  <secondary_outcome>
    <measure>Time to the first negative SARS-CoV-2 negative RT-PCR test</measure>
    <time_frame>14 days</time_frame>
    <description>days</description>
  </secondary_outcome>
  <secondary_outcome>
    <measure>Changes from the baseline in the white blood cell count</measure>
    <time_frame>7, 14 days</time_frame>
    <description>number/microliter</description>
  </secondary_outcome>
  <secondary_outcome>
    <measure>Changes from the baseline in the lymphocyte populations (cluster of differentiation (CD)3+CD4+, CD3+CD8+, CD19+, Th17)</measure>
    <time_frame>7, 14 days</time_frame>
    <description>number/microliter</description>
  </secondary_outcome>
  <secondary_outcome>
    <measure>Changes from the baseline of c-reactive protein (CRP) values</measure>
    <time_frame>7, 14 days</time_frame>
  </secondary_outcome>
  <secondary_outcome>
    <measure>Changes from the baseline of Ferritin values</measure>
    <time_frame>7, 14 days</time_frame>
  </secondary_outcome>
  <secondary_outcome>
    <measure>Changes from the baseline of BNP values</measure>
    <time_frame>7,14 days</time_frame>
  </secondary_outcome>
  <secondary_outcome>
    <measure>Changes from the baseline of CK-MB values</measure>
    <time_frame>7,14 days</time_frame>
  </secondary_outcome>
  <secondary_outcome>
    <measure>Changes from the baseline of Troponin values</measure>
    <time_frame>7,14 days</time_frame>
  </secondary_outcome>
  <secondary_outcome>
    <measure>Changes from the baseline of LDH values</measure>
    <time_frame>7,14 days</time_frame>
  </secondary_outcome>
  <secondary_outcome>
    <measure>Changes from the baseline of myoglobulin values</measure>
    <time_frame>7,14 days</time_frame>
  </secondary_outcome>
  <secondary_outcome>
    <measure>Changes in myocardial ischemia signs at the electrocardiographic trace (YES or NO)</measure>
    <time_frame>7,14 days</time_frame>
    <description>(ST segments elevation or depression, T-wave changes)</description>
  </secondary_outcome>
  <secondary_outcome>
    <measure>Rate of adverse events report during and after tocilizumab</measure>
    <time_frame>14 days</time_frame>
  </secondary_outcome>
  <secondary_outcome>
    <measure>Mortality (number of Partecipants, cause and timing)</measure>
    <time_frame>12 weeks</time_frame>
  </secondary_outcome>
  <secondary_outcome>
    <measure>Percentage of patients who develop autoimmune diseases</measure>
    <time_frame>1 year</time_frame>
  </secondary_outcome>
  <enrollment type="Anticipated">30</enrollment>
  <condition>COVID-19 Pneumonia</condition>
  <eligibility>
    <study_pop>
      <textblock>
        COVID-19 patients with pneumonia requiring hospitalization&#xD;
      </textblock>
    </study_pop>
    <sampling_method>Probability Sample</sampling_method>
    <criteria>
      <textblock>
        Inclusion Criteria:&#xD;
&#xD;
          -  All gender patients aged ≥ 18 years;&#xD;
&#xD;
          -  Patients with SARS-CoV-2 infection confirmed by tests (RT-PCR) and pulmonary&#xD;
             involvement, hospitalized, at the end of the initial phase of high viral load of&#xD;
             COVID-19 (apyretic&gt; 72 hours and / or at least 7 days after onset of symptoms);&#xD;
&#xD;
          -  Worsening of respiratory exchanges such as to require non-invasive or invasive&#xD;
             ventilation support (BCRSS score ≥ 3).&#xD;
&#xD;
          -  High levels of IL-6 (&gt; 40 pg/mL) or alternatively CRP and/or ferritin and/or D-dimer&#xD;
             and/or fibrinogen values higher than the reference values or rapidly increasing;&#xD;
&#xD;
          -  Signature of informed consent.&#xD;
&#xD;
        Exclusion Criteria:&#xD;
&#xD;
          -  Alanine aminotransferase and/or Aspartate aminotransferase (ALT / AST) &gt; 5 times&#xD;
             compared to normal laboratory values.&#xD;
&#xD;
          -  Presence of a chronic renal failure ≥ 4 stage (glomerular filtrate values &lt;30&#xD;
             ml/min/1.73 m2).&#xD;
&#xD;
          -  Presence of neutropenia (neutrophils count &lt; 500 / mm3).&#xD;
&#xD;
          -  Platelet count less than 50 x 103/μL.&#xD;
&#xD;
          -  Documented sepsis from other pathogens other than SARS-CoV-2.&#xD;
&#xD;
          -  Presence of co-morbidities associated, in clinical judgment, with an unfavourable&#xD;
             outcome.&#xD;
&#xD;
          -  Complicated diverticulitis and / or intestinal perforation.&#xD;
&#xD;
          -  Skin infection in progress (e.g. dermohypodermitis not controlled by antibiotic&#xD;
             therapy).&#xD;
&#xD;
          -  Immuno-suppressive anti-rejection therapy.&#xD;
&#xD;
          -  Pregnancy or woman of childbearing age who does not use contraceptive and/or&#xD;
             breastfeeding measures.&#xD;
&#xD;
          -  Previous ischemic attack or myocardial infarction.&#xD;
&#xD;
          -  NYHA class III or IV heart failure.&#xD;
&#xD;
          -  Severe depressive syndrome or other psychiatric disease which, in the opinion of the&#xD;
             doctor, can preclude patient participation in the study.&#xD;
&#xD;
          -  Presence of known malignant neoplasms.&#xD;
&#xD;
          -  Clinically significant history of alcohol abuse or drug addiction which, in the&#xD;
             opinion of the doctor, may preclude the subject's participation in the study.&#xD;
&#xD;
          -  Any condition which, in the opinion of the doctor, precludes the possibility of using&#xD;
             the study drug provided for in the RCP.&#xD;
&#xD;
          -  Any other laboratory condition or parameter that, in the doctor's judgment, precludes&#xD;
             the subject's participation in the study.&#xD;
      </textblock>
    </criteria>
    <gender>All</gender>
    <minimum_age>18 Years</minimum_age>
    <maximum_age>N/A</maximum_age>
  </eligibility>
  <overall_contact>
    <last_name>Roberto Giacomelli, MD, PhD</last_name>
    <phone>0039 0862 434742</phone>
    <email>roberto.giacomelli@univaq.it</email>
  </overall_contact>
  <location>
    <facility>
      <name>Ospedale San Salvatore</name>
      <address>
        <city>L'Aquila</city>
        <zip>67100</zip>
        <country>Italy</country>
      </address>
    </facility>
    <status>Recruiting</status>
    <contact>
      <last_name>Roberto Giacomelli, MD</last_name>
      <phone>0862434742</phone>
      <email>roberto.giacomelli@univaq.it</email>
    </contact>
  </location>
  <location_countries>
    <country>Italy</country>
  </location_countries>
  <reference>
    <citation>Chen N, Zhou M, Dong X, Qu J, Gong F, Han Y, Qiu Y, Wang J, Liu Y, Wei Y, Xia J, Yu T, Zhang X, Zhang L. Epidemiological and clinical characteristics of 99 cases of 2019 novel coronavirus pneumonia in Wuhan, China: a descriptive study. Lancet. 2020 Feb 15;395(10223):507-513. doi: 10.1016/S0140-6736(20)30211-7. Epub 2020 Jan 30.</citation>
    <PMID>32007143</PMID>
  </reference>
  <reference>
    <citation>Hays P, Costello C, Asudani D. Clinical care of chimeric antigen receptor T-cell patients and managing immune-related adverse effects in the ambulatory and hospitalized setting: a review. Future Oncol. 2019 Dec;15(36):4235-4246. doi: 10.2217/fon-2019-0467. Epub 2019 Nov 27. Review.</citation>
    <PMID>31773980</PMID>
  </reference>
  <reference>
    <citation>Huang C, Wang Y, Li X, Ren L, Zhao J, Hu Y, Zhang L, Fan G, Xu J, Gu X, Cheng Z, Yu T, Xia J, Wei Y, Wu W, Xie X, Yin W, Li H, Liu M, Xiao Y, Gao H, Guo L, Xie J, Wang G, Jiang R, Gao Z, Jin Q, Wang J, Cao B. Clinical features of patients infected with 2019 novel coronavirus in Wuhan, China. Lancet. 2020 Feb 15;395(10223):497-506. doi: 10.1016/S0140-6736(20)30183-5. Epub 2020 Jan 24. Erratum in: Lancet. 2020 Jan 30;:.</citation>
    <PMID>31986264</PMID>
  </reference>
  <reference>
    <citation>Hunter CA, Jones SA. IL-6 as a keystone cytokine in health and disease. Nat Immunol. 2015 May;16(5):448-57. doi: 10.1038/ni.3153. Review. Erratum in: Nat Immunol. 2017 Oct 18;18(11):1271.</citation>
    <PMID>25898198</PMID>
  </reference>
  <reference>
    <citation>Le RQ, Li L, Yuan W, Shord SS, Nie L, Habtemariam BA, Przepiorka D, Farrell AT, Pazdur R. FDA Approval Summary: Tocilizumab for Treatment of Chimeric Antigen Receptor T Cell-Induced Severe or Life-Threatening Cytokine Release Syndrome. Oncologist. 2018 Aug;23(8):943-947. doi: 10.1634/theoncologist.2018-0028. Epub 2018 Apr 5.</citation>
    <PMID>29622697</PMID>
  </reference>
  <reference>
    <citation>Pathan N, Hemingway CA, Alizadeh AA, Stephens AC, Boldrick JC, Oragui EE, McCabe C, Welch SB, Whitney A, O'Gara P, Nadel S, Relman DA, Harding SE, Levin M. Role of interleukin 6 in myocardial dysfunction of meningococcal septic shock. Lancet. 2004 Jan 17;363(9404):203-9.</citation>
    <PMID>14738793</PMID>
  </reference>
  <reference>
    <citation>Ruan Q, Yang K, Wang W, Jiang L, Song J. Clinical predictors of mortality due to COVID-19 based on an analysis of data of 150 patients from Wuhan, China. Intensive Care Med. 2020 May;46(5):846-848. doi: 10.1007/s00134-020-05991-x. Epub 2020 Mar 3. Erratum in: Intensive Care Med. 2020 Apr 6;:.</citation>
    <PMID>32125452</PMID>
  </reference>
  <reference>
    <citation>Salehi S, Abedi A, Balakrishnan S, Gholamrezanezhad A. Coronavirus Disease 2019 (COVID-19): A Systematic Review of Imaging Findings in 919 Patients. AJR Am J Roentgenol. 2020 Jul;215(1):87-93. doi: 10.2214/AJR.20.23034. Epub 2020 Mar 14.</citation>
    <PMID>32174129</PMID>
  </reference>
  <reference>
    <citation>Shimabukuro-Vornhagen A, Gödel P, Subklewe M, Stemmler HJ, Schlößer HA, Schlaak M, Kochanek M, Böll B, von Bergwelt-Baildon MS. Cytokine release syndrome. J Immunother Cancer. 2018 Jun 15;6(1):56. doi: 10.1186/s40425-018-0343-9. Review.</citation>
    <PMID>29907163</PMID>
  </reference>
  <reference>
    <citation>Yang X, Yu Y, Xu J, Shu H, Xia J, Liu H, Wu Y, Zhang L, Yu Z, Fang M, Yu T, Wang Y, Pan S, Zou X, Yuan S, Shang Y. Clinical course and outcomes of critically ill patients with SARS-CoV-2 pneumonia in Wuhan, China: a single-centered, retrospective, observational study. Lancet Respir Med. 2020 May;8(5):475-481. doi: 10.1016/S2213-2600(20)30079-5. Epub 2020 Feb 24. Erratum in: Lancet Respir Med. 2020 Apr;8(4):e26.</citation>
    <PMID>32105632</PMID>
  </reference>
  <reference>
    <citation>van der Stegen SJ, Davies DM, Wilkie S, Foster J, Sosabowski JK, Burnet J, Whilding LM, Petrovic RM, Ghaem-Maghami S, Mather S, Jeannon JP, Parente-Pereira AC, Maher J. Preclinical in vivo modeling of cytokine release syndrome induced by ErbB-retargeted human T cells: identifying a window of therapeutic opportunity? J Immunol. 2013 Nov 1;191(9):4589-98. doi: 10.4049/jimmunol.1301523. Epub 2013 Sep 23.</citation>
    <PMID>24062490</PMID>
  </reference>
  <reference>
    <citation>Winkler U, Jensen M, Manzke O, Schulz H, Diehl V, Engert A. Cytokine-release syndrome in patients with B-cell chronic lymphocytic leukemia and high lymphocyte counts after treatment with an anti-CD20 monoclonal antibody (rituximab, IDEC-C2B8). Blood. 1999 Oct 1;94(7):2217-24.</citation>
    <PMID>10498591</PMID>
  </reference>
  <reference>
    <citation>Xiaoling Xu, Mingfeng Han, Tiantian Li et al. Effective Treatment of Severe COVID-19 Patients with Tocilizumab. chinaXiv:202003.00026v1</citation>
  </reference>
  <reference>
    <citation>Xu Z, Shi L, Wang Y, Zhang J, Huang L, Zhang C, Liu S, Zhao P, Liu H, Zhu L, Tai Y, Bai C, Gao T, Song J, Xia P, Dong J, Zhao J, Wang FS. Pathological findings of COVID-19 associated with acute respiratory distress syndrome. Lancet Respir Med. 2020 Apr;8(4):420-422. doi: 10.1016/S2213-2600(20)30076-X. Epub 2020 Feb 18. Erratum in: Lancet Respir Med. 2020 Feb 25;:.</citation>
    <PMID>32085846</PMID>
  </reference>
  <results_reference>
    <citation>Gorbalenya AE, Baker SC, Baric RS, et al. Severe acute respiratory syndrome-related coronavirus: The species and its viruses - a statement of the Coronavirus Study Group. BioRxivchinaXiv:202003.00026v172020:2020.02.07.937862.</citation>
  </results_reference>
  <verification_date>April 2020</verification_date>
  <study_first_submitted>March 26, 2020</study_first_submitted>
  <study_first_submitted_qc>April 2, 2020</study_first_submitted_qc>
  <study_first_posted type="Actual">April 3, 2020</study_first_posted>
  <last_update_submitted>April 9, 2020</last_update_submitted>
  <last_update_submitted_qc>April 9, 2020</last_update_submitted_qc>
  <last_update_posted type="Actual">April 13, 2020</last_update_posted>
  <responsible_party>
    <responsible_party_type>Principal Investigator</responsible_party_type>
    <investigator_affiliation>University of L'Aquila</investigator_affiliation>
    <investigator_full_name>Prof. Roberto Giacomelli</investigator_full_name>
    <investigator_title>Full Professor</investigator_title>
  </responsible_party>
  <keyword>Tocilizumab</keyword>
  <condition_browse>
    <!-- CAUTION:  The following MeSH terms are assigned with an imperfect algorithm            -->
    <mesh_term>Pneumonia</mesh_term>
  </condition_browse>
  <patient_data>
    <sharing_ipd>Undecided</sharing_ipd>
  </patient_data>
  <!-- Results have not yet been posted for this study                                          -->
</clinical_study>

