<?xml version="1.0" encoding="UTF-8"?>
<clinical_study rank="5522">
  <!-- This xml conforms to an XML Schema at:
    https://clinicaltrials.gov/ct2/html/images/info/public.xsd -->
  <required_header>
    <download_date>ClinicalTrials.gov processed this data on April 14, 2021</download_date>
    <link_text>Link to the current ClinicalTrials.gov record.</link_text>
    <url>https://clinicaltrials.gov/show/NCT04291638</url>
  </required_header>
  <id_info>
    <org_study_id>20-0010</org_study_id>
    <nct_id>NCT04291638</nct_id>
  </id_info>
  <brief_title>Evaluating an Online Adjunctive Support Following Intensive Services (OASIS) Strategy for Youth With Selective Mutism</brief_title>
  <official_title>Evaluating an Online Adjunctive Support Following Intensive Services (OASIS) Strategy for Youth With Selective Mutism</official_title>
  <sponsors>
    <lead_sponsor>
      <agency>Florida International University</agency>
      <agency_class>Other</agency_class>
    </lead_sponsor>
  </sponsors>
  <source>Florida International University</source>
  <oversight_info>
    <is_fda_regulated_drug>No</is_fda_regulated_drug>
    <is_fda_regulated_device>No</is_fda_regulated_device>
  </oversight_info>
  <brief_summary>
    <textblock>
      This study sought to evaluate an innovative post-acute continuation/transition planning&#xD;
      treatment strategy that leveraged an in-person intensive treatment followed by online,&#xD;
      videoconferencing-based &quot;booster&quot; sessions for youth with selective mutism (SM). Twenty&#xD;
      children between the ages of 4 and 10 and their caregivers were scheduled to participate in&#xD;
      an in-person intensive group behavioral treatment (IGBT) for SM and subsequently randomized&#xD;
      to receive either (a) six, biweekly, hour-long, videoconferencing-delivered booster sessions&#xD;
      or (b) no additional treatment for 12 weeks. Due to COVID-19-related physical distancing&#xD;
      restrictions, the study team was unable to provide in-person services. Thus, the clinical&#xD;
      trial was converted to an open-trial design focused on evaluating remote treatment options&#xD;
      (i.e., remotely delivered caregiver training sessions and/or a remotely delivered IGBT) for&#xD;
      these families. All families retained in the study have or will participate(d) in assessments&#xD;
      at the following time points: Intake (i.e., 4-5 months prior to the remote IGBT); Baseline&#xD;
      (i.e., 1 month prior to the IGBT), Post-IGBT (i.e., 2 weeks following the IGBT), and School&#xD;
      Year Follow Up (i.e., 16 weeks following the IGBT).&#xD;
    </textblock>
  </brief_summary>
  <overall_status>Completed</overall_status>
  <start_date type="Actual">March 6, 2020</start_date>
  <completion_date type="Actual">December 7, 2020</completion_date>
  <primary_completion_date type="Actual">December 7, 2020</primary_completion_date>
  <phase>N/A</phase>
  <study_type>Interventional</study_type>
  <has_expanded_access>No</has_expanded_access>
  <study_design_info>
    <allocation>Non-Randomized</allocation>
    <intervention_model>Parallel Assignment</intervention_model>
    <intervention_model_description>All participating families attend videoconferencing-based group parent training sessions. Families are given the opportunity to opt in to participate in the videoconferencing-based intensive group behavioral treatment program (remote IGBT).</intervention_model_description>
    <primary_purpose>Treatment</primary_purpose>
    <masking>Single (Outcomes Assessor)</masking>
    <masking_description>&quot;Independent evaluators&quot; assigned to assess outcomes at Post-IGBT and School Year Follow-Up time points will be unfamiliar with families' progress during the IGBT, as well as masked to treatment participation (i.e., whether or not families participated in the remote IGBT).</masking_description>
  </study_design_info>
  <primary_outcome>
    <measure>Clinical Global Impressions - Improvement (CGI-I) Scale rating at Post-IGBT</measure>
    <time_frame>Up to 3 weeks after the Intensive Group Behavioral Treatment (IGBT)</time_frame>
    <description>The CGI-I Scale (Guy &amp; Bonato, 1970) is a widely used global improvement measure; improvement is rated on a 7-point scale ranging from 1 (very much improved) to 7 (very much worse). Independent evaluators masked to family participation/progress during the intensive group behavioral treatment (IGBT) will complete the CGI-I rating. &quot;Treatment Response&quot; is defined as an independent evaluator rated CGI-I rating of 1 or 2 (ratings &gt;/= 3 represent &quot;Treatment Nonresponse&quot;).</description>
  </primary_outcome>
  <primary_outcome>
    <measure>Clinical Global Impressions - Improvement (CGI-I) Scale rating at School Year Follow Up</measure>
    <time_frame>16-18 weeks after the Intensive Group Behavioral Treatment (IGBT)</time_frame>
    <description>The CGI-I Scale (Guy &amp; Bonato, 1970) is a widely used global improvement measure; improvement is rated on a 7-point scale ranging from 1 (very much improved) to 7 (very much worse). Independent evaluators masked to family participation/progress during the intensive group behavioral treatment (IGBT) and the post-acute strategy will complete the CGI-I rating. &quot;Treatment Response&quot; is defined as an independent evaluator rated CGI-I rating of 1 or 2 (ratings &gt;/= 3 represent &quot;Treatment Nonresponse&quot;).</description>
  </primary_outcome>
  <secondary_outcome>
    <measure>Change from Baseline in Anxiety Disorders Interview Schedule for Children (ADIS) Clinical Severity Ratings (CSRs) at Post-IGBT</measure>
    <time_frame>Up to 3 weeks after the Intensive Group Behavioral Treatment (IGBT)</time_frame>
    <description>The ADIS (Silverman &amp; Albano, 1996) is a well-supported semi-structured diagnostic interview assessing child mental disorders in accordance with the Diagnostic and Statistical Manual (DSM). Disorders are assigned a clinical severity rating (CSR) along a 9-point scale ranging from 0-8 (CSRs &gt;/= 4 indicate diagnostic criteria were met). Independent evaluators masked to family participation/progress during the caregiver training program and/or intensive group behavioral treatment (IGBT) will administer the ADIS and determine CSRs.</description>
  </secondary_outcome>
  <secondary_outcome>
    <measure>Change from Baseline in Anxiety Disorders Interview Schedule for Children (ADIS) Clinical Severity Ratings (CSRs) at School Year Follow Up</measure>
    <time_frame>16-18 weeks after the Intensive Group Behavioral Treatment (IGBT)</time_frame>
    <description>The ADIS (Silverman &amp; Albano, 1996) is a well-supported semi-structured diagnostic interview assessing child mental disorders in accordance with the Diagnostic and Statistical Manual (DSM). Disorders are assigned a clinical severity rating (CSR) along a 9-point scale ranging from 0-8 (CSRs &gt;/= 4 indicate diagnostic criteria were met). Independent evaluators masked to family participation/progress during the caregiver training program and/or intensive group behavioral treatment (IGBT) and post-acute strategy will administer the ADIS and determine CSRs.</description>
  </secondary_outcome>
  <secondary_outcome>
    <measure>Change from Post-IGBT in Anxiety Disorders Interview Schedule for Children (ADIS) Clinical Severity Ratings (CSRs) at School Year Follow Up</measure>
    <time_frame>16-18 weeks after the Intensive Group Behavioral Treatment (IGBT)</time_frame>
    <description>The ADIS (Silverman &amp; Albano, 1996) is a well-supported semi-structured diagnostic interview assessing child mental disorders in accordance with the Diagnostic and Statistical Manual (DSM). Disorders are assigned a clinical severity rating (CSR) along a 9-point scale ranging from 0-8 (CSRs &gt;/= 4 indicate diagnostic criteria were met). Independent evaluators masked to family participation/progress during the caregiver training program and/or intensive group behavioral treatment (IGBT) will administer the ADIS and determine CSRs.</description>
  </secondary_outcome>
  <secondary_outcome>
    <measure>Change from Baseline in Children's Global Assessment Scale (CGAS) rating at Post-IGBT</measure>
    <time_frame>Up to 3 weeks after the Intensive Group Behavioral Treatment (IGBT)</time_frame>
    <description>The CGAS (Shaffer et al., 1983) is a widely used measure of overall child disturbance, with scores ranging from 0-100. Lower scores indicate greater functional impairment. Independent evaluators masked to family participation/progress during the caregiver training program and/or intensive group behavioral treatment (IGBT) will complete the CGAS rating.</description>
  </secondary_outcome>
  <secondary_outcome>
    <measure>Change from Baseline in Children's Global Assessment Scale (CGAS) rating at School Year Follow Up</measure>
    <time_frame>16-18 weeks after the Intensive Group Behavioral Treatment (IGBT)</time_frame>
    <description>The CGAS (Shaffer et al., 1983) is a widely used measure of overall child disturbance, with scores ranging from 0-100. Lower scores indicate greater functional impairment. Independent evaluators masked to family participation/progress during the caregiver training program and/or intensive group behavioral treatment (IGBT) will complete the CGAS rating.</description>
  </secondary_outcome>
  <secondary_outcome>
    <measure>Change from Post-IGBT in Children's Global Assessment Scale (CGAS) rating at School Year Follow Up</measure>
    <time_frame>16-18 weeks after the Intensive Group Behavioral Treatment (IGBT)</time_frame>
    <description>The CGAS (Shaffer et al., 1983) is a widely used measure of overall child disturbance, with scores ranging from 0-100. Lower scores indicate greater functional impairment. Independent evaluators masked to family participation/progress during the caregiver training program and/or intensive group behavioral treatment (IGBT) will complete the CGAS rating.</description>
  </secondary_outcome>
  <secondary_outcome>
    <measure>Change from Baseline in Selective Mutism Questionnaire (SMQ) scores at Post-IGBT</measure>
    <time_frame>Up to 3 weeks after the Intensive Group Behavioral Treatment (IGBT)</time_frame>
    <description>The SMQ (Bergman et al., 2008) is a well-supported parent-report questionnaire with 23 items assessing child verbal behavior across settings (i.e., home, school, community) and associated impairment. Items are rated from 0 (never) to 3 (always).</description>
  </secondary_outcome>
  <secondary_outcome>
    <measure>Change from Baseline in Selective Mutism Questionnaire (SMQ) scores at School Year Follow Up</measure>
    <time_frame>16-18 weeks after the Intensive Group Behavioral Treatment (IGBT)</time_frame>
    <description>The SMQ (Bergman et al., 2008) is a well-supported parent-report questionnaire with 23 items assessing child verbal behavior across settings (i.e., home, school, community) and associated impairment. Items are rated from 0 (never) to 3 (always).</description>
  </secondary_outcome>
  <secondary_outcome>
    <measure>Change from Post-IGBT in Selective Mutism Questionnaire (SMQ) scores at School Year Follow Up</measure>
    <time_frame>16-18 weeks after the Intensive Group Behavioral Treatment (IGBT)</time_frame>
    <description>The SMQ (Bergman et al., 2008) is a well-supported parent-report questionnaire with 23 items assessing child verbal behavior across settings (i.e., home, school, community) and associated impairment. Items are rated from 0 (never) to 3 (always).</description>
  </secondary_outcome>
  <secondary_outcome>
    <measure>Change from Baseline in School Speech Questionnaire (SSQ) scores at School Year Follow Up</measure>
    <time_frame>16-18 weeks after the Intensive Group Behavioral Treatment (IGBT)</time_frame>
    <description>The SSQ (Bergman et al., 2002) is a teacher-report adapted from the SMQ with 6 items assessing child verbal behavior in school. Items are rated from 0 (never) to 3 (always).</description>
  </secondary_outcome>
  <secondary_outcome>
    <measure>Change from Baseline in Impairment Rating Scale - Parent Version (IRS-P) at School Year Follow Up</measure>
    <time_frame>16-18 weeks after the Intensive Group Behavioral Treatment (IGBT)</time_frame>
    <description>The IRS-P (Fabiano et al., 2006) is a 7-item parent-report measure of child impairment in the home, community, and school settings. Items are rated on a 7-point scale ranging from 0 (no problem) to 6 (extreme problem).</description>
  </secondary_outcome>
  <secondary_outcome>
    <measure>Change from Baseline in Impairment Rating Scale - Teacher Version (IRS-T) at School Year Follow Up</measure>
    <time_frame>16-18 weeks after the Intensive Group Behavioral Treatment (IGBT)</time_frame>
    <description>The IRS-T (Fabiano et al., 2006) is an 8-item teacher-report measure of child impairment in the school setting. Items are rated on a 7-point scale ranging from 0 (no problem) to 6 (extreme problem).</description>
  </secondary_outcome>
  <number_of_arms>2</number_of_arms>
  <enrollment type="Actual">11</enrollment>
  <condition>Selective Mutism</condition>
  <arm_group>
    <arm_group_label>Remote Caregiver Training</arm_group_label>
    <arm_group_type>Experimental</arm_group_type>
    <description>The Remote Caregiver Training arm consists of participation in a 5-hour, videoconferencing-based caregiver training program.</description>
  </arm_group>
  <arm_group>
    <arm_group_label>Remote Caregiver Training + Intensive Treatment</arm_group_label>
    <arm_group_type>Experimental</arm_group_type>
    <description>The Remote Caregiver Training + Intensive Treatment arm consists of participation in a 5-hour, videoconferencing-based caregiving training program, followed by participation in the videoconferencing-based intensive group behavioral treatment program.</description>
  </arm_group>
  <intervention>
    <intervention_type>Behavioral</intervention_type>
    <intervention_name>Remote Caregiver Training</intervention_name>
    <description>The remote caregiver training is a 5-hour videoconferencing-based training program that focuses on teaching cognitive behavioral therapy skills to the caregivers of children with selective mutism in a group format across 3 sessions.</description>
    <arm_group_label>Remote Caregiver Training</arm_group_label>
    <arm_group_label>Remote Caregiver Training + Intensive Treatment</arm_group_label>
  </intervention>
  <intervention>
    <intervention_type>Behavioral</intervention_type>
    <intervention_name>Remote Intensive Group Behavioral Treatment (IGBT)</intervention_name>
    <description>The remote IGBT is a 5-day videoconferencing-based treatment program that delivers cognitive behavioral therapy to children and their caregivers in a group format across 2-3 hours per day.</description>
    <arm_group_label>Remote Caregiver Training + Intensive Treatment</arm_group_label>
  </intervention>
  <eligibility>
    <criteria>
      <textblock>
        Inclusion Criteria:&#xD;
&#xD;
          -  Child between the ages of 4-10 years, and his or her caregiver(s)&#xD;
&#xD;
          -  Child meets DSM-5 criteria for selective mutism diagnosis&#xD;
&#xD;
          -  Child speaks English fluently&#xD;
&#xD;
        Exclusion Criteria:&#xD;
&#xD;
          -  Child is identified as having any psychiatric condition significantly more impairing&#xD;
             than selective mutism that requires alternate treatment&#xD;
&#xD;
          -  The child is nonverbal with all caregivers&#xD;
      </textblock>
    </criteria>
    <gender>All</gender>
    <minimum_age>4 Years</minimum_age>
    <maximum_age>10 Years</maximum_age>
    <healthy_volunteers>No</healthy_volunteers>
  </eligibility>
  <overall_official>
    <last_name>Natalie Hong, M.S.</last_name>
    <role>Principal Investigator</role>
    <affiliation>Florida International University</affiliation>
  </overall_official>
  <location>
    <facility>
      <name>Florida International University</name>
      <address>
        <city>Miami</city>
        <state>Florida</state>
        <zip>33199</zip>
        <country>United States</country>
      </address>
    </facility>
  </location>
  <location_countries>
    <country>United States</country>
  </location_countries>
  <verification_date>December 2020</verification_date>
  <study_first_submitted>February 21, 2020</study_first_submitted>
  <study_first_submitted_qc>February 27, 2020</study_first_submitted_qc>
  <study_first_posted type="Actual">March 2, 2020</study_first_posted>
  <last_update_submitted>December 14, 2020</last_update_submitted>
  <last_update_submitted_qc>December 14, 2020</last_update_submitted_qc>
  <last_update_posted type="Actual">December 16, 2020</last_update_posted>
  <responsible_party>
    <responsible_party_type>Sponsor</responsible_party_type>
  </responsible_party>
  <condition_browse>
    <!-- CAUTION:  The following MeSH terms are assigned with an imperfect algorithm            -->
    <mesh_term>Mutism</mesh_term>
  </condition_browse>
  <patient_data>
    <sharing_ipd>Undecided</sharing_ipd>
  </patient_data>
  <provided_document_section>
    <provided_document>
      <document_type>Informed Consent Form</document_type>
      <document_has_protocol>No</document_has_protocol>
      <document_has_icf>Yes</document_has_icf>
      <document_has_sap>No</document_has_sap>
      <document_date>June 15, 2020</document_date>
      <document_url>https://ClinicalTrials.gov/ProvidedDocs/38/NCT04291638/ICF_001.pdf</document_url>
    </provided_document>
  </provided_document_section>
  <!-- Results have not yet been posted for this study                                          -->
</clinical_study>

