<?xml version="1.0" encoding="UTF-8"?>
<clinical_study rank="2895">
  <!-- This xml conforms to an XML Schema at:
    https://clinicaltrials.gov/ct2/html/images/info/public.xsd -->
  <required_header>
    <download_date>ClinicalTrials.gov processed this data on April 14, 2021</download_date>
    <link_text>Link to the current ClinicalTrials.gov record.</link_text>
    <url>https://clinicaltrials.gov/show/NCT04325646</url>
  </required_header>
  <id_info>
    <org_study_id>2020-007</org_study_id>
    <nct_id>NCT04325646</nct_id>
  </id_info>
  <brief_title>Sero-epidemiological Study of the SARS-CoV-2 Virus Responsible for COVID-19 in France</brief_title>
  <acronym>CORSER</acronym>
  <official_title>Sero-epidemiological Study of the SARS-CoV-2 Virus in France: Constitution of a Collection of Human Biological Samples</official_title>
  <sponsors>
    <lead_sponsor>
      <agency>Institut Pasteur</agency>
      <agency_class>Industry</agency_class>
    </lead_sponsor>
  </sponsors>
  <source>Institut Pasteur</source>
  <oversight_info>
    <has_dmc>No</has_dmc>
    <is_fda_regulated_drug>No</is_fda_regulated_drug>
    <is_fda_regulated_device>No</is_fda_regulated_device>
  </oversight_info>
  <brief_summary>
    <textblock>
      On January 2020, the discovery of a new coronavirus (SARS-CoV-2) was officially announced by&#xD;
      the Chinese health authorities and the World Health Organization (WHO). Its complete genome&#xD;
      was sequenced by the laboratory of respiratory infection viruses at the Institut Pasteur on&#xD;
      29 January 2020 in France. This will allow the identification of antigenic structures&#xD;
      involved in the immune response and the development of serological diagnostic tests.&#xD;
&#xD;
      Many questions are being asked about this new virus and the infection it causes, including&#xD;
      questions about the percentage of asymptomatic and pauci-symptomatic forms. Serological&#xD;
      studies can provide answers to these questions. There is no serological test for SARS-COV-2&#xD;
      yet, but the laboratory of respiratory infection viruses at the Institut Pasteur is working&#xD;
      on its development.&#xD;
&#xD;
      This study proposes to carry out a collection of samples taken from subjects who travelled to&#xD;
      China before the epidemic outbreak or suspected of being infected with SARS-CoV-2.&#xD;
&#xD;
      As soon as it is available, serology will be performed on the collected samples.&#xD;
    </textblock>
  </brief_summary>
  <detailed_description>
    <textblock>
      On January 2020, the discovery of a new coronavirus (SARS-CoV-2) was officially announced by&#xD;
      the Chinese health authorities and the World Health Organization (WHO). This new virus is&#xD;
      presented as the causative agent of pneumonias. Its complete genome was sequenced by the&#xD;
      laboratory of respiratory infection viruses at the Institut Pasteur on 29 January 2020 in&#xD;
      France. This will allow the identification of antigenic structures involved in the immune&#xD;
      response and the development of serological diagnostic tests.&#xD;
&#xD;
      Many questions are being asked about this new virus and the infection it causes, including&#xD;
      questions about the transition from animal to human occur, the beginning of viral circulation&#xD;
      in humans, the period of contagiousness, the percentage of asymptomatic and pauci-symptomatic&#xD;
      forms. Serological studies can provide answers to these questions. There is no serological&#xD;
      test for SARS-COV-2 yet, but the laboratory of respiratory infection viruses at the Institut&#xD;
      Pasteur is working on its development.&#xD;
&#xD;
      This study proposes to carry out a collection of samples taken from subjects who travelled to&#xD;
      China before the epidemic outbreak or suspected of being infected with SARS-CoV-2.&#xD;
&#xD;
      As soon as it is available, serology will be performed on the collected samples.&#xD;
    </textblock>
  </detailed_description>
  <overall_status>Recruiting</overall_status>
  <start_date type="Actual">March 13, 2020</start_date>
  <completion_date type="Anticipated">February 28, 2023</completion_date>
  <primary_completion_date type="Anticipated">February 28, 2021</primary_completion_date>
  <study_type>Observational</study_type>
  <has_expanded_access>No</has_expanded_access>
  <study_design_info>
    <observational_model>Cohort</observational_model>
    <time_perspective>Prospective</time_perspective>
  </study_design_info>
  <primary_outcome>
    <measure>Presence of specific anti-SARS-CoV-2 antibodies in the different study groups.</measure>
    <time_frame>One year</time_frame>
    <description>Description of the serological status of individuals by different detection tests</description>
  </primary_outcome>
  <secondary_outcome>
    <measure>Percentage of asymptomatic forms in individuals with anti-SARS-CoV-2 antibodies</measure>
    <time_frame>One year</time_frame>
    <description>Proportion of asymptomatic subjects into seropositive population</description>
  </secondary_outcome>
  <number_of_groups>9</number_of_groups>
  <enrollment type="Anticipated">2000</enrollment>
  <condition>SARS (Severe Acute Respiratory Syndrome)</condition>
  <condition>COVID-19</condition>
  <arm_group>
    <arm_group_label>CORSER-1a</arm_group_label>
    <description>Subjects who had been to China in the weeks before the outbreak began</description>
  </arm_group>
  <arm_group>
    <arm_group_label>CORSER-1b</arm_group_label>
    <description>Subject who had a clinical profile compatible with an SARS-CoV-2 infection between August 1, 2019 and February 29, 2020</description>
  </arm_group>
  <arm_group>
    <arm_group_label>CORSER-2a</arm_group_label>
    <description>Subjects with suspected CoV-2-SARS infection with negative results from RT-PCR testing of respiratory specimens</description>
  </arm_group>
  <arm_group>
    <arm_group_label>CORSER-2b</arm_group_label>
    <description>Contacts or co-exposures of confirmed CoV-2-SARS infection cases, or who have worked or stayed in a hospital where confirmed CoV-2-SARS infection has been managed</description>
  </arm_group>
  <arm_group>
    <arm_group_label>CORSER-2c</arm_group_label>
    <description>Subjects who have been exposed to a risk of infection with SARS-CoV-2 in a geographical area of SARS-CoV-2 circulation.&#xD;
study among pupils, their parents and siblings, as well as teachers and non-teaching staff of a high-school located in Oise&#xD;
study among pupils from 5 to 12 and their parents in elementary schools located in Oise&#xD;
study among choir members</description>
  </arm_group>
  <arm_group>
    <arm_group_label>CORSER-2d</arm_group_label>
    <description>Staff of health care institutions</description>
  </arm_group>
  <arm_group>
    <arm_group_label>CORSER-2e</arm_group_label>
    <description>Subjects in care, hospitalized or residing in health care facilities</description>
  </arm_group>
  <arm_group>
    <arm_group_label>CORSER-3</arm_group_label>
    <description>Subject returning from a humanitarian mission that started before 31/01/2020</description>
  </arm_group>
  <arm_group>
    <arm_group_label>CORSER-2f</arm_group_label>
    <description>Sujects with two symptomatic episodes of SARS-CoV-2 infection</description>
  </arm_group>
  <intervention>
    <intervention_type>Other</intervention_type>
    <intervention_name>Human Biological samples</intervention_name>
    <description>Blood samples for serological tests</description>
    <arm_group_label>CORSER-1a</arm_group_label>
    <arm_group_label>CORSER-1b</arm_group_label>
    <arm_group_label>CORSER-2a</arm_group_label>
    <arm_group_label>CORSER-2b</arm_group_label>
    <arm_group_label>CORSER-2c</arm_group_label>
    <arm_group_label>CORSER-2d</arm_group_label>
    <arm_group_label>CORSER-2e</arm_group_label>
    <arm_group_label>CORSER-2f</arm_group_label>
    <arm_group_label>CORSER-3</arm_group_label>
  </intervention>
  <biospec_retention>Samples With DNA</biospec_retention>
  <biospec_descr>
    <textblock>
      serum, plasma&#xD;
    </textblock>
  </biospec_descr>
  <eligibility>
    <study_pop>
      <textblock>
        CORSER-1 :&#xD;
&#xD;
          -  Adults (≥ 18 years old) at the time of collection;&#xD;
&#xD;
          -  Subjects who were in China between 01/08/2019 and 31/01/2020 and who have not been&#xD;
             diagnosed with an SARS-CoV-2 infection;&#xD;
&#xD;
        CORSER-2 :&#xD;
&#xD;
        - Adults or minors (group 2c) at the time of sampling;&#xD;
&#xD;
        Sub-group 2a: subject with suspected SARS-CoV-2 infection with a negative result of RT-PCR&#xD;
        virus test on respiratory sample.&#xD;
&#xD;
        Sub-group 2b: subject who has had contact or co-exposure with confirmed cases of&#xD;
        SARS-CoV-2-infection.&#xD;
&#xD;
        Subgroup 2c: a person who has been exposed to a risk of infection with SARS-CoV-2 in a&#xD;
        geographic area of SARS-CoV-2 circulation.&#xD;
&#xD;
        Subgroup 2d : Staff of health care institutions&#xD;
&#xD;
        Subgroup 2e : Subjects in care, hospitalized or residing in health care facilities&#xD;
&#xD;
        Subgroup 2f : Subjects with two symptomatic episodes of SARS-CoV-2- infection&#xD;
&#xD;
        Subgroup 3 : Subject returning from a humanitarian mission that started before the epidemic&#xD;
        circulation of the virus in France&#xD;
      </textblock>
    </study_pop>
    <sampling_method>Non-Probability Sample</sampling_method>
    <criteria>
      <textblock>
        Inclusion Criteria:&#xD;
&#xD;
          -  Affiliated with or benefiting from a Social Security system&#xD;
&#xD;
          -  State of health compatible with a blood sample as defined in the protocol&#xD;
&#xD;
        Exclusion Criteria:&#xD;
&#xD;
          -  Person benefiting from a legal protection measure or unable to express informed&#xD;
             consent to participation&#xD;
&#xD;
          -  Have had an infectious episode and/or respiratory signs in the 14 days prior to the&#xD;
             scheduled visit (CORSER 1 and 2a, 2b)&#xD;
&#xD;
          -  Have been in contact with a confirmed case of SARS-CoV-2 infection within 14 days&#xD;
             prior to the date of the visit.(CORSER 1 and 2a, 2b)&#xD;
      </textblock>
    </criteria>
    <gender>All</gender>
    <minimum_age>5 Years</minimum_age>
    <maximum_age>N/A</maximum_age>
    <healthy_volunteers>Accepts Healthy Volunteers</healthy_volunteers>
  </eligibility>
  <overall_official>
    <last_name>Bruno HOEN, Pr</last_name>
    <role>Principal Investigator</role>
    <affiliation>Institut Pasteur</affiliation>
  </overall_official>
  <overall_contact>
    <last_name>Sandrine Fernandes Pellerin</last_name>
    <phone>+33145688179</phone>
    <email>sandrine.fernandes-pellerin@pasteur.fr</email>
  </overall_contact>
  <overall_contact_backup>
    <last_name>Nathalie Jolly</last_name>
    <email>nathalie.jollly@pasteur.fr</email>
  </overall_contact_backup>
  <location>
    <facility>
      <name>CHU Amiens-Picardie</name>
      <address>
        <city>Amiens</city>
        <country>France</country>
      </address>
    </facility>
    <status>Completed</status>
  </location>
  <location>
    <facility>
      <name>EHPAD Villa Concorde</name>
      <address>
        <city>Asnieres sur seine</city>
        <country>France</country>
      </address>
    </facility>
    <status>Active, not recruiting</status>
  </location>
  <location>
    <facility>
      <name>CHU François Mitterand</name>
      <address>
        <city>Dijon</city>
        <country>France</country>
      </address>
    </facility>
    <status>Completed</status>
  </location>
  <location>
    <facility>
      <name>Centre Hospitalier Départemental de Vendée</name>
      <address>
        <city>La Roche-sur-Yon</city>
        <country>France</country>
      </address>
    </facility>
    <status>Completed</status>
  </location>
  <location>
    <facility>
      <name>CHU Limoges</name>
      <address>
        <city>Limoges</city>
        <country>France</country>
      </address>
    </facility>
    <status>Completed</status>
  </location>
  <location>
    <facility>
      <name>Hôpital de la Croix Rousse</name>
      <address>
        <city>Lyon</city>
        <country>France</country>
      </address>
    </facility>
    <status>Completed</status>
  </location>
  <location>
    <facility>
      <name>EHPAD Les Etangs</name>
      <address>
        <city>Mennecy</city>
        <country>France</country>
      </address>
    </facility>
    <status>Active, not recruiting</status>
  </location>
  <location>
    <facility>
      <name>CHRU de Nancy</name>
      <address>
        <city>Nancy</city>
        <country>France</country>
      </address>
    </facility>
    <status>Recruiting</status>
    <contact>
      <last_name>CHristine Perret-Guillaume, Pr</last_name>
    </contact>
    <contact_backup>
      <last_name>Athanasios BENETOS, Pr</last_name>
    </contact_backup>
  </location>
  <location>
    <facility>
      <name>Hôpitaux de Brabois</name>
      <address>
        <city>Nancy</city>
        <country>France</country>
      </address>
    </facility>
    <status>Completed</status>
  </location>
  <location>
    <facility>
      <name>CHR Orléans</name>
      <address>
        <city>Orléans</city>
        <country>France</country>
      </address>
    </facility>
    <status>Completed</status>
  </location>
  <location>
    <facility>
      <name>Institut Mutualiste</name>
      <address>
        <city>Paris</city>
        <zip>75014</zip>
        <country>France</country>
      </address>
    </facility>
    <status>Recruiting</status>
    <contact>
      <last_name>Jacques Yves NIZOU, Dr</last_name>
    </contact>
    <contact_backup>
      <last_name>Konstantinos ZANNIS, Dr</last_name>
    </contact_backup>
  </location>
  <location>
    <facility>
      <name>Institut Pasteur</name>
      <address>
        <city>Paris</city>
        <zip>75015</zip>
        <country>France</country>
      </address>
    </facility>
    <status>Recruiting</status>
    <contact>
      <last_name>Marie-Noëlle UNGEHEUER, Dr</last_name>
      <phone>+33 1 40 61 35 81</phone>
      <email>marie-noelle.ungeheuer@pasteur.fr</email>
    </contact>
  </location>
  <location>
    <facility>
      <name>EHPAD Villa Lecourbe</name>
      <address>
        <city>Paris</city>
        <country>France</country>
      </address>
    </facility>
    <status>Active, not recruiting</status>
  </location>
  <location>
    <facility>
      <name>Hôpital la Pitié Salpetrière</name>
      <address>
        <city>Paris</city>
        <country>France</country>
      </address>
    </facility>
    <status>Completed</status>
  </location>
  <location>
    <facility>
      <name>CHU Poitiers</name>
      <address>
        <city>Poitiers</city>
        <country>France</country>
      </address>
    </facility>
    <status>Completed</status>
  </location>
  <location>
    <facility>
      <name>Hôpital Pontchaillou</name>
      <address>
        <city>Rennes</city>
        <country>France</country>
      </address>
    </facility>
    <status>Completed</status>
  </location>
  <location>
    <facility>
      <name>CHU Saint-Etienne</name>
      <address>
        <city>Saint-Étienne</city>
        <country>France</country>
      </address>
    </facility>
    <status>Completed</status>
  </location>
  <location>
    <facility>
      <name>CHRU de Strasbourg</name>
      <address>
        <city>Strasbourg</city>
        <country>France</country>
      </address>
    </facility>
    <status>Completed</status>
  </location>
  <location>
    <facility>
      <name>CH de Tourcoing</name>
      <address>
        <city>Tourcoing</city>
        <country>France</country>
      </address>
    </facility>
    <status>Completed</status>
  </location>
  <location>
    <facility>
      <name>Hôpital Bretonneau</name>
      <address>
        <city>Tours</city>
        <country>France</country>
      </address>
    </facility>
    <status>Completed</status>
  </location>
  <location_countries>
    <country>France</country>
  </location_countries>
  <verification_date>September 2020</verification_date>
  <study_first_submitted>March 26, 2020</study_first_submitted>
  <study_first_submitted_qc>March 26, 2020</study_first_submitted_qc>
  <study_first_posted type="Actual">March 27, 2020</study_first_posted>
  <last_update_submitted>January 25, 2021</last_update_submitted>
  <last_update_submitted_qc>January 25, 2021</last_update_submitted_qc>
  <last_update_posted type="Actual">January 27, 2021</last_update_posted>
  <responsible_party>
    <responsible_party_type>Sponsor</responsible_party_type>
  </responsible_party>
  <condition_browse>
    <!-- CAUTION:  The following MeSH terms are assigned with an imperfect algorithm            -->
    <mesh_term>Severe Acute Respiratory Syndrome</mesh_term>
    <mesh_term>Coronavirus Infections</mesh_term>
  </condition_browse>
  <patient_data>
    <sharing_ipd>Undecided</sharing_ipd>
  </patient_data>
  <!-- Results have not yet been posted for this study                                          -->
</clinical_study>

