<?xml version="1.0" encoding="UTF-8"?>
<clinical_study rank="3847">
  <!-- This xml conforms to an XML Schema at:
    https://clinicaltrials.gov/ct2/html/images/info/public.xsd -->
  <required_header>
    <download_date>ClinicalTrials.gov processed this data on April 14, 2021</download_date>
    <link_text>Link to the current ClinicalTrials.gov record.</link_text>
    <url>https://clinicaltrials.gov/show/NCT04288102</url>
  </required_header>
  <id_info>
    <org_study_id>2020-013-D</org_study_id>
    <nct_id>NCT04288102</nct_id>
  </id_info>
  <brief_title>Treatment With Human Umbilical Cord-derived Mesenchymal Stem Cells for Severe Corona Virus Disease 2019 (COVID-19)</brief_title>
  <official_title>A Phase II, Multicenter, Randomized, Double-blind, Placebo-controlled Trial to Evaluate the Efficacy and Safety of Human Umbilical Cord-derived Mesenchymal Stem Cells in the Treatment of Severe COVID-19 Patients</official_title>
  <sponsors>
    <lead_sponsor>
      <agency>Beijing 302 Hospital</agency>
      <agency_class>Other</agency_class>
    </lead_sponsor>
    <collaborator>
      <agency>Huoshenshan Hospital</agency>
      <agency_class>Other</agency_class>
    </collaborator>
    <collaborator>
      <agency>Maternal and Child Health Hospital of Hubei Province</agency>
      <agency_class>Other</agency_class>
    </collaborator>
    <collaborator>
      <agency>General Hospital of Central Theater Command, Wuhan, China</agency>
      <agency_class>Other</agency_class>
    </collaborator>
    <collaborator>
      <agency>VCANBIO CELL &amp; GENE ENGINEERING CORP.,LTD, China</agency>
      <agency_class>Other</agency_class>
    </collaborator>
  </sponsors>
  <source>Beijing 302 Hospital</source>
  <oversight_info>
    <has_dmc>No</has_dmc>
    <is_fda_regulated_drug>No</is_fda_regulated_drug>
    <is_fda_regulated_device>No</is_fda_regulated_device>
  </oversight_info>
  <brief_summary>
    <textblock>
      COVID-19 caused clusters of severe respiratory illness and was associated with 2% mortality.&#xD;
      No specific anti-viral treatment exists. The mainstay of clinical management is largely&#xD;
      symptomatic treatment, with organ support in intensive care for seriously ill patients.&#xD;
      Cellular therapy, using mesenchymal stem cells has been shown to reduce nonproductive&#xD;
      inflammation and affect tissue regeneration and is being evaluated in patients with ARDS.&#xD;
      This clinical trial is to inspect the safety and efficiency of mesenchymal stem cells (MSCs)&#xD;
      therapy for severe COVID-19.&#xD;
    </textblock>
  </brief_summary>
  <detailed_description>
    <textblock>
      The Corona Virus Disease 2019 (COVID-19) caused by severe acute respiratory syndrome corona&#xD;
      virus 2 (SARS-CoV-2) infection has unprecedentedly spread in the worldwide and been declared&#xD;
      as a pandemic by the world health organization. COVID-19 is characterized by sustained&#xD;
      cytokines production and hyper-inflammation, can cause clusters of severe respiratory illness&#xD;
      with a fatality rate around 2-5%. There are currently no prophylactic vaccine and no specific&#xD;
      antiviral treatment agents available recommended for COVID-19. Therefore, it is urgent to&#xD;
      find a safe and effective therapeutic approach to COVID-19.&#xD;
&#xD;
      During the last decade, the promising features of mesenchymal stem cells (MSCs), including&#xD;
      their regenerative properties and ability to differentiate into diverse cell lineages, have&#xD;
      generated great interest among researchers whose work has offered intriguing perspectives on&#xD;
      cell-based therapies for various diseases. These findings seem to highlight that the&#xD;
      beneficial effect of MSC-based treatment could be principally due by the immunomodulation and&#xD;
      regenerative potential of these cells. MSCs could significantly reduce the pathological&#xD;
      changes of lung and inhibit the cell-mediated immune inflammatory response induced by&#xD;
      influenza virus in animal model . MSCs has been shown to reduce nonproductive inflammation&#xD;
      and affect tissue regeneration and is being evaluated in patients with ARDS. Our phase I&#xD;
      preliminary data of parallel assignment study(NCT04252118) showed that three doses of MSCs&#xD;
      was safe in patients with COVID-19. Randomized control trial is needed to assess efficacy and&#xD;
      safety.&#xD;
&#xD;
      The investigators will do a prospective, double-blind, multicentre, randomised trial to&#xD;
      assess treatment with three intravenous doses of MSCs compared with placebo. 90 severe&#xD;
      COVID-19 patients will be recruited in China. 60 patients will receive i.v. transfusion 3&#xD;
      times of MSCs (4.0*10E7 cells per time) and the standard of care as the treated group. In&#xD;
      addition, the 30 patients will receive placebo and standard of care as control group.&#xD;
&#xD;
      Change in lesion proportion (%) of full lung volume from baseline to day 10, day28 and 90,&#xD;
      change in consolidation/ ground-glass lesion proportion (%) of full lung volume from baseline&#xD;
      to day 10, 28 and 90, time to clinical improvement in 28 days, mMRC (Modified Medical&#xD;
      Research Council) dyspnea scale, 6-minute walk test, maximum vital capacity (VCmax),&#xD;
      Diffusing Capacity (DLCO), oxygen saturation, oxygenation index, duration of oxygen therapy,&#xD;
      side effects, immunological characteristics (immune cells, inflammatory factors, etc.) will&#xD;
      be evaluated during the 90 days follow up.&#xD;
    </textblock>
  </detailed_description>
  <overall_status>Completed</overall_status>
  <start_date type="Actual">March 5, 2020</start_date>
  <completion_date type="Actual">July 9, 2020</completion_date>
  <primary_completion_date type="Actual">May 12, 2020</primary_completion_date>
  <phase>Phase 2</phase>
  <study_type>Interventional</study_type>
  <has_expanded_access>No</has_expanded_access>
  <study_design_info>
    <allocation>Randomized</allocation>
    <intervention_model>Parallel Assignment</intervention_model>
    <intervention_model_description>Randomized, double-blind, placebo-controlled study</intervention_model_description>
    <primary_purpose>Treatment</primary_purpose>
    <masking>Quadruple (Participant, Care Provider, Investigator, Outcomes Assessor)</masking>
  </study_design_info>
  <primary_outcome>
    <measure>Change in lesion proportion (%) of full lung volume from baseline to day 28.</measure>
    <time_frame>Day 28</time_frame>
    <description>Evaluation of Pneumonia Improvement</description>
  </primary_outcome>
  <secondary_outcome>
    <measure>Change in lesion proportion (%) of full lung volume from baseline to day 10 and 90</measure>
    <time_frame>Day 10, Day 90</time_frame>
    <description>Evaluation of Pneumonia Improvement</description>
  </secondary_outcome>
  <secondary_outcome>
    <measure>Change in consolidation lesion proportion (%) of full lung volume from baseline to day 10, 28 and 90.</measure>
    <time_frame>Day 10, Day 28, Day 90</time_frame>
    <description>Evaluation of Pneumonia Improvement</description>
  </secondary_outcome>
  <secondary_outcome>
    <measure>Change in ground-glass lesion proportion (%) of full lung volume from baseline to day 10, 28 and 90.</measure>
    <time_frame>Day 10, Day 28, Day 90</time_frame>
    <description>Evaluation of Pneumonia Improvement</description>
  </secondary_outcome>
  <secondary_outcome>
    <measure>Pulmonary fibrosis - related morphological features in CT scan at day 90 a. cord-like shadow b. honeycomb-like shadows c. interlobular septal thickening d. intralobular interstitial thickening e. pleural thickening</measure>
    <time_frame>Day 90</time_frame>
    <description>Evaluation of Pneumonia Improvement</description>
  </secondary_outcome>
  <secondary_outcome>
    <measure>Lung densitometry: Change in total voxel 'weight' in lesion area voxel 'weight'=voxel density (in HU) × voxel volume (in voxel)</measure>
    <time_frame>Day 10, Day 28, Day 90</time_frame>
    <description>Evaluation of Pneumonia Improvement</description>
  </secondary_outcome>
  <secondary_outcome>
    <measure>Lung densitometry: volumes histogram of lung density distribution (&lt;-750, -750~-300, -300~50, &gt;50) at day 10, 28 and 90.</measure>
    <time_frame>Day 10, Day 28, Day 90</time_frame>
    <description>Evaluation of Pneumonia Improvement</description>
  </secondary_outcome>
  <secondary_outcome>
    <measure>Time to clinical improvement in 28 days.</measure>
    <time_frame>Day 28</time_frame>
    <description>Clinical improvement defined as a one-point deduction from baseline in a 6 ordinal scale:&#xD;
Not hospitalized;&#xD;
Hospitalized, not requiring supplemental oxygen;&#xD;
Hospitalized, requiring supplemental oxygen;&#xD;
Hospitalized, on non-invasive ventilation or high flow oxygen devices;&#xD;
Hospitalized, on invasive mechanical ventilation or ECMO;&#xD;
Death.</description>
  </secondary_outcome>
  <secondary_outcome>
    <measure>Oxygenation index( PaO2/FiO2)</measure>
    <time_frame>Day 6, Day 10, Day 28</time_frame>
    <description>Evaluation of Pneumonia Improvement</description>
  </secondary_outcome>
  <secondary_outcome>
    <measure>Duration of oxygen therapy(days)</measure>
    <time_frame>Day 28, Day 90</time_frame>
    <description>Evaluation of Pneumonia Improvement</description>
  </secondary_outcome>
  <secondary_outcome>
    <measure>Blood oxygen saturation</measure>
    <time_frame>Day 6, Day 10, Day 28</time_frame>
    <description>Evaluation of Pneumonia Improvement</description>
  </secondary_outcome>
  <secondary_outcome>
    <measure>6-minute walk test</measure>
    <time_frame>Day 28, Day 90</time_frame>
    <description>Evaluation of Pneumonia Improvement</description>
  </secondary_outcome>
  <secondary_outcome>
    <measure>Maximum vital capacity (VCmax)</measure>
    <time_frame>Baseline, Day 10, Day 14, Day 21, Day 28, Day 90</time_frame>
    <description>Evaluation of Pneumonia Improvement</description>
  </secondary_outcome>
  <secondary_outcome>
    <measure>Diffusing Capacity (DLCO)</measure>
    <time_frame>Baseline, Day 10, Day 14, Day 21, Day 28, Day 90</time_frame>
    <description>Evaluation of Pneumonia Improvement</description>
  </secondary_outcome>
  <secondary_outcome>
    <measure>mMRC (Modified Medical Research Council) dyspnea scale</measure>
    <time_frame>Day 28, Day 90</time_frame>
    <description>Evaluation of Pneumonia Improvement&#xD;
No limitation of activities, discharged from hospital =Score 1; Hospitalized, no oxygen therapy=Score 2; Oxygen by mask or nasal prongs-Score 3; Non-invasive ventilation or high-flow oxygen=Score 4; Mechanical ventilation or ECMO=Score 5; Death=Score 6.</description>
  </secondary_outcome>
  <secondary_outcome>
    <measure>Changes of absolute lymphocyte counts and subsets from baseline to day 6, 10, 28 and 90.</measure>
    <time_frame>Day 6, Day 10, Day 28, Day 90</time_frame>
    <description>Marker of Immunological function</description>
  </secondary_outcome>
  <secondary_outcome>
    <measure>Changes of cytokine/chemokine levels from baseline to day 6, 10, 28 and 90.</measure>
    <time_frame>Day 6, Day 10, Day 28, Day 90</time_frame>
    <description>Marker of Immunological function</description>
  </secondary_outcome>
  <secondary_outcome>
    <measure>Adverse events</measure>
    <time_frame>Day 0 through Day 90</time_frame>
    <description>Safety endpoints</description>
  </secondary_outcome>
  <secondary_outcome>
    <measure>Serious adverse events</measure>
    <time_frame>Day 0 through Day 90</time_frame>
    <description>Safety endpoints</description>
  </secondary_outcome>
  <secondary_outcome>
    <measure>All-cause mortality</measure>
    <time_frame>Day 0 through Day 90</time_frame>
    <description>Safety endpoints</description>
  </secondary_outcome>
  <number_of_arms>2</number_of_arms>
  <enrollment type="Actual">100</enrollment>
  <condition>Corona Virus Disease 2019(COVID-19)</condition>
  <arm_group>
    <arm_group_label>Human Umbilical Cord-Mesenchymal Stem Cells (UC-MSCs)</arm_group_label>
    <arm_group_type>Experimental</arm_group_type>
    <description>Participants will receive standard of care plus 3 does of UC-MSCs</description>
  </arm_group>
  <arm_group>
    <arm_group_label>Placebo</arm_group_label>
    <arm_group_type>Placebo Comparator</arm_group_type>
    <description>Participants will receive standard of care plus 3 does of placebo</description>
  </arm_group>
  <intervention>
    <intervention_type>Biological</intervention_type>
    <intervention_name>UC-MSCs</intervention_name>
    <description>3 does of UC-MSCs(4.0*10E7 cells per time) intravenously at Day 0, Day 3, Day 6.</description>
    <arm_group_label>Human Umbilical Cord-Mesenchymal Stem Cells (UC-MSCs)</arm_group_label>
  </intervention>
  <intervention>
    <intervention_type>Biological</intervention_type>
    <intervention_name>Saline containing 1% Human serum albumin（solution without UC-MSCs）</intervention_name>
    <description>3 does of placebo（intravenously at Day 0, Day 3, Day 6）</description>
    <arm_group_label>Placebo</arm_group_label>
  </intervention>
  <eligibility>
    <criteria>
      <textblock>
        Inclusion Criteria:&#xD;
&#xD;
          1. Male or female, aged at 18 years (including) -75 years old&#xD;
&#xD;
          2. Hospitalized&#xD;
&#xD;
          3. Laboratory confirmation of SARS-CoV-2 infection by reverse-transcription polymerase&#xD;
             chain reaction (RT-PCR) from any diagnostic sampling source&#xD;
&#xD;
          4. Pneumonia that is judged by computed tomography&#xD;
&#xD;
          5. In accordance with any one of the following : 1)dyspnea (RR ≥ 30 times / min),&#xD;
             2)finger oxygen saturation ≤ 93% in resting state, 3)arterial oxygen partial pressure&#xD;
             (PaO2) / oxygen absorption concentration (FiO2) ≤ 300MMHG, 4)pulmonary imaging shows&#xD;
             that the focus progress &gt; 50% in 24-48 hours&#xD;
&#xD;
          6. Interstitial lung damage is judged by computed tomography.&#xD;
&#xD;
        Exclusion Criteria:&#xD;
&#xD;
          1. Pregnancy, lactation and those who are not pregnant but do not take effective&#xD;
             contraceptives measures;&#xD;
&#xD;
          2. Patients with malignant tumor, other serious systemic diseases and psychosis;&#xD;
&#xD;
          3. Patients who are participating in other clinical trials;&#xD;
&#xD;
          4. Inability to provide informed consent or to comply with test requirements.&#xD;
&#xD;
          5. Co-Infection of HIV, tuberculosis, influenza virus, adenovirus and other respiratory&#xD;
             infection virus.&#xD;
&#xD;
          6. Invasive ventilation&#xD;
&#xD;
          7. Shock&#xD;
&#xD;
          8. Combined with other organ failure( need organ support)&#xD;
&#xD;
          9. Interstitial lung damage caused by other reasons ( in 2 weeks)&#xD;
&#xD;
         10. The pulmonary imaging revealed the interstitial damage of lungs before the COVID-19&#xD;
             confirmed.&#xD;
      </textblock>
    </criteria>
    <gender>All</gender>
    <minimum_age>18 Years</minimum_age>
    <maximum_age>75 Years</maximum_age>
    <healthy_volunteers>No</healthy_volunteers>
  </eligibility>
  <overall_official>
    <last_name>Fu-Sheng Wang, MD, PhD</last_name>
    <role>Study Chair</role>
    <affiliation>Beijing 302 Hospital</affiliation>
  </overall_official>
  <location>
    <facility>
      <name>General Hospital of Central Theater Command</name>
      <address>
        <city>Wuhan</city>
        <state>Hubei</state>
        <zip>430000</zip>
        <country>China</country>
      </address>
    </facility>
  </location>
  <location>
    <facility>
      <name>Maternal and Child Hospital of Hubei Province</name>
      <address>
        <city>Wuhan</city>
        <state>Hubei</state>
        <zip>430000</zip>
        <country>China</country>
      </address>
    </facility>
  </location>
  <location>
    <facility>
      <name>Wuhan Huoshenshan Hospital</name>
      <address>
        <city>Wuhan</city>
        <state>Hubei</state>
        <zip>430000</zip>
        <country>China</country>
      </address>
    </facility>
  </location>
  <location_countries>
    <country>China</country>
  </location_countries>
  <verification_date>August 2020</verification_date>
  <study_first_submitted>February 24, 2020</study_first_submitted>
  <study_first_submitted_qc>February 25, 2020</study_first_submitted_qc>
  <study_first_posted type="Actual">February 28, 2020</study_first_posted>
  <last_update_submitted>August 18, 2020</last_update_submitted>
  <last_update_submitted_qc>August 18, 2020</last_update_submitted_qc>
  <last_update_posted type="Actual">August 19, 2020</last_update_posted>
  <responsible_party>
    <responsible_party_type>Principal Investigator</responsible_party_type>
    <investigator_affiliation>Beijing 302 Hospital</investigator_affiliation>
    <investigator_full_name>Fu-Sheng Wang</investigator_full_name>
    <investigator_title>Head of Treatment and Research Center for Infectious Diseases, Principle Investigator, Clinical Professor</investigator_title>
  </responsible_party>
  <condition_browse>
    <!-- CAUTION:  The following MeSH terms are assigned with an imperfect algorithm            -->
    <mesh_term>Virus Diseases</mesh_term>
    <mesh_term>Coronavirus Infections</mesh_term>
  </condition_browse>
  <patient_data>
    <sharing_ipd>Yes</sharing_ipd>
    <ipd_description>After approval from the steering committee and the Human Genetic Resources Administration of China, this trial data can be shared with qualifying researchers who submit a proposal with a valuable research question. A contract should be signed.</ipd_description>
  </patient_data>
  <!-- Results have not yet been posted for this study                                          -->
</clinical_study>

