<?xml version="1.0" encoding="UTF-8"?>
<clinical_study rank="2254">
  <!-- This xml conforms to an XML Schema at:
    https://clinicaltrials.gov/ct2/html/images/info/public.xsd -->
  <required_header>
    <download_date>ClinicalTrials.gov processed this data on April 14, 2021</download_date>
    <link_text>Link to the current ClinicalTrials.gov record.</link_text>
    <url>https://clinicaltrials.gov/show/NCT04334980</url>
  </required_header>
  <id_info>
    <org_study_id>bacTRL-Spike-1</org_study_id>
    <nct_id>NCT04334980</nct_id>
  </id_info>
  <brief_title>Evaluating the Safety, Tolerability and Immunogenicity of bacTRL-Spike Vaccine for Prevention of COVID-19</brief_title>
  <official_title>A Phase 1, Randomized, Observer-Blind, Placebo-Controlled Trial to Evaluate the Safety, Tolerability and Immunogenicity of the bacTRL-Spike Oral Candidate Vaccine for the Prevention of COVID-19 in Healthy Adults</official_title>
  <sponsors>
    <lead_sponsor>
      <agency>Symvivo Corporation</agency>
      <agency_class>Industry</agency_class>
    </lead_sponsor>
  </sponsors>
  <source>Symvivo Corporation</source>
  <oversight_info>
    <has_dmc>Yes</has_dmc>
    <is_fda_regulated_drug>No</is_fda_regulated_drug>
    <is_fda_regulated_device>No</is_fda_regulated_device>
  </oversight_info>
  <brief_summary>
    <textblock>
      Protocol bacTRL-Spike-1 will be the first-in-human study of bacTRL-Spike, and the&#xD;
      first-in-human use of orally delivered bacTRL. Each oral dose of bacTRL-Spike contains&#xD;
      bacterial medium with either 1 billion (Group 1A), 3 billion (Group 2A) or 10 billion (Group&#xD;
      3A) colony-forming-units of live Bifidobacterium longum, which has been engineered to deliver&#xD;
      plasmids containing synthetic DNA encoding spike protein from SARS-CoV-2.&#xD;
    </textblock>
  </brief_summary>
  <detailed_description>
    <textblock>
      Protocol bacTRL-Spike-1 will be the first-in-human study of bacTRL-Spike, and the&#xD;
      first-in-human use of orally delivered bacTRL. The trial is designed to evaluate the safety&#xD;
      and tolerability of orally delivered bacTRL-Spike vaccine in healthy adults.&#xD;
&#xD;
      Total anticipated enrollment is n=24. The distribution of the sample size will be as follows:&#xD;
&#xD;
        -  Group 1 (n=3; Sentinel +2): Single dose of bacTRL-Spike, equivalent to 1 billion colony&#xD;
           forming units (cfu) of Bifidobacterium longum (B. longum);&#xD;
&#xD;
        -  Group 2 (n=3; Sentinel +2): Single dose of bacTRL-Spike, equivalent to 3 billion cfu of&#xD;
           B. longum;&#xD;
&#xD;
        -  Group 3 (n=3; Sentinel +2): Single dose of bacTRL-Spike, equivalent to 10 billion cfu of&#xD;
           B. longum;&#xD;
&#xD;
        -  Group 4 (n=3): Single Data and Safety Monitoring Board (DSMB)-defined dose of&#xD;
           bacTRL-Spike among subjects 56 years of age and older.&#xD;
&#xD;
        -  Group 5 (n=12): DSMB-defined prime and boost doses of bacTRL-Spike delivered with a&#xD;
           28-day intervening interval.&#xD;
&#xD;
      The planned trial duration is 18 months.&#xD;
&#xD;
      Each participant will remain in the trial for 12-13 months, including a screening phase of up&#xD;
      to 28 days, intervention phase of 1 day and follow-up phase of 12 months.&#xD;
    </textblock>
  </detailed_description>
  <overall_status>Active, not recruiting</overall_status>
  <start_date type="Actual">November 2, 2020</start_date>
  <completion_date type="Anticipated">February 28, 2022</completion_date>
  <primary_completion_date type="Anticipated">February 8, 2022</primary_completion_date>
  <phase>Phase 1</phase>
  <study_type>Interventional</study_type>
  <has_expanded_access>No</has_expanded_access>
  <study_design_info>
    <allocation>N/A</allocation>
    <intervention_model>Single Group Assignment</intervention_model>
    <primary_purpose>Prevention</primary_purpose>
    <masking>None (Open Label)</masking>
  </study_design_info>
  <primary_outcome>
    <measure>Frequency of Adverse Events</measure>
    <time_frame>Up to12 months post-vaccination</time_frame>
    <description>Adverse events (specifically including incidence of gastrointestinal-associated events) following administration of oral bacTRL-Spike</description>
  </primary_outcome>
  <secondary_outcome>
    <measure>Immune response against SARS-CoV-2 Spike protein</measure>
    <time_frame>Baseline (pre-vaccination), and 1, 3 and 12 months post-vaccination</time_frame>
    <description>Antibody against SARS-CoV-2 Spike protein</description>
  </secondary_outcome>
  <secondary_outcome>
    <measure>Incidence of COVID-19 infection</measure>
    <time_frame>Up to 12 months post-vaccination</time_frame>
    <description>Incidence and clinical phenotype of confirmed and probable COVID-19 infection among vaccinated participants, based on current public health definitions</description>
  </secondary_outcome>
  <secondary_outcome>
    <measure>bacTRL-Spike in stool post-vaccination</measure>
    <time_frame>Days 8, 15, 22, and 1 and 3 months post-vaccination</time_frame>
    <description>Isolation of viable bacTRL-Spike from stool post-vaccination</description>
  </secondary_outcome>
  <secondary_outcome>
    <measure>Immunity against SARS-CoV-2</measure>
    <time_frame>Up to 12 months post-vaccination</time_frame>
    <description>Collection of biological samples for future studies to understand immunity against SARS-CoV-2.</description>
  </secondary_outcome>
  <number_of_arms>1</number_of_arms>
  <enrollment type="Anticipated">24</enrollment>
  <condition>COVID-19</condition>
  <arm_group>
    <arm_group_label>bacTRL-Spike</arm_group_label>
    <arm_group_type>Experimental</arm_group_type>
    <description>Group 1 (n=3; Sentinel +2): Single dose of bacTRL-Spike, equivalent to 1 billion colony forming units (cfu) of Bifidobacterium longum (B. longum);&#xD;
Group 2 (n=3; Sentinel +2): Single dose of bacTRL-Spike, equivalent to 3 billion cfu of B. longum;&#xD;
Group 3 (n=3; Sentinel +2): Single dose of bacTRL-Spike, equivalent to 10 billion cfu of B. longum;&#xD;
Group 4 (n=3): Single Data and Safety Monitoring Board (DSMB)-defined dose of bacTRL-Spike among subjects 56 years of age and older.&#xD;
Group 5 (n=12): DSMB-defined prime and boost doses of bacTRL-Spike delivered with a 28-day intervening interval.</description>
  </arm_group>
  <intervention>
    <intervention_type>Biological</intervention_type>
    <intervention_name>bacTRL-Spike</intervention_name>
    <description>Each oral dose of bacTRL-Spike contains bacterial medium with either 1 billion (Group 1), 3 billion (Group 2) or 10 billion (Group 3) colony-forming-units of live Bifidobacterium longum, which has been engineered to deliver plasmids containing synthetic DNA encoding spike protein from SARS-CoV-2.</description>
    <arm_group_label>bacTRL-Spike</arm_group_label>
  </intervention>
  <eligibility>
    <criteria>
      <textblock>
        INCLUSION CRITERIA&#xD;
&#xD;
          1. Age 18 years inclusive at time of enrollment and older;&#xD;
&#xD;
          2. Capable to and does provide written informed consent;&#xD;
&#xD;
          3. Able to understand and agrees to comply with planned study procedures and be available&#xD;
             for all study visits;&#xD;
&#xD;
          4. Body Mass Index 18-32 kg/square meter, inclusive, at screening;&#xD;
&#xD;
          5. Male or non-pregnant, non-breastfeeding females who agree to comply with applicable&#xD;
             contraceptive requirements of the protocol (see Table 1: Acceptable Contraceptive&#xD;
             Methods.) Women of childbearing potential must have a negative urine or serum&#xD;
             pregnancy test within 24 hours prior to initiation of vaccination;&#xD;
&#xD;
          6. Pulse no greater than 100 beats per minute;&#xD;
&#xD;
          7. Systolic blood pressure (BP) is 85 to 150 mmHg, inclusive;&#xD;
&#xD;
          8. Clinical screening laboratory evaluations:&#xD;
&#xD;
               -  Absolute neutrophil count (ANC) ≥1500 cells/mm3&#xD;
&#xD;
               -  Hemoglobin ≥12.0 g/dL for men and ≥11.0 g/dL for women&#xD;
&#xD;
               -  Platelet count ≥120,000/mm3&#xD;
&#xD;
               -  Creatinine clearance (CrCl) &gt;80 mL/min ); Refer to the calculator located on the&#xD;
                  Frontier Science and Technology Research Foundation (FSTRF) website (at&#xD;
                  https://www.frontierscience.org/): Calculated Creatinine Clearance -&#xD;
                  Cockcroft-Gault Equation (Adult).&#xD;
&#xD;
               -  Aspartate aminotransferase (AST) &lt;1.25 x upper limit of normal (ULN)&#xD;
&#xD;
               -  Alanine aminotransferase (ALT) &lt;1.25 x ULN&#xD;
&#xD;
               -  Alkaline phosphatase &lt;2.0 x ULN&#xD;
&#xD;
               -  Total bilirubin &lt;1.1 x ULN&#xD;
&#xD;
               -  Lipase &lt;1.1 x ULN&#xD;
&#xD;
               -  Prothrombin time (PT) &lt;1.1 x ULN&#xD;
&#xD;
               -  Partial thromboplastin time (PTT) &lt;1.1 x ULN&#xD;
&#xD;
               -  CRP &lt; 2.0 x ULN&#xD;
&#xD;
          9. Agree to have samples stored for secondary research related to coronaviruses.&#xD;
&#xD;
        EXCLUSION CRITERIA&#xD;
&#xD;
          1. Positive pregnancy test either at screening or just prior to vaccine administration.&#xD;
&#xD;
          2. Female participant who is breastfeeding or plans to breastfeed from the time of the&#xD;
             study vaccination through 3 months after the study vaccination.&#xD;
&#xD;
          3. Has acute or chronic inflammatory condition of the gastrointestinal tract including,&#xD;
             but not limited to, Crohn's disease, ulcerative colitis, gastritis, proctitis, or any&#xD;
             other inflammatory bowel disorder.&#xD;
&#xD;
          4. Has any medical disease, history, or behavior that may predispose to more severe&#xD;
             COVID-19 infection, including hypertension, diabetes, current vaping and/or smoking,&#xD;
             history of chronic smoking within the prior year (average of at least one cigarette&#xD;
             per day or more), or body mass index of greater than 32; stable hypertension&#xD;
             controlled with a stable dose of medication is permitted.&#xD;
&#xD;
          5. Has any medical disease or condition that, in the opinion of the site PI or&#xD;
             appropriate sub-investigator, precludes study participation (including but not limited&#xD;
             to acute, subacute, intermittent or chronic medical disease or condition that would&#xD;
             place the participant at an unacceptable risk of injury, render the participant unable&#xD;
             to meet the requirements of the protocol, or may interfere with the evaluation of&#xD;
             responses or the participant's successful completion of this trial.)&#xD;
&#xD;
          6. Presence of self-reported or medically documented significant medical or psychiatric&#xD;
             condition(s).&#xD;
&#xD;
             Significant medical or psychiatric conditions include but are not limited to:&#xD;
&#xD;
               -  Respiratory disease (e.g., chronic obstructive pulmonary disease, asthma)&#xD;
                  requiring daily medications currently or any treatment of respiratory disease&#xD;
                  exacerbations (e.g., asthma exacerbation) in the last 5 years.&#xD;
&#xD;
               -  Excluded asthma medications: inhaled, oral, or intravenous (IV) corticosteroids,&#xD;
                  leukotriene modifiers, long and short acting beta agonists, theophylline,&#xD;
                  ipratropium, biologics.&#xD;
&#xD;
               -  Significant cardiovascular disease (e.g., congestive heart failure,&#xD;
                  cardiomyopathy, ischemic heart disease) or history of myocarditis or pericarditis&#xD;
                  as an adult.&#xD;
&#xD;
               -  Neurological or neurodevelopmental conditions (e.g., migraines, epilepsy, stroke,&#xD;
                  seizures in the last 3 years, encephalopathy, focal neurologic deficits,&#xD;
                  Guillain-Barré syndrome, encephalomyelitis or transverse myelitis).Ongoing&#xD;
                  malignancy or recent diagnosis of malignancy in the last five years excluding&#xD;
                  basal cell and squamous cell carcinoma of the skin, which are allowed.&#xD;
&#xD;
               -  An autoimmune disease, including hypothyroidism without a defined non-autoimmune&#xD;
                  cause, localized or history of psoriasis.&#xD;
&#xD;
               -  An immunodeficiency of any cause or are immune-suppressed.&#xD;
&#xD;
          7. Has an acute illness, as determined by the site PI or appropriate sub-investigator,&#xD;
             with or without fever (oral temperature &gt;38.0 degrees Celsius [100.4 degrees&#xD;
             Fahrenheit]) within 72 hours prior to study vaccination administration.&#xD;
&#xD;
          8. Has a positive test result for hepatitis B surface antigen, hepatitis C virus&#xD;
             antibody, or human immunodeficiency virus (HIV) types 1 or 2 antibodies at screening.&#xD;
&#xD;
          9. Has participated in another investigational study involving any investigational&#xD;
             product (study drug, biologic or device) within 60 days, or 5 half-lives, whichever is&#xD;
             longer, before study vaccine administration.&#xD;
&#xD;
         10. Currently enrolled in or plans to participate in another clinical trial with an&#xD;
             investigational agent (including licensed or unlicensed vaccine, drug, biologic,&#xD;
             device, blood product, or medication) that will be received during the trial period.&#xD;
&#xD;
         11. Has a history of hypersensitivity or severe allergic reaction (e.g., anaphylaxis,&#xD;
             generalized urticaria, angioedema, other significant reaction) to any previous&#xD;
             licensed or unlicensed vaccines.&#xD;
&#xD;
         12. Chronic use (more than 14 continuous days) or anticipated use within the next 6 months&#xD;
             of any medications that may be associated with impaired immune responsiveness.&#xD;
             Including, but not limited to the following excluded drugs: systemic corticosteroids&#xD;
             exceeding 10 mg/day of prednisone equivalent, allergy injections, immunoglobulin,&#xD;
             interferon, immunomodulators, cytotoxic drugs, or other similar or toxic drugs during&#xD;
             the preceding 6-month period prior to vaccine administration (Day 1). The use of low&#xD;
             dose topical, ophthalmic, inhaled and intranasal steroid preparations will be&#xD;
             permitted.&#xD;
&#xD;
         13. Received immunoglobulins and/or any blood or blood products within the 4 months before&#xD;
             study vaccine administration or at any time during the study.&#xD;
&#xD;
         14. Has any blood dyscrasias or significant disorder of coagulation.&#xD;
&#xD;
         15. Has any chronic liver disease, including fatty liver.&#xD;
&#xD;
         16. Has a history of alcohol or drug abuse or tests positive for drugs of abuse at&#xD;
             screening.&#xD;
&#xD;
         17. Received or plans to receive a licensed, live vaccine within 4 weeks before or after&#xD;
             each vaccination.&#xD;
&#xD;
         18. Received or plans to receive a licensed, inactivated vaccine within 2 weeks before or&#xD;
             after each vaccination.&#xD;
&#xD;
         19. Receipt of any other SARS-CoV-2/COVID-19, or other experimental coronavirus vaccine at&#xD;
             any time prior to or during the study.&#xD;
&#xD;
         20. Known current or previous laboratory-confirmed SARS CoV-1 OR SARS-CoV-2/COVID-19&#xD;
             infection as documented by a positive PCR test from a nasal swab.&#xD;
&#xD;
         21. Known close contact of anyone with laboratory-confirmed SARS-CoV-2/COVID-19 infection&#xD;
             within 2 weeks prior to vaccine administration.&#xD;
&#xD;
         22. Has traveled outside Australia for any duration within 30 days before study&#xD;
             vaccination.&#xD;
&#xD;
         23. Currently working in occupation with high risk of exposure to SARS-CoV-2 (e.g., health&#xD;
             care worker, emergency response personnel).&#xD;
&#xD;
         24. Allergy to BOTH amoxicillin (or any penicillin derivative) AND erythromycin&#xD;
&#xD;
         25. Household contact, including neonates up to the age of 28 days, with any medical&#xD;
             condition or taking medications that may result in immunosuppression.&#xD;
&#xD;
         26. The participant must agree to refrain from donating blood or plasma during the study.&#xD;
&#xD;
         27. Excluded medications (summarized): Excluded asthma medications: inhaled, oral, or&#xD;
             intravenous (IV) corticosteroids, leukotriene modifiers, long and short acting beta&#xD;
             agonists, theophylline, ipratropium, biologics; Excluded immunosuppressive drugs:&#xD;
             systemic corticosteroids exceeding 10 mg/day of prednisone equivalent, allergy&#xD;
             injections, immunoglobulin, interferon, immunomodulators, cytotoxic drugs, or other&#xD;
             similar or toxic drugs during the preceding 6-month period prior to vaccine&#xD;
             administration (Day 1); Excluded other medications - current use of any antibiotics,&#xD;
             probiotic supplements, H2 blockers or proton pump inhibitors within 7 days prior to&#xD;
             vaccination and any anticipated use for 7 days post vaccination.&#xD;
      </textblock>
    </criteria>
    <gender>All</gender>
    <minimum_age>18 Years</minimum_age>
    <maximum_age>N/A</maximum_age>
    <healthy_volunteers>Accepts Healthy Volunteers</healthy_volunteers>
  </eligibility>
  <overall_official>
    <last_name>Eric L Sievers, MD</last_name>
    <role>Study Director</role>
    <affiliation>Chief Medical Officer</affiliation>
  </overall_official>
  <overall_official>
    <last_name>Paul Griffin, FRACP FRCPA FACTM FIML AFACHSM</last_name>
    <role>Principal Investigator</role>
    <affiliation>Principal Investigator</affiliation>
  </overall_official>
  <location>
    <facility>
      <name>Nucleus Network Pty Ltd (Trading as Centre for Clinical Studies)</name>
      <address>
        <city>Melbourne</city>
        <state>Victoria</state>
        <zip>3004</zip>
        <country>Australia</country>
      </address>
    </facility>
  </location>
  <location_countries>
    <country>Australia</country>
  </location_countries>
  <removed_countries>
    <country>Canada</country>
    <country>United States</country>
  </removed_countries>
  <verification_date>September 2020</verification_date>
  <study_first_submitted>March 31, 2020</study_first_submitted>
  <study_first_submitted_qc>April 2, 2020</study_first_submitted_qc>
  <study_first_posted type="Actual">April 6, 2020</study_first_posted>
  <last_update_submitted>March 3, 2021</last_update_submitted>
  <last_update_submitted_qc>March 3, 2021</last_update_submitted_qc>
  <last_update_posted type="Actual">March 4, 2021</last_update_posted>
  <responsible_party>
    <responsible_party_type>Sponsor</responsible_party_type>
  </responsible_party>
  <patient_data>
    <sharing_ipd>Undecided</sharing_ipd>
  </patient_data>
  <!-- Results have not yet been posted for this study                                          -->
</clinical_study>

