<?xml version="1.0" encoding="UTF-8"?>
<clinical_study rank="4789">
  <!-- This xml conforms to an XML Schema at:
    https://clinicaltrials.gov/ct2/html/images/info/public.xsd -->
  <required_header>
    <download_date>ClinicalTrials.gov processed this data on April 14, 2021</download_date>
    <link_text>Link to the current ClinicalTrials.gov record.</link_text>
    <url>https://clinicaltrials.gov/show/NCT04319172</url>
  </required_header>
  <id_info>
    <org_study_id>COVIDSOT</org_study_id>
    <nct_id>NCT04319172</nct_id>
  </id_info>
  <brief_title>Multicentric Study of Coronavirus Disease 2019 (COVID-2019) in Solid Organ Transplant Recipients</brief_title>
  <acronym>COVIDSOT</acronym>
  <official_title>Multicentric Study of Coronavirus Disease 2019 (COVID-2019) in Solid Organ Transplant Recipients</official_title>
  <sponsors>
    <lead_sponsor>
      <agency>Fundación Pública Andaluza para la gestión de la Investigación en Sevilla</agency>
      <agency_class>Other</agency_class>
    </lead_sponsor>
    <collaborator>
      <agency>Spanish Network for Research in Infectious Diseases</agency>
      <agency_class>Other</agency_class>
    </collaborator>
    <collaborator>
      <agency>Grupo de Estudio de la Infección en el Trasplante (GESITRA)</agency>
      <agency_class>Other</agency_class>
    </collaborator>
  </sponsors>
  <source>Fundación Pública Andaluza para la gestión de la Investigación en Sevilla</source>
  <oversight_info>
    <has_dmc>No</has_dmc>
    <is_fda_regulated_drug>No</is_fda_regulated_drug>
    <is_fda_regulated_device>No</is_fda_regulated_device>
  </oversight_info>
  <brief_summary>
    <textblock>
      The overall purpose of this project is to better understand the incidence, risk factors,&#xD;
      etiology, clinical manifestations and outcome of tCOVID19 in solid organ transplant&#xD;
      recipients. The results obtained will allow us to gain insight on the need of antiviral&#xD;
      treatment, on the strategy for complications surveillance, on how to adjust the&#xD;
      immunosuppressant therapy and on the level of care in which each patient should be treated.&#xD;
      In order to attain the objectives previously described we will develop a multicenter&#xD;
      prospective study of consecutive cases of COVID-19 among solid organ transplant recipients.&#xD;
    </textblock>
  </brief_summary>
  <detailed_description>
    <textblock>
      There will be a clinical follow-up of the patients included in this study to observe possible&#xD;
      complications and survival rate. Data collected form this study will be evaluated with a&#xD;
      descriptive statistical analysis of the cohort consisting of analysis of the risk factors of&#xD;
      COVID-19. Subsequently a multivaried logistic regression analysis will be performed in which&#xD;
      the factors selected from the analysis and those clinically relevant.&#xD;
    </textblock>
  </detailed_description>
  <overall_status>Recruiting</overall_status>
  <start_date type="Actual">March 12, 2020</start_date>
  <completion_date type="Anticipated">April 2021</completion_date>
  <primary_completion_date type="Anticipated">March 2021</primary_completion_date>
  <study_type>Observational</study_type>
  <has_expanded_access>No</has_expanded_access>
  <study_design_info>
    <observational_model>Cohort</observational_model>
    <time_perspective>Prospective</time_perspective>
  </study_design_info>
  <primary_outcome>
    <measure>Incidence of coronavirus infection in Solid Organ Transplant Recipients</measure>
    <time_frame>From baseline at the time of signature of informed consent form to day 28 after confirmation of positive test to coronavirus</time_frame>
    <description>Number of Solid Organ Transplant Recipients positive to coronavirus</description>
  </primary_outcome>
  <primary_outcome>
    <measure>Clinical manifestations of coronavirus infection in Solid Organ Transplant Recipients</measure>
    <time_frame>From baseline at the time of signature of informed consent form to day 28 after confirmation of positive test to coronavirus</time_frame>
    <description>Number of participants who present clinical symptoms possibly related to coronavirus infection in Solid Organ Transplant Recipients</description>
  </primary_outcome>
  <primary_outcome>
    <measure>Presence of other risk factors</measure>
    <time_frame>From baseline at the time of signature of informed consent form to day 28 after confirmation of positive test to coronavirus</time_frame>
    <description>Gathering possible risk factors in coronavirus infection in Solid Organ Transplant</description>
  </primary_outcome>
  <primary_outcome>
    <measure>Establish the frequency and type of complications related to the net state of the patient immunosuppression</measure>
    <time_frame>From baseline at the time of signature of informed consent form to day 28 after confirmation of positive test to coronavirus</time_frame>
    <description>Establish the frequency and type of complications related to the net state of the patient immunosuppression</description>
  </primary_outcome>
  <secondary_outcome>
    <measure>Frequency of co-infections</measure>
    <time_frame>From baseline at the time of signature of informed consent form to day 28 after confirmation of positive test to coronavirus</time_frame>
    <description>Another infections at the time of coronavirus positive infection will be gathered</description>
  </secondary_outcome>
  <secondary_outcome>
    <measure>Mortality</measure>
    <time_frame>From baseline at the time of signature of informed consent form up to study completion at 3 months folllow-up</time_frame>
    <description>Number of deaths caused or complicated by coronavirus infection in patients who has recceived Solid Organ Transplant</description>
  </secondary_outcome>
  <secondary_outcome>
    <measure>Laboratory characteristics</measure>
    <time_frame>At inclusion and at 28 days of follow up</time_frame>
    <description>Biochemical analysis, hemogram,</description>
  </secondary_outcome>
  <secondary_outcome>
    <measure>Determination of coronavirus viral load</measure>
    <time_frame>At inclusion at 14 days and at 28 days</time_frame>
    <description>Nasopharyngeal swabs</description>
  </secondary_outcome>
  <secondary_outcome>
    <measure>Microbiological testing</measure>
    <time_frame>At inclusion at 14 days and at 28 days</time_frame>
    <description>According to the clinical manifestations at blood culture, pleural liquid culture, gram stain and culture of sputum, detection of pneumococcus and Legionella pneumophila antigen in urine, in cases of pneumonia</description>
  </secondary_outcome>
  <enrollment type="Anticipated">50</enrollment>
  <condition>Transplant Recipient</condition>
  <condition>Infections, Coronavirus</condition>
  <biospec_retention>Samples Without DNA</biospec_retention>
  <biospec_descr>
    <textblock>
      -  Biochemical analysis&#xD;
&#xD;
        -  Hemogram&#xD;
&#xD;
        -  Microbiological testing will be made: blood culture, pleural liquid culture, gram stain&#xD;
           and culture of sputum, detection of pneumococcus and Legionella pneumophila antigen in&#xD;
           urine, in cases of pneumonia.&#xD;
&#xD;
        -  Nasopharyngeal swabs&#xD;
    </textblock>
  </biospec_descr>
  <eligibility>
    <study_pop>
      <textblock>
        Patients older than 16 years with a solid organ transplant diagnosed of COVID-19.&#xD;
      </textblock>
    </study_pop>
    <sampling_method>Probability Sample</sampling_method>
    <criteria>
      <textblock>
        Inclusion Criteria:&#xD;
&#xD;
          -  Patients older than 16 years with a solid organ transplant diagnosed of COVID-19.&#xD;
&#xD;
        NOTE: A confirmed case of infection, is defined by a clinical syndrome that is compatible&#xD;
        to that of an respiratory infection (fever, cough and/or dyspnea) and the presence of a&#xD;
        positive microbiological result.&#xD;
&#xD;
        Exclusion Criteria:&#xD;
&#xD;
          -  Absence of informed consent after giving the information regarding the study.&#xD;
      </textblock>
    </criteria>
    <gender>All</gender>
    <minimum_age>16 Years</minimum_age>
    <maximum_age>N/A</maximum_age>
    <healthy_volunteers>No</healthy_volunteers>
  </eligibility>
  <overall_official>
    <last_name>Elisa Cordero-Matía, MD-PhD</last_name>
    <role>Study Chair</role>
    <affiliation>University Hospital Virgen del Rocío</affiliation>
  </overall_official>
  <overall_contact>
    <last_name>Elisa Cordero-Matía, MD-PhD</last_name>
    <phone>+34 670949617</phone>
    <email>elisacorderom@gmail.com</email>
  </overall_contact>
  <overall_contact_backup>
    <last_name>Clara Rosso-Fernández, MD-PhD</last_name>
    <phone>+34 625881764</phone>
    <email>claram.rosso.sspa@juntadeandalucia.es</email>
  </overall_contact_backup>
  <location>
    <facility>
      <name>Hospital Universitario Virgen del Rocio</name>
      <address>
        <city>Seville</city>
        <zip>41013</zip>
        <country>Spain</country>
      </address>
    </facility>
    <status>Recruiting</status>
    <contact>
      <last_name>Elisa Cordero, MD-PhD</last_name>
      <phone>0034955012144</phone>
      <email>elisacorderom@gmail.com</email>
    </contact>
    <contact_backup>
      <last_name>Clara Rosso, MD-PhD</last_name>
      <phone>0034679949617</phone>
      <email>claram.rosso.sspa@juntadeandalucia.es</email>
    </contact_backup>
  </location>
  <location_countries>
    <country>Spain</country>
  </location_countries>
  <reference>
    <citation>Cordero E, Pérez-Romero P, Moreno A, Len O, Montejo M, Vidal E, Martín-Dávila P, Fariñas MC, Fernández-Sabé N, Giannella M, Pachón J; Novel influenza A(H1N1) Study Group of Spanish Network for Research in Infectious Diseases (REIPI). Pandemic influenza A(H1N1) virus infection in solid organ transplant recipients: impact of viral and non-viral co-infection. Clin Microbiol Infect. 2012 Jan;18(1):67-73. doi: 10.1111/j.1469-0691.2011.03537.x. Epub 2011 Jul 25.</citation>
    <PMID>21790857</PMID>
  </reference>
  <reference>
    <citation>Peghin M, Los-Arcos I, Hirsch HH, Codina G, Monforte V, Bravo C, Berastegui C, Jauregui A, Romero L, Cabral E, Ferrer R, Sacanell J, Román A, Len O, Gavaldà J. Community-acquired Respiratory Viruses Are a Risk Factor for Chronic Lung Allograft Dysfunction. Clin Infect Dis. 2019 Sep 13;69(7):1192-1197. doi: 10.1093/cid/ciy1047.</citation>
    <PMID>30561555</PMID>
  </reference>
  <reference>
    <citation>Eichenberger EM, Soave R, Zappetti D, Small CB, Shore T, van Besien K, Douglass C, Westblade LF, Satlin MJ. Incidence, significance, and persistence of human coronavirus infection in hematopoietic stem cell transplant recipients. Bone Marrow Transplant. 2019 Jul;54(7):1058-1066. doi: 10.1038/s41409-018-0386-z. Epub 2018 Nov 1.</citation>
    <PMID>30385869</PMID>
  </reference>
  <reference>
    <citation>Piñana JL, Madrid S, Pérez A, Hernández-Boluda JC, Giménez E, Terol MJ, Calabuig M, Navarro D, Solano C. Epidemiologic and Clinical Characteristics of Coronavirus and Bocavirus Respiratory Infections after Allogeneic Stem Cell Transplantation: A Prospective Single-Center Study. Biol Blood Marrow Transplant. 2018 Mar;24(3):563-570. doi: 10.1016/j.bbmt.2017.11.001. Epub 2017 Nov 15.</citation>
    <PMID>29155041</PMID>
  </reference>
  <reference>
    <citation>Garbino J, Crespo S, Aubert JD, Rochat T, Ninet B, Deffernez C, Wunderli W, Pache JC, Soccal PM, Kaiser L. A prospective hospital-based study of the clinical impact of non-severe acute respiratory syndrome (Non-SARS)-related human coronavirus infection. Clin Infect Dis. 2006 Oct 15;43(8):1009-15. Epub 2006 Sep 13.</citation>
    <PMID>16983613</PMID>
  </reference>
  <reference>
    <citation>Cordero E, Aydillo T, Fariñas MC, Paño-Pardo JR, Pachón J, Viasus D, Riera M, López-Medrano F, Payeras A, Moreno A, Rodríguez-Baño J, Oteo JA, Martínez-Montauti J, Torre-Cisneros J, Segura F, Carratalá J; Novel Influenza A(H1N1) Study Group of the SpanishNetwork for Research in Infectious Diseases (REIPI). Immunosuppressed patients with pandemic influenza A 2009 (H1N1) virus infection. Eur J Clin Microbiol Infect Dis. 2012 Apr;31(4):547-56. doi: 10.1007/s10096-011-1346-3. Epub 2011 Jul 27.</citation>
    <PMID>21792558</PMID>
  </reference>
  <reference>
    <citation>Tian S, Hu N, Lou J, Chen K, Kang X, Xiang Z, Chen H, Wang D, Liu N, Liu D, Chen G, Zhang Y, Li D, Li J, Lian H, Niu S, Zhang L, Zhang J. Characteristics of COVID-19 infection in Beijing. J Infect. 2020 Apr;80(4):401-406. doi: 10.1016/j.jinf.2020.02.018. Epub 2020 Feb 27.</citation>
    <PMID>32112886</PMID>
  </reference>
  <reference>
    <citation>Teicher E, Vincent I, Bonhomme-Faivre L, Abbara C, Barrail A, Boissonnas A, Duclos-Vallée JC, Taburet AM, Samuel D, Vittecoq D. Effect of highly active antiretroviral therapy on tacrolimus pharmacokinetics in hepatitis C virus and HIV co-infected liver transplant recipients in the ANRS HC-08 study. Clin Pharmacokinet. 2007;46(11):941-52.</citation>
    <PMID>17922559</PMID>
  </reference>
  <reference>
    <citation>Jain AB, Venkataramanan R, Eghtesad B, Marcos A, Ragni M, Shapiro R, Rafail AB, Fung JJ. Effect of coadministered lopinavir and ritonavir (Kaletra) on tacrolimus blood concentration in liver transplantation patients. Liver Transpl. 2003 Sep;9(9):954-60.</citation>
    <PMID>12942457</PMID>
  </reference>
  <reference>
    <citation>Sheikh AM, Wolf DC, Lebovics E, Goldberg R, Horowitz HW. Concomitant human immunodeficiency virus protease inhibitor therapy markedly reduces tacrolimus metabolism and increases blood levels. Transplantation. 1999 Jul 27;68(2):307-9.</citation>
    <PMID>10440408</PMID>
  </reference>
  <verification_date>July 2020</verification_date>
  <study_first_submitted>March 20, 2020</study_first_submitted>
  <study_first_submitted_qc>March 23, 2020</study_first_submitted_qc>
  <study_first_posted type="Actual">March 24, 2020</study_first_posted>
  <last_update_submitted>July 6, 2020</last_update_submitted>
  <last_update_submitted_qc>July 6, 2020</last_update_submitted_qc>
  <last_update_posted type="Actual">July 8, 2020</last_update_posted>
  <responsible_party>
    <responsible_party_type>Sponsor</responsible_party_type>
  </responsible_party>
  <keyword>Transplant Recipient</keyword>
  <keyword>COVID-19</keyword>
  <condition_browse>
    <!-- CAUTION:  The following MeSH terms are assigned with an imperfect algorithm            -->
    <mesh_term>Coronavirus Infections</mesh_term>
  </condition_browse>
  <patient_data>
    <sharing_ipd>Yes</sharing_ipd>
    <ipd_description>Planning for the study will be shared with potential sites pertaining to Spanish Network for Research in Infectious Disease (REIPI) and Group for the Study of Infection in Transplantation and the Immunocompromised Host (GESITRA-IC) for participation. IPD is not foreseen out of this groups due to the specific characteristics of patients and sites to be candidates for study participation.</ipd_description>
    <ipd_info_type>Study Protocol</ipd_info_type>
    <ipd_info_type>Informed Consent Form (ICF)</ipd_info_type>
    <ipd_time_frame>One year after the initiation of the study</ipd_time_frame>
    <ipd_access_criteria>Spanish Network for Research in Infectious Disease (REIPI) and Group for the Study of Infection in Transplantation and the Immunocompromised Host (GESITRA-IC)</ipd_access_criteria>
  </patient_data>
  <!-- Results have not yet been posted for this study                                          -->
</clinical_study>

