<?xml version="1.0" encoding="UTF-8"?>
<clinical_study rank="1050">
  <!-- This xml conforms to an XML Schema at:
    https://clinicaltrials.gov/ct2/html/images/info/public.xsd -->
  <required_header>
    <download_date>ClinicalTrials.gov processed this data on April 14, 2021</download_date>
    <link_text>Link to the current ClinicalTrials.gov record.</link_text>
    <url>https://clinicaltrials.gov/show/NCT04329611</url>
  </required_header>
  <id_info>
    <org_study_id>ABCOV-01 version 1.5</org_study_id>
    <nct_id>NCT04329611</nct_id>
  </id_info>
  <brief_title>ALBERTA HOPE COVID-19 for the Prevention of Severe COVID19 Disease</brief_title>
  <official_title>A Randomized, Double-blind, Placebo-controlled Trial to Assess the Efficacy and Safety of Oral Hydroxychloroquine for the Treatment of SARS-CoV-2 Positive Patients for the Prevention of Severe COVID-19 Disease.</official_title>
  <sponsors>
    <lead_sponsor>
      <agency>Dr. Michael Hill</agency>
      <agency_class>Other</agency_class>
    </lead_sponsor>
    <collaborator>
      <agency>Alberta Health Services</agency>
      <agency_class>Other</agency_class>
    </collaborator>
    <collaborator>
      <agency>University of Alberta</agency>
      <agency_class>Other</agency_class>
    </collaborator>
    <collaborator>
      <agency>University of Calgary</agency>
      <agency_class>Other</agency_class>
    </collaborator>
    <collaborator>
      <agency>Calgary Health Trust</agency>
      <agency_class>Other</agency_class>
    </collaborator>
    <collaborator>
      <agency>Alberta Innovates Health Solutions</agency>
      <agency_class>Other</agency_class>
    </collaborator>
    <collaborator>
      <agency>Government of Alberta</agency>
      <agency_class>Other</agency_class>
    </collaborator>
  </sponsors>
  <source>University of Calgary</source>
  <oversight_info>
    <has_dmc>Yes</has_dmc>
    <is_fda_regulated_drug>No</is_fda_regulated_drug>
    <is_fda_regulated_device>No</is_fda_regulated_device>
  </oversight_info>
  <brief_summary>
    <textblock>
      Albertans with COVID-19 are at risk of deteriorating and developing severe illness. Those&#xD;
      over age 40 or with co-morbid illness, and likely those who are immune suppressed, are at&#xD;
      highest risk. This study will include a focus on people with immune-suppressed states.&#xD;
      Individuals confirmed to have SARS-CoV-2 infection will be identified using administrative&#xD;
      data (positive lab result, age 18 or over, not hospitalized, and not living in SL4 level of&#xD;
      care). They will then be contacted by AHS staff, independent of the researchers, to obtain&#xD;
      their consent for the researchers to contact them about this trial. The AHS staff member who&#xD;
      contacts the individual will enroll consenting individuals into a study database. If they&#xD;
      provided an email address an email will automatically be sent to the individual with study&#xD;
      information. Those who decline to be contacted will also be informed of the study website so&#xD;
      they can choose to review the study information and self-enrol, although they will need to do&#xD;
      so quickly to meet study timelines. Enrolled participants will be contacted by a study&#xD;
      coordinator. Those without access to the internet will be informed about the study details&#xD;
      when they are contacted by a study coordinator. When the study coordinator contacts potential&#xD;
      participants the study will be reviewed, and the potential participant will have an&#xD;
      opportunity to ask questions. Consent for participation will be obtained by telephone.&#xD;
      Telephone consent will be recorded. Participants will then be screened for inclusion and&#xD;
      exclusion criteria by telephone interview and review of Alberta Netcare. Alberta Netcare is&#xD;
      the province of Alberta's public Electronic Health Record used to store patient information&#xD;
      so that it is easily accessible to healthcare professionals for the purpose of care.&#xD;
      Information like immunizations, ECG results, diagnostic images and reports, written medical&#xD;
      reports (e.g. surgery reports, consultations, hospital admissions), diagnostic lab testing&#xD;
      results (e.g. blood tests, urine tests, blood bank info), allergies and intolerances (drug&#xD;
      and food allergies, food intolerances), prescription history, and general patient information&#xD;
      (e.g. name, birthdate, personal health number, address, phone number). Those who are not&#xD;
      eligible for the study will be informed of the reason(s) for ineligibility (generally it will&#xD;
      be a safety exclusion and they should be aware of this). Those who are eligible will be&#xD;
      randomized to receive HCQ or placebo for a total duration of 5 days. Study drug will be&#xD;
      delivered to their residence by courier. Telephone follow-up will occur at day 7 (range 7-10&#xD;
      days) and at day 30 (range 25-35 days).&#xD;
    </textblock>
  </brief_summary>
  <detailed_description>
    <textblock>
      This double-blind placebo-controlled, randomized clinical trial will determine if&#xD;
      hydroxychloroquine for 5 days, initiated within 96 hours of confirmation of a positive&#xD;
      COVID-19 result, and within 12 days of symptom onset, reduces the occurrence of severe&#xD;
      COVID-19 disease. Severe disease is defined as the composite of hospitalization, invasive&#xD;
      mechanical ventilation and 30-day mortality. This trial will enrol consenting adults who are&#xD;
      not hospitalized, are age 18 or over, have a risk factor for severe disease, have no&#xD;
      contraindication to treatment with hydroxychloroquine, can swallow pills, and who do not have&#xD;
      a severe underlying comorbidity where treatment is not likely to be beneficial to the&#xD;
      patient.&#xD;
&#xD;
      Secondary outcomes will be the proportion of participants requiring hospitalization, invasive&#xD;
      mechanical ventilation, 30-day mortality, and disposition at 30 days, defined as recovered,&#xD;
      ongoing symptoms but not hospitalized, hospitalized, or deceased.&#xD;
&#xD;
      Randomization will be stratified by age, risk of severe disease, and Alberta Health zone of&#xD;
      primary residence. A pre-specified risk classification that includes immunosuppressed status&#xD;
      will define those at high risk of severe disease. Health care delivery across Alberta Health&#xD;
      zones will likely differ, in part due to the remote location of most patients in some zones.&#xD;
&#xD;
      Alberta has a single publicly funded health care system with processes and administrative&#xD;
      data that will allow complete capture of health system encounters and resource utilization.&#xD;
      The population is ethnically diverse. In 2016, 23.5% of Albertans belonged to a visible&#xD;
      minority group compared with 22.3% for Canada overall (1). Also, in 2018, 94.1% of Albertans&#xD;
      age 15 and older used the internet for personal use compared with 91.3% for Canada overall;&#xD;
      this excluded full-time residents of institutions (2). This will support a high degree of&#xD;
      electronic recruitment and data capture.&#xD;
&#xD;
      The current COVID-19 epidemic has also paused most ongoing research, thus providing access to&#xD;
      many experienced researchers and highly trained research staff.&#xD;
&#xD;
      Lack of any proven treatments for this severe condition makes it imperative that we use the&#xD;
      resources we have to try to improve the lives of Albertans and determine if there is evidence&#xD;
      for the use of hydroxychloroquine for confirmed COVID-19 disease, overall, and in high risk&#xD;
      participants.&#xD;
    </textblock>
  </detailed_description>
  <overall_status>Terminated</overall_status>
  <why_stopped>
    Enrolment was suspended on 22may2020, after Mehra et al (Lancet 2020) then stopped due to lack&#xD;
    of Covid19 cases.&#xD;
  </why_stopped>
  <start_date type="Actual">April 13, 2020</start_date>
  <completion_date type="Actual">July 20, 2020</completion_date>
  <primary_completion_date type="Actual">July 20, 2020</primary_completion_date>
  <phase>Phase 3</phase>
  <study_type>Interventional</study_type>
  <has_expanded_access>No</has_expanded_access>
  <study_design_info>
    <allocation>Randomized</allocation>
    <intervention_model>Single Group Assignment</intervention_model>
    <intervention_model_description>Randomization will be conducted using an online tool. The use of an online tool will allow for dynamic randomization which ensures concealment of allocation. We will use a minimal sufficient balance randomization tool to ensure balance on age, sex, risk status (binary variable based on immune competence and other identified risks), days from symptom onset to randomization and provincial health zone (5 categories). These variables will be identified at telephone screening by a study coordinator, clarified with a physician when necessary, and entered into the online randomization tool. It is predicted that many patients will want treatment. Further, immunosuppressed patients may be at the highest risk of fatal outcomes. Therefore, we will use 2:1 randomization (HCQ: placebo).</intervention_model_description>
    <primary_purpose>Treatment</primary_purpose>
    <masking>Triple (Participant, Care Provider, Investigator)</masking>
    <masking_description>A randomized, double-blind, placebo-controlled trial - trial staff and patients will all be blinded to the treatment allocation.</masking_description>
  </study_design_info>
  <primary_outcome>
    <measure>Composite of hospitalization, invasive mechanical ventilation or death within 30 days</measure>
    <time_frame>Within 30 days of randomization</time_frame>
    <description>The aim of this intervention is to prevent severe COVID-19 disease.&#xD;
This trial aims to confirm that severe COVID-19 disease can be reduced by a relative risk reduction of 50% by the use of hydroxychloroquine.The aim of this intervention is to prevent severe COVID-19 disease.&#xD;
This trial aims to confirm that severe COVID-19 disease can be reduced by a relative risk reduction of 50% by the use of hydroxychloroquine.The aim of this intervention is to prevent severe COVID-19 disease.&#xD;
This trial aims to confirm that severe COVID-19 disease can be reduced by a relative risk reduction of 50% by the use of hydroxychloroquine.</description>
  </primary_outcome>
  <secondary_outcome>
    <measure>mortality</measure>
    <time_frame>Within 30 days of randomization</time_frame>
    <description>Mortality within 30 days of randomization</description>
  </secondary_outcome>
  <secondary_outcome>
    <measure>Symptom duration</measure>
    <time_frame>Within 30 days of randomization</time_frame>
    <description>defined as the number of days from randomization to complete symptom resolution, based on public health follow-up and day 7 and day 30 telephone interview (continuous)</description>
  </secondary_outcome>
  <secondary_outcome>
    <measure>Disposition at 30 days defined as recovered, ongoing symptoms but not hospitalized, hospitalized, or deceased (categorical)</measure>
    <time_frame>Within 30 days of randomization</time_frame>
    <description>Disposition of the patient at the Day 30 telephone followup</description>
  </secondary_outcome>
  <number_of_arms>2</number_of_arms>
  <enrollment type="Actual">148</enrollment>
  <condition>COVID-19</condition>
  <arm_group>
    <arm_group_label>hydroxychloroquine</arm_group_label>
    <arm_group_type>Active Comparator</arm_group_type>
    <description>hydroxychloroquine 400 mg po bid loading dose for 1 day followed by 200 mg po twice daily for 4 days</description>
  </arm_group>
  <arm_group>
    <arm_group_label>Placebo</arm_group_label>
    <arm_group_type>Placebo Comparator</arm_group_type>
    <description>Matching Placebo</description>
  </arm_group>
  <intervention>
    <intervention_type>Drug</intervention_type>
    <intervention_name>Hydroxychloroquine</intervention_name>
    <description>COVID19</description>
    <arm_group_label>Placebo</arm_group_label>
    <arm_group_label>hydroxychloroquine</arm_group_label>
    <other_name>plaquenil</other_name>
  </intervention>
  <eligibility>
    <criteria>
      <textblock>
        Inclusion Criteria:&#xD;
&#xD;
          1. Confirmed SARS-CoV-2 infection, defined as RT-PCR provincial laboratory confirmation.&#xD;
&#xD;
          2. Self-reported symptoms of SARS-CoV-2 infection including any of the following: fever&#xD;
             ≥37.5°C, cough, dyspnea, chest tightness, malaise, sore throat, myalgias, or coryza&#xD;
&#xD;
          3. Time from a positive test result to day 1 of treatment within 4 days&#xD;
&#xD;
          4. Time from patient reported first symptoms to day 1 of treatment within 12 days&#xD;
&#xD;
          5. Adults, age 18 and over, with any risk factor for severe disease&#xD;
&#xD;
          6. Resident of Alberta or if not a resident of Alberta able to provide complete follow-up&#xD;
             data&#xD;
&#xD;
          7. Agrees to use adequate contraception for the duration of the study&#xD;
&#xD;
          8. Informed consent&#xD;
&#xD;
        Exclusion Criteria:&#xD;
&#xD;
          1. Currently or imminently planned admission to hospital&#xD;
&#xD;
          2. Any contraindication to hydroxychloroquine :&#xD;
&#xD;
               1. Known hypersensitivity to hydroxychloroquine, chloroquine, or other&#xD;
                  4-aminoquinoline derivatives, or any component of the formulation&#xD;
&#xD;
               2. Known diagnosis of G6PD deficiency or porphyria&#xD;
&#xD;
               3. Known retinal eye disease with vision impairment, in which hydroxychloroquine is&#xD;
                  a known contraindication&#xD;
&#xD;
               4. Known history of QTc prolongation or QTc of &gt; 470 msec (males) or &gt; 480 msec&#xD;
                  (females) on any ECG within the previous year, if available&#xD;
&#xD;
               5. Unexplained syncope or family history of long QT syndrome or family history of&#xD;
                  premature sudden cardiac death at &lt; 50 years of age&#xD;
&#xD;
               6. Severe diarrhea and/or vomiting or any eating disorders or any persistent&#xD;
                  vomiting condition&#xD;
&#xD;
               7. Known significant liver disease including cirrhosis associated with any history&#xD;
                  of ascites, encephalopathy, or variceal bleeding as per history or medical chart&#xD;
                  (or Child Pugh B&amp;C) or alcoholic hepatitis&#xD;
&#xD;
               8. Uncontrolled epilepsy (more than 2 seizures within the previous year or any&#xD;
                  hospitalizations for status epilepticus within the previous 2 years)&#xD;
&#xD;
               9. Current use of hydroxychloroquine (Plaquenil), chloroquine, lumefantrine,&#xD;
                  mefloquine, quinine, artemether, cyclosporine, dapsone, digoxin, and drugs that&#xD;
                  are known to prolong the QTc as per section 7.5.2.&#xD;
&#xD;
              10. Score of 7 or more on the Tisdale scale modified such that instead of (1)&#xD;
                  admission potassium, any known serum potassium within the previous 30 days will&#xD;
                  be used; if no serum potassium is available the sub-score will be 0, and (2)&#xD;
                  admission ECG, any known ECG within the previous year will be used; if no ECG is&#xD;
                  available, the sub-score will be 0; (3) Use of HCQ will be included as one risk&#xD;
                  factor and anyone concurrently using a medication from the list of drugs known to&#xD;
                  prolong the QTc will already be excluded. (The other major risk factors for&#xD;
                  prolonged QTc are sepsis, heart failure, acute myocardial infarction, none of&#xD;
                  which are likely to be encountered in the outpatient setting).&#xD;
&#xD;
          3. Participation in an ongoing interventional clinical trial within the previous 30 days&#xD;
&#xD;
          4. Use of hydroxychloroquine (Plaquenil) or chloroquine, lumefantrine, mefloquine, or&#xD;
             quinine within the previous 30 days.&#xD;
&#xD;
          5. Inability to swallow pills or any other reason that compliance with the medical&#xD;
             regimen is not likely&#xD;
&#xD;
          6. Pregnant or breastfeeding&#xD;
&#xD;
          7. Severe underlying disease where treatment is not likely to be beneficial to the&#xD;
             patient.&#xD;
      </textblock>
    </criteria>
    <gender>All</gender>
    <minimum_age>18 Years</minimum_age>
    <maximum_age>N/A</maximum_age>
    <healthy_volunteers>No</healthy_volunteers>
  </eligibility>
  <overall_official>
    <last_name>Luanne Metz, MD</last_name>
    <role>Principal Investigator</role>
    <affiliation>University of Calgary</affiliation>
  </overall_official>
  <overall_official>
    <last_name>Michael D Hill, MD</last_name>
    <role>Study Director</role>
    <affiliation>University of Calgary</affiliation>
  </overall_official>
  <location>
    <facility>
      <name>University of Calgary/Foothills Medical Centre</name>
      <address>
        <city>Calgary</city>
        <state>Alberta</state>
        <zip>T2N 2T9</zip>
        <country>Canada</country>
      </address>
    </facility>
  </location>
  <location>
    <facility>
      <name>University of Alberta</name>
      <address>
        <city>Edmonton</city>
        <state>Alberta</state>
        <country>Canada</country>
      </address>
    </facility>
  </location>
  <location_countries>
    <country>Canada</country>
  </location_countries>
  <verification_date>July 2020</verification_date>
  <study_first_submitted>March 29, 2020</study_first_submitted>
  <study_first_submitted_qc>March 31, 2020</study_first_submitted_qc>
  <study_first_posted type="Actual">April 1, 2020</study_first_posted>
  <last_update_submitted>July 29, 2020</last_update_submitted>
  <last_update_submitted_qc>July 29, 2020</last_update_submitted_qc>
  <last_update_posted type="Actual">July 31, 2020</last_update_posted>
  <responsible_party>
    <responsible_party_type>Sponsor-Investigator</responsible_party_type>
    <investigator_affiliation>University of Calgary</investigator_affiliation>
    <investigator_full_name>Dr. Michael Hill</investigator_full_name>
    <investigator_title>Co-Principal Investigator</investigator_title>
  </responsible_party>
  <keyword>SARS-Cov2</keyword>
  <keyword>viral pneumonia</keyword>
  <intervention_browse>
    <!-- CAUTION:  The following MeSH terms are assigned with an imperfect algorithm            -->
    <mesh_term>Hydroxychloroquine</mesh_term>
  </intervention_browse>
  <patient_data>
    <sharing_ipd>Yes</sharing_ipd>
    <ipd_info_type>Study Protocol</ipd_info_type>
    <ipd_info_type>Statistical Analysis Plan (SAP)</ipd_info_type>
    <ipd_info_type>Informed Consent Form (ICF)</ipd_info_type>
    <ipd_info_type>Clinical Study Report (CSR)</ipd_info_type>
    <ipd_info_type>Analytic Code</ipd_info_type>
    <ipd_time_frame>24 months after study close out.</ipd_time_frame>
    <ipd_access_criteria>pending.</ipd_access_criteria>
  </patient_data>
  <!-- Results have not yet been posted for this study                                          -->
</clinical_study>

