<?xml version="1.0" encoding="UTF-8"?>
<clinical_study rank="5642">
  <!-- This xml conforms to an XML Schema at:
    https://clinicaltrials.gov/ct2/html/images/info/public.xsd -->
  <required_header>
    <download_date>ClinicalTrials.gov processed this data on April 14, 2021</download_date>
    <link_text>Link to the current ClinicalTrials.gov record.</link_text>
    <url>https://clinicaltrials.gov/show/NCT03923504</url>
  </required_header>
  <id_info>
    <org_study_id>MCC-19-14621</org_study_id>
    <nct_id>NCT03923504</nct_id>
  </id_info>
  <brief_title>Improving Exercise Capacity With Tailored Physical Activity in Lymphoma &amp; Breast Cancer Patients Undergoing Tx</brief_title>
  <official_title>Improving Exercise Capacity With a Tailored Physical Activity Intervention in Lymphoma and Breast Cancer Patients Undergoing Treatment</official_title>
  <sponsors>
    <lead_sponsor>
      <agency>Virginia Commonwealth University</agency>
      <agency_class>Other</agency_class>
    </lead_sponsor>
  </sponsors>
  <source>Virginia Commonwealth University</source>
  <oversight_info>
    <has_dmc>Yes</has_dmc>
    <is_fda_regulated_drug>No</is_fda_regulated_drug>
    <is_fda_regulated_device>No</is_fda_regulated_device>
  </oversight_info>
  <brief_summary>
    <textblock>
      To provide critical participant enrollment data necessary to complete a larger definitive&#xD;
      clinical trial in the future.&#xD;
    </textblock>
  </brief_summary>
  <detailed_description>
    <textblock>
      This study is a 2-arm, parallel design, single-blind randomized controlled pilot study&#xD;
      designed to compare the effects of a tailored multi-level physical activity intervention&#xD;
      (PAI) vs healthy living intervention (HLI) on exercise capacity, cardiovascular and cognitive&#xD;
      function, health-related quality of life (QOL), strength and fatigue among lymphoma and&#xD;
      breast cancer patients undergoing active treatment with anthracycline based chemotherapy&#xD;
      (anthra-bC).&#xD;
    </textblock>
  </detailed_description>
  <overall_status>Recruiting</overall_status>
  <start_date type="Actual">May 10, 2019</start_date>
  <completion_date type="Anticipated">April 30, 2022</completion_date>
  <primary_completion_date type="Anticipated">April 30, 2022</primary_completion_date>
  <phase>N/A</phase>
  <study_type>Interventional</study_type>
  <has_expanded_access>No</has_expanded_access>
  <study_design_info>
    <allocation>Randomized</allocation>
    <intervention_model>Parallel Assignment</intervention_model>
    <primary_purpose>Other</primary_purpose>
    <masking>None (Open Label)</masking>
  </study_design_info>
  <primary_outcome>
    <measure>Assessment of Patient Interest in Protocol</measure>
    <time_frame>6 Months</time_frame>
    <description>Feasibility for a larger study will be determined by the number of patients that agree to participate in the trial.</description>
  </primary_outcome>
  <primary_outcome>
    <measure>Assessment of Patient Compliance</measure>
    <time_frame>6 Months</time_frame>
    <description>Data collected will determine how many patients complete all protocol activities to determine feasibility of the interventions.</description>
  </primary_outcome>
  <primary_outcome>
    <measure>Assessment of Patient Response to Interventions</measure>
    <time_frame>6 Months</time_frame>
    <description>Examination of qualitative data to evaluate positive and negative influences on adherence and to refine the intervention for a future large scale utilizing recorded interviews with each of the accrued subjects.</description>
  </primary_outcome>
  <secondary_outcome>
    <measure>Assessment of Cardiac Output</measure>
    <time_frame>6 Months</time_frame>
    <description>Assessment of the subject's peak exercise cardiac output at the initial visit, then at 3 and 6 months after starting Anthracycline-based Chemotherapy (Anth-bC) utilizing Magnetic Resonance Imaging (MRI) variables, and Cardiopulmonary Exercise Testing (CPET).</description>
  </secondary_outcome>
  <secondary_outcome>
    <measure>Assessment of Oxygen Output</measure>
    <time_frame>6 Months</time_frame>
    <description>Assessment of oxygen output will be determined by using measurements from maximal oxygen intake, and a six-minute walk test to obtain exercise capacity.</description>
  </secondary_outcome>
  <secondary_outcome>
    <measure>Assessment of Health Related Quality of Life</measure>
    <time_frame>6 Months</time_frame>
    <description>Health related quality of life will be measured using the Functional Assessment of Cancer Treatment-Lymphoma (FACT-Lym) questionnaire to assess disease-specific health related quality of life (HRQoL). The FACT-Lym scale measures HRQoL using a forty-two question assessment that measures physical well-being, social well-being, and emotional well-being. Each item on the FACT-Lym scale is scored from 0 (Not at all) to 4 (very much). All items are summed to create a total score (range 0-108) and sub-scales may be scored separately for questions related to physical well-being (range 0-28), social well-being (range 0-28), emotional well-being (range 0-24), functional well-being (range 0-28), and for lymphoma specific additional concerns (range 0-60). Negatively worded items are reverse scored prior to summing so that higher sub-scale and total scores indicate better QoL.</description>
  </secondary_outcome>
  <secondary_outcome>
    <measure>Assessment of Fatigue</measure>
    <time_frame>6 Months</time_frame>
    <description>Fatigue will be assessed by utilizing the Functional Assessment of Cancer Therapy-Fatigue scale (FACT-fatigue) assess fatigue. The FACT-fatigue scale assesses cancer related fatigue using a thirteen question scale. Each item on the FACT-Fatigue scale is scored from 0 (not at all) to 4 (very much). All items on the scale are summed to provide a total score for fatigue (range 0-52)</description>
  </secondary_outcome>
  <secondary_outcome>
    <measure>Assessment of General Health</measure>
    <time_frame>6 Months</time_frame>
    <description>The MOS 36-item Short Form Health Survey (SF-36) will also be used to to measure subject's general health. All items on the SF-36 are scored from 1 (excellent) to 5 (poor). Scores are calculated for eight health concepts: physical functioning, bodily pain, role limitations due to physical health problems, role limitations due to personal or emotional problems, emotional well-being, social functioning, energy/fatigue, and general health perceptions.&#xD;
All items are scored so that a high score defines a more favorable health state. each item is scored on a 0 to 100 range so that the lowest and highest possible scores are 0 and 100, respectively. Scores represent the percentage of total possible score achieved.</description>
  </secondary_outcome>
  <secondary_outcome>
    <measure>Assessment for Anemia</measure>
    <time_frame>6 Months</time_frame>
    <description>Blood will be obtained at each study visit to assess hemoglobin and hematocrit levels.</description>
  </secondary_outcome>
  <secondary_outcome>
    <measure>Assessment of Renal Function</measure>
    <time_frame>6 Months</time_frame>
    <description>Blood will be obtained at each study visit to assess for renal (kidney) dysfunction</description>
  </secondary_outcome>
  <number_of_arms>2</number_of_arms>
  <enrollment type="Anticipated">18</enrollment>
  <condition>Hodgkin Lymphoma</condition>
  <condition>Non-hodgkin Lymphoma</condition>
  <condition>Lymphoma</condition>
  <condition>Breast Cancer</condition>
  <arm_group>
    <arm_group_label>Physical Activity Intervention (PAI)</arm_group_label>
    <arm_group_type>Active Comparator</arm_group_type>
    <description>Tailored multi-level physical activity intervention (PAI) on exercise capacity, cardiovascular and cognitive function, health-related quality of life (QOL), strength and fatigue among lymphoma and breast cancer patients undergoing active treatment with anthracycline based chemotherapy (anthra-bC).</description>
  </arm_group>
  <arm_group>
    <arm_group_label>Healthy Living Control Group</arm_group_label>
    <arm_group_type>Active Comparator</arm_group_type>
    <description>Healthy living intervention (HLI) on exercise capacity, cardiovascular and cognitive function, health-related quality of life (QOL), strength and fatigue among lymphoma and breast cancer patients undergoing active treatment with anthracycline based chemotherapy (anthra-bC).</description>
  </arm_group>
  <intervention>
    <intervention_type>Other</intervention_type>
    <intervention_name>Physical Activity Intervention (PAI)</intervention_name>
    <description>Those who opt-in to attend in-person study visits and to undergo COVID testing will also complete an MRI exam and CPET testing. Participants unwilling to have COVID testing done will only complete an MRI exam and home-based testing. All testing will take place either within 6 weeks of initiating systemic treatments or within 8 weeks of completing radiation then at 3 &amp; 6 months. Patients may participate in 1-2 training sessions per week offered under the direct supervision of a master's level clinical exercise physiologist, as well as 1-2 sessions at home. PAI sessions consist of slow aerobic warm-up, followed by 20 minutes of strength training,15 minutes of progressive intensity aerobic exercise (AE), and then 10 minutes of stretching for cool-down. Participants will have the ability to participate in training sessions facilitated via online channels at home.</description>
    <arm_group_label>Physical Activity Intervention (PAI)</arm_group_label>
  </intervention>
  <intervention>
    <intervention_type>Other</intervention_type>
    <intervention_name>Healthy Living Control</intervention_name>
    <description>Patients randomized to the control arm will either attend online sessions via secure video conferencing (e.g. Zoom) or telephone or to come to a centralized meeting location (if safety allows) to participate in organized health workshops. Session attendance will be required 2 times/month (over the 6 months). Make up sessions will be offered for those participants who have to miss a group session. Each session lasts 60 minutes and matches the number of visits made by the PAI group as much as possible.</description>
    <arm_group_label>Healthy Living Control Group</arm_group_label>
  </intervention>
  <eligibility>
    <criteria>
      <textblock>
        Inclusion Criteria:&#xD;
&#xD;
          -  Subjects age 18-85 years old&#xD;
&#xD;
          -  Stage I-IV Hodgkin's (HL) or Non-Hodgkin's Lymphoma (NHL) or I-III Breast Cancer&#xD;
             patients who are receiving (within 6 weeks of initiation) or are scheduled to receive&#xD;
             potentially cardiotoxic systemic therapies (e.g. chemotherapy regimens&#xD;
             [anthracyclines, trastuzumab]), immuno-therapies (immune checkpoint inhibitors&#xD;
             [ICI's]), hormonal therapies (aromatase inhibitors) or radiation (within 8 weeks of&#xD;
             completion).&#xD;
&#xD;
        Exclusion Criteria:&#xD;
&#xD;
          -  Evidence of COVID19 within the last 60 days or recent (21 days) exposure to close&#xD;
             personal contact who has tested positive for COVID19.&#xD;
&#xD;
          -  Uncontrolled hypertension (systolic blood pressure &gt;190 mm Hg or diastolic blood&#xD;
             pressure &gt;100 mm Hg)&#xD;
&#xD;
          -  A recent history of alcohol or drug abuse&#xD;
&#xD;
          -  Inflammatory conditions such as lupus or inflammatory bowel disease, or another&#xD;
             medical condition that might compromise safety or successful completion&#xD;
&#xD;
          -  Other exclusions include those with contraindications to MRI; unstable angina;&#xD;
             inability to exercise on a treadmill or stationary cycle; significant ventricular&#xD;
             arrhythmias (&gt;20 PVCs/min due to gating difficulty); atrial fibrillation with&#xD;
             uncontrolled ventricular response; acute myocardial infarction within 28 days;&#xD;
             claustrophobia; pregnancy; those unable to provide informed consent (able to read and&#xD;
             write English); or moving within 12 mos. of enrollment.&#xD;
      </textblock>
    </criteria>
    <gender>All</gender>
    <minimum_age>18 Years</minimum_age>
    <maximum_age>85 Years</maximum_age>
    <healthy_volunteers>No</healthy_volunteers>
  </eligibility>
  <overall_official>
    <last_name>Alexander Lucas, Ph.D.</last_name>
    <role>Principal Investigator</role>
    <affiliation>Massey Cancer Center</affiliation>
  </overall_official>
  <overall_contact>
    <last_name>Rebecca Maggi, RN</last_name>
    <phone>(804)827-1025</phone>
    <email>MCCCardioonc@vcu.edu</email>
  </overall_contact>
  <overall_contact_backup>
    <last_name>Alexander Lucas, Ph.D.</last_name>
    <phone>(804)827-1025</phone>
    <email>MCCCardioonc@vcu.edu</email>
  </overall_contact_backup>
  <location>
    <facility>
      <name>Virginia Commonwealth University Massey Cancer Center</name>
      <address>
        <city>Richmond</city>
        <state>Virginia</state>
        <zip>23298</zip>
        <country>United States</country>
      </address>
    </facility>
    <status>Recruiting</status>
    <contact>
      <last_name>Alexander Lucas, PhD</last_name>
      <phone>804-628-6610</phone>
      <email>Alexander.Lucas@vcuhealth.org</email>
    </contact>
  </location>
  <location>
    <facility>
      <name>Virginia Commonwealth University Community Memorial Health Center</name>
      <address>
        <city>South Hill</city>
        <state>Virginia</state>
        <zip>23970</zip>
        <country>United States</country>
      </address>
    </facility>
    <status>Not yet recruiting</status>
    <contact>
      <last_name>Lucas R Alexander, PhD</last_name>
      <email>Alexander.Lucas@vcuhealth.org</email>
    </contact>
  </location>
  <location_countries>
    <country>United States</country>
  </location_countries>
  <verification_date>November 2020</verification_date>
  <study_first_submitted>April 16, 2019</study_first_submitted>
  <study_first_submitted_qc>April 18, 2019</study_first_submitted_qc>
  <study_first_posted type="Actual">April 22, 2019</study_first_posted>
  <last_update_submitted>November 20, 2020</last_update_submitted>
  <last_update_submitted_qc>November 20, 2020</last_update_submitted_qc>
  <last_update_posted type="Actual">November 23, 2020</last_update_posted>
  <responsible_party>
    <responsible_party_type>Sponsor</responsible_party_type>
  </responsible_party>
  <keyword>Physical Activity Intervention</keyword>
  <keyword>Healthy Living Intervention</keyword>
  <keyword>Health-related Quality of Life</keyword>
  <condition_browse>
    <!-- CAUTION:  The following MeSH terms are assigned with an imperfect algorithm            -->
    <mesh_term>Lymphoma</mesh_term>
    <mesh_term>Breast Neoplasms</mesh_term>
  </condition_browse>
  <patient_data>
    <sharing_ipd>No</sharing_ipd>
  </patient_data>
  <!-- Results have not yet been posted for this study                                          -->
</clinical_study>

