<skin>
    <fontdef id="stdFont" font="sans" variant="Regular" fontsize="12"
            color="000000" letterspacing="0" linespacing="-1"/>
    <fontdef id="downFont" baseid="stdFont" color="CCCCCC"/>
    <fontdef id="disabledFont" baseid="stdFont" color="444444"/>
    <textbutton
            upSrc="button_bg_up.png"
            downSrc="button_bg_down.png" 
            font="stdFont"
            downFont="downFont"
            disabledFont="disabledFont"
            endsExtent="(7,7)"/>
    <slider>
      <horizontal 
            trackSrc="slider_horiz_track.png"
            trackDisabledSrc="slider_horiz_track_disabled.png"
            trackEndsExtent="6" 
            thumbUpSrc="slider_thumb_up.png" 
            thumbDownSrc="slider_thumb_down.png"/>
      <vertical
            trackSrc="slider_vert_track.png"
            trackDisabledSrc="slider_vert_track_disabled.png"
            trackEndsExtent="6" 
            thumbUpSrc="slider_thumb_up.png" 
            thumbDownSrc="slider_thumb_down.png"/>
    </slider>
    <scrollbar>
      <horizontal 
            trackSrc="scrollbar_horiz_track.png"
            trackDisabledSrc="scrollbar_horiz_track_disabled.png"
            trackEndsExtent="2" 
            thumbUpSrc="scrollbar_horiz_thumb_up.png"
            thumbDownSrc="scrollbar_horiz_thumb_down.png"
            thumbEndsExtent="4"/>
      <vertical 
            trackSrc="scrollbar_vert_track.png"
            trackDisabledSrc="scrollbar_vert_track_disabled.png"
            trackEndsExtent="2" 
            thumbUpSrc="scrollbar_vert_thumb_up.png"
            thumbDownSrc="scrollbar_vert_thumb_down.png"
            thumbEndsExtent="4"/>
    </scrollbar>
    <progressbar>
      <horizontal 
            trackSrc="scrollbar_horiz_track.png"
            trackEndsExtent="2" 
            thumbUpSrc="scrollbar_horiz_thumb_up.png"
            thumbDisabledSrc="scrollbar_vert_thumb_down.png"
            thumbEndsExtent="4"/>
      <vertical 
            trackSrc="scrollbar_vert_track.png"
            trackEndsExtent="2" 
            thumbUpSrc="scrollbar_vert_thumb_up.png"
            thumbDisabledSrc="scrollbar_vert_thumb_down.png"
            thumbEndsExtent="4"/>
    </progressbar>
    <scrollarea
            borderSrc="scrollarea_border.png"
            borderEndsExtent="(8,8)"
            margins="(1,1,8,8)"
            friction="-1"
            sensitiveScrollBars="True"/>
    <checkbox
            uncheckedUpSrc="checkbox_unchecked_up.png"
            uncheckedDownSrc="checkbox_unchecked_down.png"
            uncheckedDisabledSrc="checkbox_unchecked_disabled.png"
            checkedUpSrc="checkbox_checked_up.png"
            checkedDownSrc="checkbox_checked_down.png"
            checkedDisabledSrc="checkbox_checked_disabled.png"
            font="stdFont"
            downFont="stdFont"
            disabledFont="disabledFont"/>
    <mediacontrol
            playUpSrc="play_button_up.png"
            playDownSrc="play_button_down.png"
            pauseUpSrc="pause_button_up.png"
            pauseDownSrc="pause_button_down.png"
            font="stdFont"
            timePos="(15,0)"
            timeLeftPos="(-42,0)"
            barPos="(55,2)"
            barRight="-45"/>
</skin>
